sku_id,week,actual_demand,outlier_type,is_outlier_true,is_outlier_if,if_score
SKU-001,2022-02-07,22,none,0,0,0.15
SKU-001,2022-02-14,18,none,0,0,0.1174
SKU-001,2022-02-21,21,none,0,0,0.1375
SKU-001,2022-02-28,15,none,0,0,0.1721
SKU-001,2022-03-07,17,none,0,0,0.1552
SKU-001,2022-03-14,15,none,0,0,0.1924
SKU-001,2022-03-21,13,none,0,0,0.1489
SKU-001,2022-03-28,14,none,0,0,0.1981
SKU-001,2022-04-04,15,none,0,0,0.2039
SKU-001,2022-04-11,14,none,0,0,0.2092
SKU-001,2022-04-18,14,none,0,0,0.207
SKU-001,2022-04-25,18,none,0,0,0.1355
SKU-001,2022-05-02,12,none,0,0,0.1361
SKU-001,2022-05-09,14,none,0,0,0.1942
SKU-001,2022-05-16,14,none,0,0,0.1899
SKU-001,2022-05-23,37,business,1,1,-0.0657
SKU-001,2022-05-30,11,none,0,0,0.1691
SKU-001,2022-06-06,10,none,0,0,0.1481
SKU-001,2022-06-13,11,none,0,0,0.1946
SKU-001,2022-06-20,11,none,0,0,0.1987
SKU-001,2022-06-27,10,none,0,0,0.1447
SKU-001,2022-07-04,11,none,0,0,0.1975
SKU-001,2022-07-11,11,none,0,0,0.2029
SKU-001,2022-07-18,12,none,0,0,0.1966
SKU-001,2022-07-25,12,none,0,0,0.2045
SKU-001,2022-08-01,12,none,0,0,0.1908
SKU-001,2022-08-08,11,none,0,0,0.185
SKU-001,2022-08-15,21,business,1,0,0.0797
SKU-001,2022-08-22,12,none,0,0,0.1995
SKU-001,2022-08-29,12,none,0,0,0.1945
SKU-001,2022-09-05,13,none,0,0,0.1757
SKU-001,2022-09-12,17,none,0,0,0.158
SKU-001,2022-09-19,15,none,0,0,0.181
SKU-001,2022-09-26,16,none,0,0,0.1791
SKU-001,2022-10-03,17,none,0,0,0.1653
SKU-001,2022-10-10,14,none,0,0,0.1858
SKU-001,2022-10-17,13,none,0,0,0.1684
SKU-001,2022-10-24,12,none,0,0,0.1161
SKU-001,2022-10-31,16,none,0,0,0.1768
SKU-001,2022-11-07,52,business,1,1,-0.1072
SKU-001,2022-11-14,23,none,0,0,0.1152
SKU-001,2022-11-21,17,none,0,0,0.1391
SKU-001,2022-11-28,24,none,0,0,0.0888
SKU-001,2022-12-05,21,none,0,0,0.1634
SKU-001,2022-12-12,22,none,0,0,0.1325
SKU-001,2022-12-19,17,none,0,0,0.09
SKU-001,2022-12-26,21,none,0,0,0.1282
SKU-001,2023-01-02,19,none,0,0,0.0743
SKU-001,2023-01-09,24,none,0,0,0.0396
SKU-001,2023-01-16,20,none,0,0,0.1141
SKU-001,2023-01-23,22,none,0,0,0.1309
SKU-001,2023-01-30,22,none,0,0,0.1465
SKU-001,2023-02-06,20,none,0,0,0.1572
SKU-001,2023-02-13,22,none,0,0,0.1414
SKU-001,2023-02-20,24,none,0,0,0.0641
SKU-001,2023-02-27,15,none,0,0,0.1721
SKU-001,2023-03-06,15,none,0,0,0.1856
SKU-001,2023-03-13,15,none,0,0,0.1924
SKU-001,2023-03-20,14,none,0,0,0.1826
SKU-001,2023-03-27,15,none,0,0,0.1947
SKU-001,2023-04-03,32,business,1,1,-0.0388
SKU-001,2023-04-10,17,none,0,0,0.1751
SKU-001,2023-04-17,14,none,0,0,0.207
SKU-001,2023-04-24,13,none,0,0,0.1687
SKU-001,2023-05-01,16,none,0,0,0.1944
SKU-001,2023-05-08,16,none,0,0,0.1918
SKU-001,2023-05-15,16,none,0,0,0.1846
SKU-001,2023-05-22,15,none,0,0,0.1686
SKU-001,2023-05-29,10,none,0,0,0.1239
SKU-001,2023-06-05,11,none,0,0,0.1938
SKU-001,2023-06-12,12,none,0,0,0.1827
SKU-001,2023-06-19,11,none,0,0,0.1987
SKU-001,2023-06-26,12,none,0,0,0.1993
SKU-001,2023-07-03,9,none,0,0,0.0861
SKU-001,2023-07-10,12,none,0,0,0.2054
SKU-001,2023-07-17,11,none,0,0,0.1927
SKU-001,2023-07-24,10,none,0,0,0.1478
SKU-001,2023-07-31,29,business,1,1,-0.017
SKU-001,2023-08-07,10,none,0,0,0.1457
SKU-001,2023-08-14,13,none,0,0,0.1861
SKU-001,2023-08-21,10,none,0,0,0.1406
SKU-001,2023-08-28,9,none,0,0,0.0792
SKU-001,2023-09-04,16,none,0,0,0.1721
SKU-001,2023-09-11,12,none,0,0,0.1669
SKU-001,2023-09-18,14,none,0,0,0.1719
SKU-001,2023-09-25,14,none,0,0,0.176
SKU-001,2023-10-02,17,none,0,0,0.1653
SKU-001,2023-10-09,15,none,0,0,0.1748
SKU-001,2023-10-16,14,none,0,0,0.1768
SKU-001,2023-10-23,14,none,0,0,0.1824
SKU-001,2023-10-30,16,none,0,0,0.1768
SKU-001,2023-11-06,23,none,0,0,0.1047
SKU-001,2023-11-13,21,none,0,0,0.1648
SKU-001,2023-11-20,21,none,0,0,0.1644
SKU-001,2023-11-27,16,none,0,0,0.1265
SKU-001,2023-12-04,19,none,0,0,0.1208
SKU-001,2023-12-11,21,none,0,0,0.1508
SKU-001,2023-12-18,24,none,0,0,0.0865
SKU-001,2023-12-25,21,none,0,0,0.1282
SKU-001,2024-01-01,21,none,0,0,0.0605
SKU-001,2024-01-08,22,none,0,0,0.0988
SKU-001,2024-01-15,19,none,0,0,0.0978
SKU-001,2024-01-22,23,none,0,0,0.0877
SKU-001,2024-01-29,21,none,0,0,0.1345
SKU-001,2024-02-05,20,none,0,0,0.1572
SKU-001,2024-02-12,20,none,0,0,0.1516
SKU-001,2024-02-19,19,none,0,0,0.139
SKU-001,2024-02-26,17,none,0,0,0.1456
SKU-001,2024-03-04,14,none,0,0,0.1588
SKU-001,2024-03-11,13,none,0,0,0.1323
SKU-001,2024-03-18,15,none,0,0,0.1916
SKU-001,2024-03-25,14,none,0,0,0.1981
SKU-001,2024-04-01,13,none,0,0,0.1661
SKU-001,2024-04-08,14,none,0,0,0.2092
SKU-001,2024-04-15,17,none,0,0,0.1797
SKU-001,2024-04-22,16,none,0,0,0.1916
SKU-001,2024-04-29,15,none,0,0,0.2026
SKU-001,2024-05-06,15,none,0,0,0.1994
SKU-001,2024-05-13,17,none,0,0,0.1712
SKU-001,2024-05-20,27,business,1,0,0.0151
SKU-001,2024-05-27,11,none,0,0,0.1691
SKU-001,2024-06-03,11,none,0,0,0.1938
SKU-001,2024-06-10,14,none,0,0,0.1602
SKU-001,2024-06-17,9,none,0,0,0.0847
SKU-001,2024-06-24,13,none,0,0,0.176
SKU-001,2024-07-01,12,none,0,0,0.2006
SKU-001,2024-07-08,11,none,0,0,0.2029
SKU-001,2024-07-15,11,none,0,0,0.1927
SKU-001,2024-07-22,13,none,0,0,0.1817
SKU-001,2024-07-29,13,none,0,0,0.1791
SKU-001,2024-08-05,11,none,0,0,0.185
SKU-001,2024-08-12,12,none,0,0,0.1947
SKU-001,2024-08-19,13,none,0,0,0.1867
SKU-001,2024-08-26,11,none,0,0,0.1686
SKU-001,2024-09-02,16,none,0,0,0.1721
SKU-001,2024-09-09,17,none,0,0,0.158
SKU-001,2024-09-16,15,none,0,0,0.181
SKU-001,2024-09-23,11,none,0,0,0.1157
SKU-001,2024-09-30,16,none,0,0,0.1742
SKU-001,2024-10-07,13,none,0,0,0.166
SKU-001,2024-10-14,13,none,0,0,0.1684
SKU-001,2024-10-21,14,none,0,0,0.1824
SKU-001,2024-10-28,16,none,0,0,0.1768
SKU-001,2024-11-04,18,none,0,0,0.1351
SKU-001,2024-11-11,21,none,0,0,0.1648
SKU-001,2024-11-18,22,none,0,0,0.138
SKU-001,2024-11-25,21,none,0,0,0.1604
SKU-001,2024-12-02,22,none,0,0,0.1416
SKU-001,2024-12-09,49,business,1,1,-0.1071
SKU-001,2024-12-16,25,none,0,0,0.0532
SKU-001,2024-12-23,19,none,0,0,0.0749
SKU-001,2024-12-30,19,none,0,0,0.0743
SKU-002,2022-02-07,18,none,0,0,0.1695
SKU-002,2022-02-14,18,none,0,0,0.1739
SKU-002,2022-02-21,19,none,0,0,0.1827
SKU-002,2022-02-28,15,none,0,0,0.1826
SKU-002,2022-03-07,17,none,0,0,0.1872
SKU-002,2022-03-14,16,none,0,0,0.2063
SKU-002,2022-03-21,16,none,0,0,0.2021
SKU-002,2022-03-28,14,none,0,0,0.1913
SKU-002,2022-04-04,15,none,0,0,0.2124
SKU-002,2022-04-11,16,none,0,0,0.2033
SKU-002,2022-04-18,120,noise,1,1,-0.1372
SKU-002,2022-04-25,15,none,0,0,0.21
SKU-002,2022-05-02,14,none,0,0,0.2053
SKU-002,2022-05-09,14,none,0,0,0.1996
SKU-002,2022-05-16,15,none,0,0,0.2059
SKU-002,2022-05-23,16,none,0,0,0.2047
SKU-002,2022-05-30,13,none,0,0,0.1999
SKU-002,2022-06-06,12,none,0,0,0.2042
SKU-002,2022-06-13,12,none,0,0,0.2084
SKU-002,2022-06-20,8,none,0,0,0.0949
SKU-002,2022-06-27,11,none,0,0,0.2128
SKU-002,2022-07-04,13,none,0,0,0.1918
SKU-002,2022-07-11,12,none,0,0,0.2042
SKU-002,2022-07-18,11,none,0,0,0.2063
SKU-002,2022-07-25,12,none,0,0,0.206
SKU-002,2022-08-01,11,none,0,0,0.2108
SKU-002,2022-08-08,9,none,0,0,0.133
SKU-002,2022-08-15,13,none,0,0,0.2042
SKU-002,2022-08-22,11,none,0,0,0.2047
SKU-002,2022-08-29,9,none,0,0,0.1125
SKU-002,2022-09-05,16,none,0,0,0.1993
SKU-002,2022-09-12,15,none,0,0,0.2056
SKU-002,2022-09-19,14,none,0,0,0.1944
SKU-002,2022-09-26,14,none,0,0,0.2008
SKU-002,2022-10-03,28,business,1,0,0.016
SKU-002,2022-10-10,16,none,0,0,0.215
SKU-002,2022-10-17,16,none,0,0,0.2073
SKU-002,2022-10-24,16,none,0,0,0.2074
SKU-002,2022-10-31,19,none,0,0,0.1698
SKU-002,2022-11-07,15,none,0,0,0.1647
SKU-002,2022-11-14,16,none,0,0,0.1719
SKU-002,2022-11-21,18,none,0,0,0.1895
SKU-002,2022-11-28,18,none,0,0,0.1808
SKU-002,2022-12-05,23,none,0,0,0.0601
SKU-002,2022-12-12,18,none,0,0,0.1524
SKU-002,2022-12-19,18,none,0,0,0.144
SKU-002,2022-12-26,19,none,0,0,0.0829
SKU-002,2023-01-02,22,none,0,0,0.0677
SKU-002,2023-01-09,19,none,0,0,0.1152
SKU-002,2023-01-16,17,none,0,0,0.1088
SKU-002,2023-01-23,19,none,0,0,0.1487
SKU-002,2023-01-30,17,none,0,0,0.1565
SKU-002,2023-02-06,22,none,0,0,0.1077
SKU-002,2023-02-13,19,none,0,0,0.1859
SKU-002,2023-02-20,20,none,0,0,0.1778
SKU-002,2023-02-27,14,none,0,0,0.1774
SKU-002,2023-03-06,14,none,0,0,0.1896
SKU-002,2023-03-13,15,none,0,0,0.1966
SKU-002,2023-03-20,15,none,0,0,0.2027
SKU-002,2023-03-27,16,none,0,0,0.2015
SKU-002,2023-04-03,14,none,0,0,0.1988
SKU-002,2023-04-10,17,none,0,0,0.185
SKU-002,2023-04-17,105,noise,1,1,-0.1162
SKU-002,2023-04-24,13,none,0,0,0.1869
SKU-002,2023-05-01,18,none,0,0,0.1446
SKU-002,2023-05-08,15,none,0,0,0.2098
SKU-002,2023-05-15,16,none,0,0,0.2048
SKU-002,2023-05-22,13,none,0,0,0.199
SKU-002,2023-05-29,12,none,0,0,0.1945
SKU-002,2023-06-05,11,none,0,0,0.1979
SKU-002,2023-06-12,12,none,0,0,0.2084
SKU-002,2023-06-19,13,none,0,0,0.1959
SKU-002,2023-06-26,11,none,0,0,0.2128
SKU-002,2023-07-03,11,none,0,0,0.2074
SKU-002,2023-07-10,10,none,0,0,0.1872
SKU-002,2023-07-17,11,none,0,0,0.2063
SKU-002,2023-07-24,11,none,0,0,0.2072
SKU-002,2023-07-31,11,none,0,0,0.2108
SKU-002,2023-08-07,12,none,0,0,0.2017
SKU-002,2023-08-14,10,none,0,0,0.1821
SKU-002,2023-08-21,10,none,0,0,0.179
SKU-002,2023-08-28,12,none,0,0,0.1834
SKU-002,2023-09-04,15,none,0,0,0.1963
SKU-002,2023-09-11,18,none,0,0,0.1699
SKU-002,2023-09-18,17,none,0,0,0.1831
SKU-002,2023-09-25,16,none,0,0,0.2078
SKU-002,2023-10-02,14,none,0,0,0.1926
SKU-002,2023-10-09,16,none,0,0,0.215
SKU-002,2023-10-16,15,none,0,0,0.208
SKU-002,2023-10-23,14,none,0,0,0.1762
SKU-002,2023-10-30,16,none,0,0,0.1893
SKU-002,2023-11-06,20,none,0,0,0.1542
SKU-002,2023-11-13,21,none,0,0,0.143
SKU-002,2023-11-20,18,none,0,0,0.1895
SKU-002,2023-11-27,21,none,0,0,0.1468
SKU-002,2023-12-04,18,none,0,0,0.1759
SKU-002,2023-12-11,21,none,0,0,0.1326
SKU-002,2023-12-18,36,business,1,1,-0.0815
SKU-002,2023-12-25,17,none,0,0,0.0951
SKU-002,2024-01-01,23,none,0,0,0.042
SKU-002,2024-01-08,20,none,0,0,0.1187
SKU-002,2024-01-15,21,none,0,0,0.1005
SKU-002,2024-01-22,19,none,0,0,0.1487
SKU-002,2024-01-29,25,none,0,0,0.0404
SKU-002,2024-02-05,17,none,0,0,0.1689
SKU-002,2024-02-12,20,none,0,0,0.1697
SKU-002,2024-02-19,20,none,0,0,0.1778
SKU-002,2024-02-26,12,none,0,0,0.123
SKU-002,2024-03-04,32,business,1,1,-0.018
SKU-002,2024-03-11,16,none,0,0,0.2063
SKU-002,2024-03-18,13,none,0,0,0.1633
SKU-002,2024-03-25,15,none,0,0,0.2049
SKU-002,2024-04-01,17,none,0,0,0.1864
SKU-002,2024-04-08,10,none,0,0,0.1154
SKU-002,2024-04-15,15,none,0,0,0.2011
SKU-002,2024-04-22,14,none,0,0,0.2068
SKU-002,2024-04-29,15,none,0,0,0.2087
SKU-002,2024-05-06,15,none,0,0,0.2098
SKU-002,2024-05-13,16,none,0,0,0.2048
SKU-002,2024-05-20,16,none,0,0,0.2047
SKU-002,2024-05-27,77,noise,1,1,-0.1101
SKU-002,2024-06-03,11,none,0,0,0.1979
SKU-002,2024-06-10,10,none,0,0,0.1804
SKU-002,2024-06-17,10,none,0,0,0.1943
SKU-002,2024-06-24,10,none,0,0,0.1967
SKU-002,2024-07-01,11,none,0,0,0.2074
SKU-002,2024-07-08,22,business,1,0,0.0842
SKU-002,2024-07-15,12,none,0,0,0.201
SKU-002,2024-07-22,10,none,0,0,0.1888
SKU-002,2024-07-29,10,none,0,0,0.1888
SKU-002,2024-08-05,11,none,0,0,0.2054
SKU-002,2024-08-12,13,none,0,0,0.2042
SKU-002,2024-08-19,11,none,0,0,0.2047
SKU-002,2024-08-26,11,none,0,0,0.1818
SKU-002,2024-09-02,16,none,0,0,0.1993
SKU-002,2024-09-09,13,none,0,0,0.1787
SKU-002,2024-09-16,15,none,0,0,0.2091
SKU-002,2024-09-23,13,none,0,0,0.177
SKU-002,2024-09-30,17,none,0,0,0.1899
SKU-002,2024-10-07,15,none,0,0,0.208
SKU-002,2024-10-14,15,none,0,0,0.208
SKU-002,2024-10-21,15,none,0,0,0.203
SKU-002,2024-10-28,18,none,0,0,0.1853
SKU-002,2024-11-04,22,none,0,0,0.1131
SKU-002,2024-11-11,16,none,0,0,0.1719
SKU-002,2024-11-18,18,none,0,0,0.1895
SKU-002,2024-11-25,20,none,0,0,0.1463
SKU-002,2024-12-02,19,none,0,0,0.1531
SKU-002,2024-12-09,21,none,0,0,0.1326
SKU-002,2024-12-16,18,none,0,0,0.144
SKU-002,2024-12-23,17,none,0,0,0.0951
SKU-002,2024-12-30,20,none,0,0,0.0872
SKU-003,2022-02-07,14,none,0,0,0.1192
SKU-003,2022-02-14,16,none,0,0,0.1376
SKU-003,2022-02-21,16,none,0,0,0.1637
SKU-003,2022-02-28,16,none,0,0,0.1713
SKU-003,2022-03-07,17,none,0,0,0.151
SKU-003,2022-03-14,15,none,0,0,0.1584
SKU-003,2022-03-21,17,none,0,0,0.1522
SKU-003,2022-03-28,19,none,0,1,-0.0103
SKU-003,2022-04-04,12,none,0,0,0.0688
SKU-003,2022-04-11,13,none,0,0,0.1548
SKU-003,2022-04-18,12,none,0,0,0.098
SKU-003,2022-04-25,16,none,0,0,0.1722
SKU-003,2022-05-02,18,none,0,0,0.0669
SKU-003,2022-05-09,16,none,0,0,0.1857
SKU-003,2022-05-16,16,none,0,0,0.1867
SKU-003,2022-05-23,12,none,0,0,0.0868
SKU-003,2022-05-30,15,none,0,0,0.186
SKU-003,2022-06-06,16,none,0,0,0.1789
SKU-003,2022-06-13,16,none,0,0,0.1818
SKU-003,2022-06-20,17,none,0,0,0.1714
SKU-003,2022-06-27,16,none,0,0,0.1855
SKU-003,2022-07-04,15,none,0,0,0.1785
SKU-003,2022-07-11,16,none,0,0,0.1882
SKU-003,2022-07-18,15,none,0,0,0.1785
SKU-003,2022-07-25,15,none,0,0,0.1825
SKU-003,2022-08-01,15,none,0,0,0.1818
SKU-003,2022-08-08,15,none,0,0,0.187
SKU-003,2022-08-15,18,none,0,0,0.1146
SKU-003,2022-08-22,17,none,0,0,0.1651
SKU-003,2022-08-29,16,none,0,0,0.1782
SKU-003,2022-09-05,135,noise,1,1,-0.2469
SKU-003,2022-09-12,15,none,0,0,0.1807
SKU-003,2022-09-19,17,none,0,0,0.1497
SKU-003,2022-09-26,14,none,0,0,0.1831
SKU-003,2022-10-03,14,none,0,0,0.1839
SKU-003,2022-10-10,14,none,0,0,0.1858
SKU-003,2022-10-17,13,none,0,0,0.1557
SKU-003,2022-10-24,15,none,0,0,0.1731
SKU-003,2022-10-31,16,none,0,0,0.1648
SKU-003,2022-11-07,12,none,0,0,0.0778
SKU-003,2022-11-14,14,none,0,0,0.1691
SKU-003,2022-11-21,15,none,0,0,0.1629
SKU-003,2022-11-28,15,none,0,0,0.1486
SKU-003,2022-12-05,17,none,0,0,0.1149
SKU-003,2022-12-12,16,none,0,0,0.1262
SKU-003,2022-12-19,14,none,0,0,0.0861
SKU-003,2022-12-26,16,none,0,0,0.0968
SKU-003,2023-01-02,17,none,0,0,0.0647
SKU-003,2023-01-09,17,none,0,0,0.0586
SKU-003,2023-01-16,15,none,0,0,0.0935
SKU-003,2023-01-23,14,none,0,0,0.0819
SKU-003,2023-01-30,16,none,0,0,0.1125
SKU-003,2023-02-06,13,none,0,0,0.0771
SKU-003,2023-02-13,17,none,0,0,0.1163
SKU-003,2023-02-20,14,none,0,0,0.1186
SKU-003,2023-02-27,16,none,0,0,0.1713
SKU-003,2023-03-06,16,none,0,0,0.1735
SKU-003,2023-03-13,17,none,0,0,0.1547
SKU-003,2023-03-20,18,none,0,0,0.0599
SKU-003,2023-03-27,16,none,0,0,0.1695
SKU-003,2023-04-03,13,none,0,0,0.1417
SKU-003,2023-04-10,13,none,0,0,0.1548
SKU-003,2023-04-17,14,none,0,0,0.158
SKU-003,2023-04-24,12,none,0,0,0.1066
SKU-003,2023-05-01,12,none,0,0,0.1003
SKU-003,2023-05-08,17,none,0,0,0.1526
SKU-003,2023-05-15,15,none,0,0,0.191
SKU-003,2023-05-22,13,none,0,0,0.1281
SKU-003,2023-05-29,16,none,0,0,0.1807
SKU-003,2023-06-05,14,none,0,0,0.1663
SKU-003,2023-06-12,15,none,0,0,0.187
SKU-003,2023-06-19,17,none,0,0,0.1714
SKU-003,2023-06-26,15,none,0,0,0.1844
SKU-003,2023-07-03,14,none,0,0,0.1459
SKU-003,2023-07-10,16,none,0,0,0.1882
SKU-003,2023-07-17,17,none,0,0,0.172
SKU-003,2023-07-24,14,none,0,0,0.1407
SKU-003,2023-07-31,15,none,0,0,0.1818
SKU-003,2023-08-07,15,none,0,0,0.187
SKU-003,2023-08-14,13,none,0,0,0.1098
SKU-003,2023-08-21,16,none,0,0,0.1833
SKU-003,2023-08-28,14,none,0,0,0.1758
SKU-003,2023-09-04,30,business,1,1,-0.0507
SKU-003,2023-09-11,14,none,0,0,0.1772
SKU-003,2023-09-18,15,none,0,0,0.1782
SKU-003,2023-09-25,14,none,0,0,0.1831
SKU-003,2023-10-02,16,none,0,0,0.1602
SKU-003,2023-10-09,13,none,0,0,0.1607
SKU-003,2023-10-16,15,none,0,0,0.1743
SKU-003,2023-10-23,19,none,0,0,0.0612
SKU-003,2023-10-30,14,none,0,0,0.1743
SKU-003,2023-11-06,19,none,0,0,0.0529
SKU-003,2023-11-13,14,none,0,0,0.1691
SKU-003,2023-11-20,13,none,0,0,0.0955
SKU-003,2023-11-27,14,none,0,0,0.1432
SKU-003,2023-12-04,17,none,0,0,0.1149
SKU-003,2023-12-11,15,none,0,0,0.1151
SKU-003,2023-12-18,14,none,0,0,0.0861
SKU-003,2023-12-25,15,none,0,0,0.0693
SKU-003,2024-01-01,17,none,0,0,0.0647
SKU-003,2024-01-08,13,none,0,0,0.0397
SKU-003,2024-01-15,16,none,0,0,0.0825
SKU-003,2024-01-22,15,none,0,0,0.1078
SKU-003,2024-01-29,14,none,0,0,0.1068
SKU-003,2024-02-05,15,none,0,0,0.1282
SKU-003,2024-02-12,17,none,0,0,0.1163
SKU-003,2024-02-19,16,none,0,0,0.1637
SKU-003,2024-02-26,13,none,0,0,0.0956
SKU-003,2024-03-04,17,none,0,0,0.151
SKU-003,2024-03-11,16,none,0,0,0.1772
SKU-003,2024-03-18,16,none,0,0,0.1712
SKU-003,2024-03-25,14,none,0,0,0.1402
SKU-003,2024-04-01,15,none,0,0,0.1656
SKU-003,2024-04-08,17,none,0,0,0.1419
SKU-003,2024-04-15,13,none,0,0,0.1503
SKU-003,2024-04-22,13,none,0,0,0.1467
SKU-003,2024-04-29,15,none,0,0,0.1795
SKU-003,2024-05-06,16,none,0,0,0.1857
SKU-003,2024-05-13,14,none,0,0,0.1659
SKU-003,2024-05-20,15,none,0,0,0.1869
SKU-003,2024-05-27,14,none,0,0,0.1676
SKU-003,2024-06-03,11,none,0,1,-0.0074
SKU-003,2024-06-10,14,none,0,0,0.1666
SKU-003,2024-06-17,15,none,0,0,0.1858
SKU-003,2024-06-24,17,none,0,0,0.1711
SKU-003,2024-07-01,17,none,0,0,0.1643
SKU-003,2024-07-08,17,none,0,0,0.1727
SKU-003,2024-07-15,17,none,0,0,0.172
SKU-003,2024-07-22,16,none,0,0,0.1812
SKU-003,2024-07-29,18,none,0,0,0.0924
SKU-003,2024-08-05,16,none,0,0,0.1774
SKU-003,2024-08-12,16,none,0,0,0.1793
SKU-003,2024-08-19,19,none,0,0,0.069
SKU-003,2024-08-26,14,none,0,0,0.1758
SKU-003,2024-09-02,31,business,1,1,-0.0645
SKU-003,2024-09-09,16,none,0,0,0.1759
SKU-003,2024-09-16,12,none,0,0,0.0963
SKU-003,2024-09-23,13,none,0,0,0.1473
SKU-003,2024-09-30,14,none,0,0,0.1839
SKU-003,2024-10-07,11,none,0,0,0.0498
SKU-003,2024-10-14,13,none,0,0,0.1557
SKU-003,2024-10-21,14,none,0,0,0.1725
SKU-003,2024-10-28,17,none,0,0,0.1354
SKU-003,2024-11-04,15,none,0,0,0.1661
SKU-003,2024-11-11,15,none,0,0,0.164
SKU-003,2024-11-18,15,none,0,0,0.1629
SKU-003,2024-11-25,14,none,0,0,0.1432
SKU-003,2024-12-02,16,none,0,0,0.137
SKU-003,2024-12-09,18,none,0,0,0.0237
SKU-003,2024-12-16,16,none,0,0,0.1086
SKU-003,2024-12-23,16,none,0,0,0.0968
SKU-003,2024-12-30,13,none,0,0,0.0065
SKU-004,2022-02-07,17,none,0,0,0.1164
SKU-004,2022-02-14,18,none,0,0,0.1186
SKU-004,2022-02-21,19,none,0,0,0.122
SKU-004,2022-02-28,16,none,0,0,0.1165
SKU-004,2022-03-07,17,none,0,0,0.1386
SKU-004,2022-03-14,17,none,0,0,0.158
SKU-004,2022-03-21,15,none,0,0,0.1539
SKU-004,2022-03-28,15,none,0,0,0.1576
SKU-004,2022-04-04,16,none,0,0,0.1819
SKU-004,2022-04-11,15,none,0,0,0.1746
SKU-004,2022-04-18,15,none,0,0,0.1854
SKU-004,2022-04-25,12,none,0,0,0.1036
SKU-004,2022-05-02,14,none,0,0,0.1748
SKU-004,2022-05-09,14,none,0,0,0.1761
SKU-004,2022-05-16,18,none,0,0,0.1027
SKU-004,2022-05-23,17,none,0,0,0.1365
SKU-004,2022-05-30,11,none,0,0,0.1345
SKU-004,2022-06-06,10,none,0,0,0.0933
SKU-004,2022-06-13,9,none,0,0,0.0084
SKU-004,2022-06-20,11,none,0,0,0.1533
SKU-004,2022-06-27,11,none,0,0,0.1615
SKU-004,2022-07-04,13,none,0,0,0.1349
SKU-004,2022-07-11,10,none,0,0,0.1117
SKU-004,2022-07-18,11,none,0,0,0.167
SKU-004,2022-07-25,11,none,0,0,0.1727
SKU-004,2022-08-01,10,none,0,0,0.1016
SKU-004,2022-08-08,13,none,0,0,0.1563
SKU-004,2022-08-15,13,none,0,0,0.1361
SKU-004,2022-08-22,11,none,0,0,0.1553
SKU-004,2022-08-29,10,none,0,0,0.0979
SKU-004,2022-09-05,18,none,0,0,0.0863
SKU-004,2022-09-12,16,none,0,0,0.1524
SKU-004,2022-09-19,15,none,0,0,0.1792
SKU-004,2022-09-26,15,none,0,0,0.1762
SKU-004,2022-10-03,17,none,0,0,0.1322
SKU-004,2022-10-10,34,business,1,1,-0.1397
SKU-004,2022-10-17,17,none,0,0,0.1617
SKU-004,2022-10-24,13,none,0,0,0.0769
SKU-004,2022-10-31,14,none,0,0,0.1207
SKU-004,2022-11-07,20,none,0,0,0.1055
SKU-004,2022-11-14,19,none,0,0,0.1482
SKU-004,2022-11-21,20,none,0,0,0.1156
SKU-004,2022-11-28,19,none,0,0,0.1221
SKU-004,2022-12-05,20,none,0,0,0.1024
SKU-004,2022-12-12,23,none,0,0,0.1012
SKU-004,2022-12-19,21,none,0,0,0.0819
SKU-004,2022-12-26,18,none,0,0,0.0257
SKU-004,2023-01-02,21,none,0,0,0.0061
SKU-004,2023-01-09,22,none,0,0,0.0001
SKU-004,2023-01-16,19,none,0,0,0.0783
SKU-004,2023-01-23,19,none,0,0,0.0876
SKU-004,2023-01-30,21,none,0,0,0.0397
SKU-004,2023-02-06,18,none,0,0,0.1132
SKU-004,2023-02-13,20,none,0,0,0.0987
SKU-004,2023-02-20,19,none,0,0,0.122
SKU-004,2023-02-27,13,none,0,0,0.0964
SKU-004,2023-03-06,12,none,0,0,0.0864
SKU-004,2023-03-13,13,none,0,0,0.117
SKU-004,2023-03-20,17,none,0,0,0.1577
SKU-004,2023-03-27,16,none,0,0,0.1757
SKU-004,2023-04-03,13,none,0,0,0.1217
SKU-004,2023-04-10,14,none,0,0,0.1599
SKU-004,2023-04-17,17,none,0,0,0.1545
SKU-004,2023-04-24,14,none,0,0,0.1724
SKU-004,2023-05-01,15,none,0,0,0.1772
SKU-004,2023-05-08,16,none,0,0,0.1755
SKU-004,2023-05-15,15,none,0,0,0.1748
SKU-004,2023-05-22,16,none,0,0,0.174
SKU-004,2023-05-29,11,none,0,0,0.1345
SKU-004,2023-06-05,11,none,0,0,0.1396
SKU-004,2023-06-12,11,none,0,0,0.151
SKU-004,2023-06-19,14,none,0,0,0.1445
SKU-004,2023-06-26,11,none,0,0,0.1615
SKU-004,2023-07-03,12,none,0,0,0.1322
SKU-004,2023-07-10,11,none,0,0,0.1564
SKU-004,2023-07-17,11,none,0,0,0.167
SKU-004,2023-07-24,11,none,0,0,0.1727
SKU-004,2023-07-31,12,none,0,0,0.1351
SKU-004,2023-08-07,11,none,0,0,0.1569
SKU-004,2023-08-14,10,none,0,0,0.1101
SKU-004,2023-08-21,12,none,0,0,0.1223
SKU-004,2023-08-28,10,none,0,0,0.0979
SKU-004,2023-09-04,15,none,0,0,0.1607
SKU-004,2023-09-11,15,none,0,0,0.1662
SKU-004,2023-09-18,14,none,0,0,0.1411
SKU-004,2023-09-25,14,none,0,0,0.1468
SKU-004,2023-10-02,15,none,0,0,0.1716
SKU-004,2023-10-09,15,none,0,0,0.1739
SKU-004,2023-10-16,19,none,0,0,0.1101
SKU-004,2023-10-23,16,none,0,0,0.1488
SKU-004,2023-10-30,14,none,0,0,0.1207
SKU-004,2023-11-06,19,none,0,0,0.1422
SKU-004,2023-11-13,22,none,0,0,0.081
SKU-004,2023-11-20,18,none,0,0,0.1326
SKU-004,2023-11-27,18,none,0,0,0.1173
SKU-004,2023-12-04,26,none,0,1,-0.0064
SKU-004,2023-12-11,22,none,0,0,0.1045
SKU-004,2023-12-18,25,none,0,0,0.0177
SKU-004,2023-12-25,21,none,0,0,0.0634
SKU-004,2024-01-01,20,none,0,0,0.0466
SKU-004,2024-01-08,19,none,0,0,0.0472
SKU-004,2024-01-15,24,none,0,1,-0.0273
SKU-004,2024-01-22,23,none,0,0,0.0259
SKU-004,2024-01-29,17,none,0,0,0.0899
SKU-004,2024-02-05,23,none,0,0,0.0328
SKU-004,2024-02-12,20,none,0,0,0.0987
SKU-004,2024-02-19,23,none,0,0,0.0092
SKU-004,2024-02-26,13,none,0,0,0.0964
SKU-004,2024-03-04,12,none,0,0,0.0864
SKU-004,2024-03-11,16,none,0,0,0.1594
SKU-004,2024-03-18,14,none,0,0,0.1374
SKU-004,2024-03-25,17,none,0,0,0.1566
SKU-004,2024-04-01,16,none,0,0,0.1819
SKU-004,2024-04-08,18,none,0,0,0.1158
SKU-004,2024-04-15,15,none,0,0,0.1854
SKU-004,2024-04-22,15,none,0,0,0.1806
SKU-004,2024-04-29,14,none,0,0,0.1748
SKU-004,2024-05-06,14,none,0,0,0.1761
SKU-004,2024-05-13,16,none,0,0,0.1772
SKU-004,2024-05-20,16,none,0,0,0.174
SKU-004,2024-05-27,12,none,0,0,0.1316
SKU-004,2024-06-03,10,none,0,0,0.0933
SKU-004,2024-06-10,13,none,0,0,0.1412
SKU-004,2024-06-17,14,none,0,0,0.1445
SKU-004,2024-06-24,27,business,1,1,-0.0941
SKU-004,2024-07-01,11,none,0,0,0.1489
SKU-004,2024-07-08,10,none,0,0,0.1117
SKU-004,2024-07-15,13,none,0,0,0.1329
SKU-004,2024-07-22,11,none,0,0,0.1727
SKU-004,2024-07-29,11,none,0,0,0.1649
SKU-004,2024-08-05,13,none,0,0,0.1563
SKU-004,2024-08-12,9,none,0,1,-0.0001
SKU-004,2024-08-19,11,none,0,0,0.1553
SKU-004,2024-08-26,11,none,0,0,0.116
SKU-004,2024-09-02,15,none,0,0,0.1607
SKU-004,2024-09-09,16,none,0,0,0.1524
SKU-004,2024-09-16,15,none,0,0,0.1792
SKU-004,2024-09-23,16,none,0,0,0.1527
SKU-004,2024-09-30,15,none,0,0,0.1716
SKU-004,2024-10-07,15,none,0,0,0.1739
SKU-004,2024-10-14,17,none,0,0,0.1617
SKU-004,2024-10-21,17,none,0,0,0.1543
SKU-004,2024-10-28,15,none,0,0,0.1345
SKU-004,2024-11-04,18,none,0,0,0.1354
SKU-004,2024-11-11,19,none,0,0,0.1482
SKU-004,2024-11-18,17,none,0,0,0.1184
SKU-004,2024-11-25,22,none,0,0,0.1038
SKU-004,2024-12-02,21,none,0,0,0.1023
SKU-004,2024-12-09,23,none,0,0,0.1012
SKU-004,2024-12-16,23,none,0,0,0.0753
SKU-004,2024-12-23,22,none,0,0,0.0607
SKU-004,2024-12-30,20,none,0,0,0.0466
SKU-005,2022-02-07,16,none,0,0,0.2019
SKU-005,2022-02-14,126,noise,1,1,-0.1507
SKU-005,2022-02-21,14,none,0,0,0.194
SKU-005,2022-02-28,16,none,0,0,0.214
SKU-005,2022-03-07,19,none,0,0,0.1029
SKU-005,2022-03-14,16,none,0,0,0.223
SKU-005,2022-03-21,13,none,0,0,0.1846
SKU-005,2022-03-28,16,none,0,0,0.2279
SKU-005,2022-04-04,16,none,0,0,0.2314
SKU-005,2022-04-11,16,none,0,0,0.2285
SKU-005,2022-04-18,16,none,0,0,0.228
SKU-005,2022-04-25,15,none,0,0,0.2385
SKU-005,2022-05-02,17,none,0,0,0.1877
SKU-005,2022-05-09,16,none,0,0,0.2243
SKU-005,2022-05-16,14,none,0,0,0.2254
SKU-005,2022-05-23,15,none,0,0,0.2353
SKU-005,2022-05-30,15,none,0,0,0.238
SKU-005,2022-06-06,17,none,0,0,0.188
SKU-005,2022-06-13,17,none,0,0,0.1912
SKU-005,2022-06-20,16,none,0,0,0.2337
SKU-005,2022-06-27,14,none,0,0,0.2313
SKU-005,2022-07-04,15,none,0,0,0.2389
SKU-005,2022-07-11,14,none,0,0,0.2317
SKU-005,2022-07-18,18,none,0,0,0.1247
SKU-005,2022-07-25,14,none,0,0,0.2155
SKU-005,2022-08-01,15,none,0,0,0.2403
SKU-005,2022-08-08,15,none,0,0,0.2384
SKU-005,2022-08-15,13,none,0,0,0.1877
SKU-005,2022-08-22,15,none,0,0,0.2377
SKU-005,2022-08-29,15,none,0,0,0.2369
SKU-005,2022-09-05,16,none,0,0,0.1965
SKU-005,2022-09-12,17,none,0,0,0.1598
SKU-005,2022-09-19,15,none,0,0,0.2314
SKU-005,2022-09-26,14,none,0,0,0.2277
SKU-005,2022-10-03,16,none,0,0,0.2031
SKU-005,2022-10-10,14,none,0,0,0.2166
SKU-005,2022-10-17,12,none,0,0,0.0818
SKU-005,2022-10-24,15,none,0,0,0.2195
SKU-005,2022-10-31,17,none,0,0,0.1611
SKU-005,2022-11-07,14,none,0,0,0.1974
SKU-005,2022-11-14,15,none,0,0,0.1801
SKU-005,2022-11-21,17,none,0,0,0.1502
SKU-005,2022-11-28,14,none,0,0,0.1891
SKU-005,2022-12-05,17,none,0,0,0.1511
SKU-005,2022-12-12,17,none,0,0,0.111
SKU-005,2022-12-19,13,none,0,0,0.105
SKU-005,2022-12-26,13,none,0,0,0.0799
SKU-005,2023-01-02,16,none,0,0,0.1192
SKU-005,2023-01-09,15,none,0,0,0.1408
SKU-005,2023-01-16,14,none,0,0,0.1474
SKU-005,2023-01-23,13,none,0,0,0.1427
SKU-005,2023-01-30,16,none,0,0,0.1911
SKU-005,2023-02-06,13,none,0,0,0.1674
SKU-005,2023-02-13,16,none,0,0,0.2089
SKU-005,2023-02-20,11,none,0,0,0.0791
SKU-005,2023-02-27,15,none,0,0,0.2173
SKU-005,2023-03-06,15,none,0,0,0.2258
SKU-005,2023-03-13,13,none,0,0,0.1846
SKU-005,2023-03-20,15,none,0,0,0.2237
SKU-005,2023-03-27,15,none,0,0,0.2304
SKU-005,2023-04-03,16,none,0,0,0.2314
SKU-005,2023-04-10,17,none,0,0,0.1874
SKU-005,2023-04-17,30,business,1,0,0.0273
SKU-005,2023-04-24,16,none,0,0,0.229
SKU-005,2023-05-01,14,none,0,0,0.2184
SKU-005,2023-05-08,14,none,0,0,0.2227
SKU-005,2023-05-15,13,none,0,0,0.1893
SKU-005,2023-05-22,16,none,0,0,0.2256
SKU-005,2023-05-29,13,none,0,0,0.197
SKU-005,2023-06-05,13,none,0,0,0.2088
SKU-005,2023-06-12,13,none,0,0,0.2026
SKU-005,2023-06-19,15,none,0,0,0.2436
SKU-005,2023-06-26,36,business,1,1,-0.0315
SKU-005,2023-07-03,16,none,0,0,0.2326
SKU-005,2023-07-10,14,none,0,0,0.2317
SKU-005,2023-07-17,13,none,0,0,0.1965
SKU-005,2023-07-24,16,none,0,0,0.2142
SKU-005,2023-07-31,15,none,0,0,0.2403
SKU-005,2023-08-07,13,none,0,0,0.1892
SKU-005,2023-08-14,15,none,0,0,0.23
SKU-005,2023-08-21,13,none,0,0,0.198
SKU-005,2023-08-28,15,none,0,0,0.2369
SKU-005,2023-09-04,15,none,0,0,0.229
SKU-005,2023-09-11,13,none,0,0,0.1999
SKU-005,2023-09-18,15,none,0,0,0.2314
SKU-005,2023-09-25,14,none,0,0,0.2277
SKU-005,2023-10-02,16,none,0,0,0.2031
SKU-005,2023-10-09,13,none,0,0,0.1797
SKU-005,2023-10-16,16,none,0,0,0.2019
SKU-005,2023-10-23,15,none,0,0,0.2195
SKU-005,2023-10-30,15,none,0,0,0.208
SKU-005,2023-11-06,20,none,0,0,0.012
SKU-005,2023-11-13,13,none,0,0,0.1628
SKU-005,2023-11-20,14,none,0,0,0.1944
SKU-005,2023-11-27,14,none,0,0,0.1891
SKU-005,2023-12-04,13,none,0,0,0.1272
SKU-005,2023-12-11,14,none,0,0,0.1598
SKU-005,2023-12-18,14,none,0,0,0.1361
SKU-005,2023-12-25,14,none,0,0,0.1139
SKU-005,2024-01-01,16,none,0,0,0.1192
SKU-005,2024-01-08,30,business,1,1,-0.0135
SKU-005,2024-01-15,15,none,0,0,0.1629
SKU-005,2024-01-22,12,none,0,0,0.0928
SKU-005,2024-01-29,16,none,0,0,0.1911
SKU-005,2024-02-05,14,none,0,0,0.1835
SKU-005,2024-02-12,17,none,0,0,0.1746
SKU-005,2024-02-19,30,business,1,0,0.0479
SKU-005,2024-02-26,91,noise,1,1,-0.0901
SKU-005,2024-03-04,15,none,0,0,0.2258
SKU-005,2024-03-11,15,none,0,0,0.2279
SKU-005,2024-03-18,16,none,0,0,0.2178
SKU-005,2024-03-25,13,none,0,0,0.1907
SKU-005,2024-04-01,13,none,0,0,0.1943
SKU-005,2024-04-08,14,none,0,0,0.2059
SKU-005,2024-04-15,15,none,0,0,0.2352
SKU-005,2024-04-22,13,none,0,0,0.1893
SKU-005,2024-04-29,15,none,0,0,0.238
SKU-005,2024-05-06,15,none,0,0,0.2385
SKU-005,2024-05-13,15,none,0,0,0.2416
SKU-005,2024-05-20,16,none,0,0,0.2256
SKU-005,2024-05-27,15,none,0,0,0.238
SKU-005,2024-06-03,14,none,0,0,0.2284
SKU-005,2024-06-10,14,none,0,0,0.2303
SKU-005,2024-06-17,70,noise,1,1,-0.0937
SKU-005,2024-06-24,15,none,0,0,0.2454
SKU-005,2024-07-01,16,none,0,0,0.2326
SKU-005,2024-07-08,14,none,0,0,0.2317
SKU-005,2024-07-15,15,none,0,0,0.2347
SKU-005,2024-07-22,17,none,0,0,0.1791
SKU-005,2024-07-29,15,none,0,0,0.2403
SKU-005,2024-08-05,15,none,0,0,0.2384
SKU-005,2024-08-12,15,none,0,0,0.23
SKU-005,2024-08-19,15,none,0,0,0.2377
SKU-005,2024-08-26,13,none,0,0,0.198
SKU-005,2024-09-02,13,none,0,0,0.1954
SKU-005,2024-09-09,13,none,0,0,0.1999
SKU-005,2024-09-16,14,none,0,0,0.2232
SKU-005,2024-09-23,14,none,0,0,0.2277
SKU-005,2024-09-30,14,none,0,0,0.2181
SKU-005,2024-10-07,15,none,0,0,0.217
SKU-005,2024-10-14,16,none,0,0,0.2019
SKU-005,2024-10-21,15,none,0,0,0.2195
SKU-005,2024-10-28,14,none,0,0,0.2033
SKU-005,2024-11-04,16,none,0,0,0.172
SKU-005,2024-11-11,14,none,0,0,0.2003
SKU-005,2024-11-18,13,none,0,0,0.1606
SKU-005,2024-11-25,17,none,0,0,0.1489
SKU-005,2024-12-02,17,none,0,0,0.1511
SKU-005,2024-12-09,14,none,0,0,0.1598
SKU-005,2024-12-16,17,none,0,0,0.0802
SKU-005,2024-12-23,15,none,0,0,0.0691
SKU-005,2024-12-30,15,none,0,0,0.1034
SKU-006,2022-02-07,22,none,0,0,0.0625
SKU-006,2022-02-14,20,none,0,0,0.0821
SKU-006,2022-02-21,20,none,0,0,0.0839
SKU-006,2022-02-28,17,none,0,0,0.13
SKU-006,2022-03-07,16,none,0,0,0.1639
SKU-006,2022-03-14,15,none,0,0,0.1577
SKU-006,2022-03-21,16,none,0,0,0.1732
SKU-006,2022-03-28,13,none,0,0,0.1053
SKU-006,2022-04-04,13,none,0,0,0.124
SKU-006,2022-04-11,14,none,0,0,0.1414
SKU-006,2022-04-18,16,none,0,0,0.1644
SKU-006,2022-04-25,15,none,0,0,0.1572
SKU-006,2022-05-02,16,none,0,0,0.1613
SKU-006,2022-05-09,14,none,0,0,0.1645
SKU-006,2022-05-16,17,none,0,0,0.1202
SKU-006,2022-05-23,12,none,0,0,0.1306
SKU-006,2022-05-30,12,none,0,0,0.1557
SKU-006,2022-06-06,10,none,0,0,0.0757
SKU-006,2022-06-13,11,none,0,0,0.1387
SKU-006,2022-06-20,12,none,0,0,0.1529
SKU-006,2022-06-27,24,business,1,1,-0.0568
SKU-006,2022-07-04,11,none,0,0,0.159
SKU-006,2022-07-11,14,none,0,0,0.1054
SKU-006,2022-07-18,12,none,0,0,0.1502
SKU-006,2022-07-25,10,none,0,0,0.0845
SKU-006,2022-08-01,12,none,0,0,0.1639
SKU-006,2022-08-08,12,none,0,0,0.151
SKU-006,2022-08-15,11,none,0,0,0.1473
SKU-006,2022-08-22,11,none,0,0,0.1561
SKU-006,2022-08-29,13,none,0,0,0.1483
SKU-006,2022-09-05,17,none,0,0,0.1197
SKU-006,2022-09-12,17,none,0,0,0.1072
SKU-006,2022-09-19,14,none,0,0,0.1503
SKU-006,2022-09-26,14,none,0,0,0.1631
SKU-006,2022-10-03,17,none,0,0,0.1095
SKU-006,2022-10-10,14,none,0,0,0.16
SKU-006,2022-10-17,15,none,0,0,0.1409
SKU-006,2022-10-24,15,none,0,0,0.1299
SKU-006,2022-10-31,13,none,0,0,0.0911
SKU-006,2022-11-07,20,none,0,0,0.114
SKU-006,2022-11-14,22,none,0,0,0.0962
SKU-006,2022-11-21,23,none,0,0,0.066
SKU-006,2022-11-28,19,none,0,0,0.1207
SKU-006,2022-12-05,19,none,0,0,0.1203
SKU-006,2022-12-12,20,none,0,0,0.1031
SKU-006,2022-12-19,20,none,0,0,0.0854
SKU-006,2022-12-26,23,none,0,0,0.0071
SKU-006,2023-01-02,18,none,0,0,0.0255
SKU-006,2023-01-09,19,none,0,0,0.0635
SKU-006,2023-01-16,20,none,0,0,0.0991
SKU-006,2023-01-23,21,none,0,0,0.0799
SKU-006,2023-01-30,22,none,0,0,0.0568
SKU-006,2023-02-06,25,none,0,1,-0.0633
SKU-006,2023-02-13,18,none,0,0,0.1097
SKU-006,2023-02-20,21,none,0,0,0.0725
SKU-006,2023-02-27,17,none,0,0,0.13
SKU-006,2023-03-06,15,none,0,0,0.1447
SKU-006,2023-03-13,16,none,0,0,0.1611
SKU-006,2023-03-20,16,none,0,0,0.1732
SKU-006,2023-03-27,16,none,0,0,0.1715
SKU-006,2023-04-03,16,none,0,0,0.1689
SKU-006,2023-04-10,17,none,0,0,0.1266
SKU-006,2023-04-17,12,none,0,0,0.0763
SKU-006,2023-04-24,13,none,0,0,0.1337
SKU-006,2023-05-01,16,none,0,0,0.1613
SKU-006,2023-05-08,14,none,0,0,0.1645
SKU-006,2023-05-15,14,none,0,0,0.1542
SKU-006,2023-05-22,14,none,0,0,0.1496
SKU-006,2023-05-29,9,none,0,0,0.0254
SKU-006,2023-06-05,11,none,0,0,0.1274
SKU-006,2023-06-12,13,none,0,0,0.1371
SKU-006,2023-06-19,10,none,0,0,0.0796
SKU-006,2023-06-26,12,none,0,0,0.1532
SKU-006,2023-07-03,9,none,0,0,0.0533
SKU-006,2023-07-10,11,none,0,0,0.1573
SKU-006,2023-07-17,11,none,0,0,0.1654
SKU-006,2023-07-24,11,none,0,0,0.1659
SKU-006,2023-07-31,12,none,0,0,0.1639
SKU-006,2023-08-07,10,none,0,0,0.1084
SKU-006,2023-08-14,13,none,0,0,0.1476
SKU-006,2023-08-21,10,none,0,0,0.0753
SKU-006,2023-08-28,11,none,0,0,0.1268
SKU-006,2023-09-04,16,none,0,0,0.0984
SKU-006,2023-09-11,15,none,0,0,0.1438
SKU-006,2023-09-18,15,none,0,0,0.1299
SKU-006,2023-09-25,12,none,0,0,0.1047
SKU-006,2023-10-02,14,none,0,0,0.1537
SKU-006,2023-10-09,13,none,0,0,0.1221
SKU-006,2023-10-16,14,none,0,0,0.1411
SKU-006,2023-10-23,16,none,0,0,0.1206
SKU-006,2023-10-30,14,none,0,0,0.1079
SKU-006,2023-11-06,20,none,0,0,0.114
SKU-006,2023-11-13,19,none,0,0,0.1094
SKU-006,2023-11-20,25,none,0,1,-0.0138
SKU-006,2023-11-27,25,none,0,1,-0.0208
SKU-006,2023-12-04,23,none,0,0,0.059
SKU-006,2023-12-11,19,none,0,0,0.114
SKU-006,2023-12-18,22,none,0,0,0.0576
SKU-006,2023-12-25,19,none,0,0,0.0631
SKU-006,2024-01-01,19,none,0,0,0.0725
SKU-006,2024-01-08,20,none,0,0,0.0656
SKU-006,2024-01-15,20,none,0,0,0.0991
SKU-006,2024-01-22,23,none,0,1,-0.0079
SKU-006,2024-01-29,21,none,0,0,0.0882
SKU-006,2024-02-05,16,none,0,0,0.0425
SKU-006,2024-02-12,18,none,0,0,0.1097
SKU-006,2024-02-19,22,none,0,0,0.0341
SKU-006,2024-02-26,15,none,0,0,0.1191
SKU-006,2024-03-04,16,none,0,0,0.1639
SKU-006,2024-03-11,14,none,0,0,0.1004
SKU-006,2024-03-18,15,none,0,0,0.1617
SKU-006,2024-03-25,15,none,0,0,0.1665
SKU-006,2024-04-01,15,none,0,0,0.1652
SKU-006,2024-04-08,16,none,0,0,0.1721
SKU-006,2024-04-15,13,none,0,0,0.1346
SKU-006,2024-04-22,18,none,0,0,0.0722
SKU-006,2024-04-29,15,none,0,0,0.1564
SKU-006,2024-05-06,17,none,0,0,0.1256
SKU-006,2024-05-13,16,none,0,0,0.1399
SKU-006,2024-05-20,15,none,0,0,0.1378
SKU-006,2024-05-27,12,none,0,0,0.1557
SKU-006,2024-06-03,12,none,0,0,0.151
SKU-006,2024-06-10,9,none,0,0,0.0503
SKU-006,2024-06-17,13,none,0,0,0.1344
SKU-006,2024-06-24,11,none,0,0,0.1499
SKU-006,2024-07-01,11,none,0,0,0.159
SKU-006,2024-07-08,9,none,0,0,0.0499
SKU-006,2024-07-15,11,none,0,0,0.1654
SKU-006,2024-07-22,11,none,0,0,0.1659
SKU-006,2024-07-29,12,none,0,0,0.1639
SKU-006,2024-08-05,10,none,0,0,0.1084
SKU-006,2024-08-12,9,none,0,0,0.017
SKU-006,2024-08-19,11,none,0,0,0.1561
SKU-006,2024-08-26,12,none,0,0,0.1413
SKU-006,2024-09-02,17,none,0,0,0.1197
SKU-006,2024-09-09,15,none,0,0,0.1438
SKU-006,2024-09-16,13,none,0,0,0.1404
SKU-006,2024-09-23,14,none,0,0,0.1631
SKU-006,2024-09-30,17,none,0,0,0.1095
SKU-006,2024-10-07,14,none,0,0,0.16
SKU-006,2024-10-14,15,none,0,0,0.1409
SKU-006,2024-10-21,13,none,0,0,0.1038
SKU-006,2024-10-28,16,none,0,0,0.1086
SKU-006,2024-11-04,21,none,0,0,0.0735
SKU-006,2024-11-11,22,none,0,0,0.0962
SKU-006,2024-11-18,19,none,0,0,0.1164
SKU-006,2024-11-25,20,none,0,0,0.1018
SKU-006,2024-12-02,18,none,0,0,0.0864
SKU-006,2024-12-09,22,none,0,0,0.0735
SKU-006,2024-12-16,18,none,0,0,0.0766
SKU-006,2024-12-23,16,none,0,0,0.007
SKU-006,2024-12-30,19,none,0,0,0.0725
SKU-007,2022-02-07,17,none,0,0,0.1393
SKU-007,2022-02-14,16,none,0,0,0.2043
SKU-007,2022-02-21,37,business,1,1,-0.0615
SKU-007,2022-02-28,16,none,0,0,0.2127
SKU-007,2022-03-07,13,none,0,0,0.1838
SKU-007,2022-03-14,16,none,0,0,0.2208
SKU-007,2022-03-21,14,none,0,0,0.2068
SKU-007,2022-03-28,16,none,0,0,0.2113
SKU-007,2022-04-04,15,none,0,0,0.2346
SKU-007,2022-04-11,15,none,0,0,0.2419
SKU-007,2022-04-18,15,none,0,0,0.2435
SKU-007,2022-04-25,18,none,0,0,0.1463
SKU-007,2022-05-02,15,none,0,0,0.243
SKU-007,2022-05-09,17,none,0,0,0.2007
SKU-007,2022-05-16,17,none,0,0,0.2077
SKU-007,2022-05-23,14,none,0,0,0.2196
SKU-007,2022-05-30,14,none,0,0,0.2189
SKU-007,2022-06-06,14,none,0,0,0.2187
SKU-007,2022-06-13,13,none,0,0,0.182
SKU-007,2022-06-20,14,none,0,0,0.2262
SKU-007,2022-06-27,17,none,0,0,0.21
SKU-007,2022-07-04,17,none,0,0,0.2127
SKU-007,2022-07-11,17,none,0,0,0.2111
SKU-007,2022-07-18,17,none,0,0,0.2075
SKU-007,2022-07-25,12,none,0,0,0.1251
SKU-007,2022-08-01,18,none,0,0,0.1573
SKU-007,2022-08-08,13,none,0,0,0.17
SKU-007,2022-08-15,11,none,0,0,0.0583
SKU-007,2022-08-22,16,none,0,0,0.2239
SKU-007,2022-08-29,14,none,0,0,0.2057
SKU-007,2022-09-05,15,none,0,0,0.2255
SKU-007,2022-09-12,16,none,0,0,0.2202
SKU-007,2022-09-19,15,none,0,0,0.2344
SKU-007,2022-09-26,12,none,0,0,0.132
SKU-007,2022-10-03,15,none,0,0,0.2275
SKU-007,2022-10-10,17,none,0,0,0.2012
SKU-007,2022-10-17,17,none,0,0,0.1987
SKU-007,2022-10-24,14,none,0,0,0.1954
SKU-007,2022-10-31,37,business,1,0,0.0
SKU-007,2022-11-07,15,none,0,0,0.2176
SKU-007,2022-11-14,16,none,0,0,0.2095
SKU-007,2022-11-21,17,none,0,0,0.1738
SKU-007,2022-11-28,15,none,0,0,0.2048
SKU-007,2022-12-05,18,none,0,0,0.0727
SKU-007,2022-12-12,15,none,0,0,0.1885
SKU-007,2022-12-19,16,none,0,0,0.1739
SKU-007,2022-12-26,14,none,0,0,0.0629
SKU-007,2023-01-02,13,none,0,0,0.0832
SKU-007,2023-01-09,15,none,0,0,0.146
SKU-007,2023-01-16,16,none,0,0,0.1533
SKU-007,2023-01-23,11,none,0,0,0.0254
SKU-007,2023-01-30,15,none,0,0,0.1988
SKU-007,2023-02-06,14,none,0,0,0.1734
SKU-007,2023-02-13,15,none,0,0,0.2104
SKU-007,2023-02-20,15,none,0,0,0.2171
SKU-007,2023-02-27,15,none,0,0,0.2166
SKU-007,2023-03-06,14,none,0,0,0.2053
SKU-007,2023-03-13,14,none,0,0,0.2083
SKU-007,2023-03-20,16,none,0,0,0.2181
SKU-007,2023-03-27,12,none,0,0,0.14
SKU-007,2023-04-03,15,none,0,0,0.2346
SKU-007,2023-04-10,15,none,0,0,0.2419
SKU-007,2023-04-17,14,none,0,0,0.2236
SKU-007,2023-04-24,15,none,0,0,0.2401
SKU-007,2023-05-01,16,none,0,0,0.2236
SKU-007,2023-05-08,15,none,0,0,0.2423
SKU-007,2023-05-15,15,none,0,0,0.2389
SKU-007,2023-05-22,15,none,0,0,0.2401
SKU-007,2023-05-29,15,none,0,0,0.2314
SKU-007,2023-06-05,13,none,0,0,0.1919
SKU-007,2023-06-12,15,none,0,0,0.2259
SKU-007,2023-06-19,14,none,0,0,0.2262
SKU-007,2023-06-26,16,none,0,0,0.2341
SKU-007,2023-07-03,15,none,0,0,0.2295
SKU-007,2023-07-10,14,none,0,0,0.2142
SKU-007,2023-07-17,15,none,0,0,0.2278
SKU-007,2023-07-24,11,none,0,0,0.0747
SKU-007,2023-07-31,15,none,0,0,0.2278
SKU-007,2023-08-07,14,none,0,0,0.2095
SKU-007,2023-08-14,15,none,0,0,0.2274
SKU-007,2023-08-21,16,none,0,0,0.2239
SKU-007,2023-08-28,15,none,0,0,0.2194
SKU-007,2023-09-04,14,none,0,0,0.2135
SKU-007,2023-09-11,15,none,0,0,0.2308
SKU-007,2023-09-18,16,none,0,0,0.2183
SKU-007,2023-09-25,13,none,0,0,0.1807
SKU-007,2023-10-02,13,none,0,0,0.1668
SKU-007,2023-10-09,14,none,0,0,0.1988
SKU-007,2023-10-16,12,none,0,0,0.1074
SKU-007,2023-10-23,15,none,0,0,0.2292
SKU-007,2023-10-30,37,business,1,0,0.0
SKU-007,2023-11-06,13,none,0,0,0.1289
SKU-007,2023-11-13,16,none,0,0,0.2095
SKU-007,2023-11-20,15,none,0,0,0.2036
SKU-007,2023-11-27,16,none,0,0,0.2002
SKU-007,2023-12-04,15,none,0,0,0.2031
SKU-007,2023-12-11,16,none,0,0,0.1774
SKU-007,2023-12-18,15,none,0,0,0.1524
SKU-007,2023-12-25,16,none,0,0,0.1358
SKU-007,2024-01-01,15,none,0,0,0.1114
SKU-007,2024-01-08,13,none,0,0,0.1122
SKU-007,2024-01-15,13,none,0,0,0.1206
SKU-007,2024-01-22,16,none,0,0,0.1627
SKU-007,2024-01-29,15,none,0,0,0.1988
SKU-007,2024-02-05,16,none,0,0,0.2006
SKU-007,2024-02-12,14,none,0,0,0.1823
SKU-007,2024-02-19,16,none,0,0,0.2132
SKU-007,2024-02-26,17,none,0,0,0.159
SKU-007,2024-03-04,13,none,0,0,0.1838
SKU-007,2024-03-11,16,none,0,0,0.2208
SKU-007,2024-03-18,130,noise,1,1,-0.1904
SKU-007,2024-03-25,12,none,0,0,0.14
SKU-007,2024-04-01,13,none,0,0,0.1848
SKU-007,2024-04-08,13,none,0,0,0.1921
SKU-007,2024-04-15,16,none,0,0,0.2246
SKU-007,2024-04-22,14,none,0,0,0.2229
SKU-007,2024-04-29,18,none,0,0,0.1553
SKU-007,2024-05-06,15,none,0,0,0.2423
SKU-007,2024-05-13,17,none,0,0,0.2077
SKU-007,2024-05-20,16,none,0,0,0.219
SKU-007,2024-05-27,21,business,1,0,0.0162
SKU-007,2024-06-03,13,none,0,0,0.1919
SKU-007,2024-06-10,17,none,0,0,0.1983
SKU-007,2024-06-17,16,none,0,0,0.2311
SKU-007,2024-06-24,16,none,0,0,0.2341
SKU-007,2024-07-01,14,none,0,0,0.2148
SKU-007,2024-07-08,15,none,0,0,0.2276
SKU-007,2024-07-15,13,none,0,0,0.1719
SKU-007,2024-07-22,16,none,0,0,0.2097
SKU-007,2024-07-29,15,none,0,0,0.2278
SKU-007,2024-08-05,18,none,0,0,0.1636
SKU-007,2024-08-12,18,none,0,0,0.1567
SKU-007,2024-08-19,17,none,0,0,0.2043
SKU-007,2024-08-26,35,business,1,1,-0.0322
SKU-007,2024-09-02,14,none,0,0,0.2135
SKU-007,2024-09-09,17,none,0,0,0.1961
SKU-007,2024-09-16,15,none,0,0,0.2344
SKU-007,2024-09-23,15,none,0,0,0.2311
SKU-007,2024-09-30,16,none,0,0,0.2185
SKU-007,2024-10-07,17,none,0,0,0.2012
SKU-007,2024-10-14,14,none,0,0,0.2019
SKU-007,2024-10-21,15,none,0,0,0.2292
SKU-007,2024-10-28,16,none,0,0,0.2142
SKU-007,2024-11-04,17,none,0,0,0.1855
SKU-007,2024-11-11,14,none,0,0,0.166
SKU-007,2024-11-18,34,business,1,1,-0.0487
SKU-007,2024-11-25,17,none,0,0,0.1587
SKU-007,2024-12-02,15,none,0,0,0.2031
SKU-007,2024-12-09,15,none,0,0,0.1885
SKU-007,2024-12-16,16,none,0,0,0.1739
SKU-007,2024-12-23,16,none,0,0,0.1358
SKU-007,2024-12-30,18,none,0,0,0.0343
SKU-008,2022-02-07,16,none,0,0,0.1257
SKU-008,2022-02-14,16,none,0,0,0.132
SKU-008,2022-02-21,14,none,0,0,0.1655
SKU-008,2022-02-28,15,none,0,0,0.1736
SKU-008,2022-03-07,16,none,0,0,0.1607
SKU-008,2022-03-14,14,none,0,0,0.181
SKU-008,2022-03-21,14,none,0,0,0.1733
SKU-008,2022-03-28,16,none,0,0,0.1799
SKU-008,2022-04-04,21,none,0,0,0.0302
SKU-008,2022-04-11,13,none,0,0,0.1366
SKU-008,2022-04-18,14,none,0,0,0.1766
SKU-008,2022-04-25,17,none,0,0,0.1469
SKU-008,2022-05-02,17,none,0,0,0.1425
SKU-008,2022-05-09,15,none,0,0,0.2063
SKU-008,2022-05-16,15,none,0,0,0.2101
SKU-008,2022-05-23,17,none,0,0,0.1438
SKU-008,2022-05-30,14,none,0,0,0.182
SKU-008,2022-06-06,16,none,0,0,0.1698
SKU-008,2022-06-13,15,none,0,0,0.1987
SKU-008,2022-06-20,14,none,0,0,0.1866
SKU-008,2022-06-27,17,none,0,0,0.1452
SKU-008,2022-07-04,15,none,0,0,0.1795
SKU-008,2022-07-11,14,none,0,0,0.1782
SKU-008,2022-07-18,14,none,0,0,0.1874
SKU-008,2022-07-25,14,none,0,0,0.174
SKU-008,2022-08-01,16,none,0,0,0.179
SKU-008,2022-08-08,15,none,0,0,0.1803
SKU-008,2022-08-15,16,none,0,0,0.1812
SKU-008,2022-08-22,15,none,0,0,0.1862
SKU-008,2022-08-29,16,none,0,0,0.1817
SKU-008,2022-09-05,16,none,0,0,0.189
SKU-008,2022-09-12,16,none,0,0,0.1855
SKU-008,2022-09-19,16,none,0,0,0.1822
SKU-008,2022-09-26,14,none,0,0,0.1708
SKU-008,2022-10-03,14,none,0,0,0.1704
SKU-008,2022-10-10,16,none,0,0,0.1778
SKU-008,2022-10-17,17,none,0,0,0.1281
SKU-008,2022-10-24,15,none,0,0,0.1897
SKU-008,2022-10-31,15,none,0,0,0.1843
SKU-008,2022-11-07,17,none,0,0,0.1119
SKU-008,2022-11-14,15,none,0,0,0.1769
SKU-008,2022-11-21,13,none,0,0,0.1323
SKU-008,2022-11-28,12,none,0,0,0.0767
SKU-008,2022-12-05,14,none,0,0,0.1482
SKU-008,2022-12-12,15,none,0,0,0.1351
SKU-008,2022-12-19,16,none,0,0,0.119
SKU-008,2022-12-26,14,none,0,0,0.0653
SKU-008,2023-01-02,15,none,0,0,0.0646
SKU-008,2023-01-09,14,none,0,0,0.0907
SKU-008,2023-01-16,15,none,0,0,0.1115
SKU-008,2023-01-23,15,none,0,0,0.12
SKU-008,2023-01-30,13,none,0,0,0.064
SKU-008,2023-02-06,15,none,0,0,0.161
SKU-008,2023-02-13,15,none,0,0,0.1635
SKU-008,2023-02-20,14,none,0,0,0.1655
SKU-008,2023-02-27,16,none,0,0,0.161
SKU-008,2023-03-06,14,none,0,0,0.1723
SKU-008,2023-03-13,14,none,0,0,0.181
SKU-008,2023-03-20,17,none,0,0,0.1314
SKU-008,2023-03-27,16,none,0,0,0.1799
SKU-008,2023-04-03,34,business,1,1,-0.104
SKU-008,2023-04-10,13,none,0,0,0.1366
SKU-008,2023-04-17,15,none,0,0,0.2067
SKU-008,2023-04-24,16,none,0,0,0.1786
SKU-008,2023-05-01,15,none,0,0,0.2025
SKU-008,2023-05-08,15,none,0,0,0.2063
SKU-008,2023-05-15,15,none,0,0,0.2101
SKU-008,2023-05-22,15,none,0,0,0.2011
SKU-008,2023-05-29,14,none,0,0,0.182
SKU-008,2023-06-05,13,none,0,0,0.1555
SKU-008,2023-06-12,14,none,0,0,0.1897
SKU-008,2023-06-19,16,none,0,0,0.1773
SKU-008,2023-06-26,13,none,0,0,0.1596
SKU-008,2023-07-03,14,none,0,0,0.1735
SKU-008,2023-07-10,13,none,0,0,0.1373
SKU-008,2023-07-17,15,none,0,0,0.1814
SKU-008,2023-07-24,14,none,0,0,0.174
SKU-008,2023-07-31,17,none,0,0,0.1422
SKU-008,2023-08-07,16,none,0,0,0.1819
SKU-008,2023-08-14,12,none,0,0,0.0832
SKU-008,2023-08-21,15,none,0,0,0.1862
SKU-008,2023-08-28,14,none,0,0,0.1664
SKU-008,2023-09-04,17,none,0,0,0.1514
SKU-008,2023-09-11,15,none,0,0,0.1801
SKU-008,2023-09-18,16,none,0,0,0.1822
SKU-008,2023-09-25,14,none,0,0,0.1708
SKU-008,2023-10-02,16,none,0,0,0.1761
SKU-008,2023-10-09,17,none,0,0,0.1335
SKU-008,2023-10-16,15,none,0,0,0.1851
SKU-008,2023-10-23,15,none,0,0,0.1897
SKU-008,2023-10-30,14,none,0,0,0.1632
SKU-008,2023-11-06,13,none,0,0,0.1278
SKU-008,2023-11-13,15,none,0,0,0.1769
SKU-008,2023-11-20,15,none,0,0,0.1681
SKU-008,2023-11-27,16,none,0,0,0.151
SKU-008,2023-12-04,16,none,0,0,0.1463
SKU-008,2023-12-11,104,noise,1,1,-0.2226
SKU-008,2023-12-18,12,none,0,0,0.0324
SKU-008,2023-12-25,17,none,0,0,0.0338
SKU-008,2024-01-01,17,none,0,0,0.0149
SKU-008,2024-01-08,16,none,0,0,0.0708
SKU-008,2024-01-15,14,none,0,0,0.1074
SKU-008,2024-01-22,12,none,0,1,-0.0072
SKU-008,2024-01-29,14,none,0,0,0.1258
SKU-008,2024-02-05,15,none,0,0,0.161
SKU-008,2024-02-12,15,none,0,0,0.1635
SKU-008,2024-02-19,14,none,0,0,0.1655
SKU-008,2024-02-26,16,none,0,0,0.161
SKU-008,2024-03-04,15,none,0,0,0.1838
SKU-008,2024-03-11,15,none,0,0,0.1855
SKU-008,2024-03-18,16,none,0,0,0.1733
SKU-008,2024-03-25,15,none,0,0,0.189
SKU-008,2024-04-01,17,none,0,0,0.1448
SKU-008,2024-04-08,27,business,1,1,-0.0409
SKU-008,2024-04-15,15,none,0,0,0.2067
SKU-008,2024-04-22,15,none,0,0,0.2049
SKU-008,2024-04-29,13,none,0,0,0.1308
SKU-008,2024-05-06,15,none,0,0,0.2063
SKU-008,2024-05-13,14,none,0,0,0.1806
SKU-008,2024-05-20,16,none,0,0,0.1816
SKU-008,2024-05-27,16,none,0,0,0.1727
SKU-008,2024-06-03,13,none,0,0,0.1555
SKU-008,2024-06-10,15,none,0,0,0.1987
SKU-008,2024-06-17,13,none,0,0,0.1581
SKU-008,2024-06-24,13,none,0,0,0.1596
SKU-008,2024-07-01,18,none,0,0,0.0708
SKU-008,2024-07-08,17,none,0,0,0.143
SKU-008,2024-07-15,14,none,0,0,0.1874
SKU-008,2024-07-22,16,none,0,0,0.1737
SKU-008,2024-07-29,15,none,0,0,0.1787
SKU-008,2024-08-05,16,none,0,0,0.1819
SKU-008,2024-08-12,17,none,0,0,0.1492
SKU-008,2024-08-19,12,none,0,0,0.0833
SKU-008,2024-08-26,15,none,0,0,0.1839
SKU-008,2024-09-02,14,none,0,0,0.171
SKU-008,2024-09-09,65,noise,1,1,-0.1581
SKU-008,2024-09-16,16,none,0,0,0.1822
SKU-008,2024-09-23,13,none,0,0,0.1166
SKU-008,2024-09-30,13,none,0,0,0.1198
SKU-008,2024-10-07,15,none,0,0,0.1798
SKU-008,2024-10-14,15,none,0,0,0.1851
SKU-008,2024-10-21,15,none,0,0,0.1897
SKU-008,2024-10-28,16,none,0,0,0.1622
SKU-008,2024-11-04,12,none,0,0,0.0767
SKU-008,2024-11-11,14,none,0,0,0.1635
SKU-008,2024-11-18,14,none,0,0,0.1644
SKU-008,2024-11-25,19,none,0,0,0.0063
SKU-008,2024-12-02,13,none,0,0,0.1184
SKU-008,2024-12-09,14,none,0,0,0.1359
SKU-008,2024-12-16,16,none,0,0,0.119
SKU-008,2024-12-23,16,none,0,0,0.0786
SKU-008,2024-12-30,14,none,0,0,0.0616
SKU-009,2022-02-07,20,none,0,0,0.1135
SKU-009,2022-02-14,22,none,0,0,0.0989
SKU-009,2022-02-21,18,none,0,0,0.1377
SKU-009,2022-02-28,32,business,1,1,-0.0826
SKU-009,2022-03-07,14,none,0,0,0.1472
SKU-009,2022-03-14,14,none,0,0,0.1593
SKU-009,2022-03-21,15,none,0,0,0.1702
SKU-009,2022-03-28,15,none,0,0,0.1715
SKU-009,2022-04-04,14,none,0,0,0.1686
SKU-009,2022-04-11,16,none,0,0,0.1537
SKU-009,2022-04-18,14,none,0,0,0.1695
SKU-009,2022-04-25,16,none,0,0,0.1472
SKU-009,2022-05-02,14,none,0,0,0.1776
SKU-009,2022-05-09,14,none,0,0,0.18
SKU-009,2022-05-16,14,none,0,0,0.1745
SKU-009,2022-05-23,13,none,0,0,0.1698
SKU-009,2022-05-30,11,none,0,0,0.1317
SKU-009,2022-06-06,12,none,0,0,0.1846
SKU-009,2022-06-13,11,none,0,0,0.1488
SKU-009,2022-06-20,21,business,1,1,-0.0088
SKU-009,2022-06-27,14,none,0,0,0.1574
SKU-009,2022-07-04,13,none,0,0,0.1593
SKU-009,2022-07-11,10,none,0,0,0.1237
SKU-009,2022-07-18,12,none,0,0,0.179
SKU-009,2022-07-25,13,none,0,0,0.1442
SKU-009,2022-08-01,11,none,0,0,0.147
SKU-009,2022-08-08,12,none,0,0,0.1756
SKU-009,2022-08-15,11,none,0,0,0.1498
SKU-009,2022-08-22,11,none,0,0,0.146
SKU-009,2022-08-29,11,none,0,0,0.1235
SKU-009,2022-09-05,14,none,0,0,0.1522
SKU-009,2022-09-12,13,none,0,0,0.1485
SKU-009,2022-09-19,18,none,0,0,0.0758
SKU-009,2022-09-26,13,none,0,0,0.1392
SKU-009,2022-10-03,15,none,0,0,0.1618
SKU-009,2022-10-10,15,none,0,0,0.1645
SKU-009,2022-10-17,15,none,0,0,0.1634
SKU-009,2022-10-24,16,none,0,0,0.1499
SKU-009,2022-10-31,15,none,0,0,0.1371
SKU-009,2022-11-07,18,none,0,0,0.0964
SKU-009,2022-11-14,21,none,0,0,0.0814
SKU-009,2022-11-21,19,none,0,0,0.1218
SKU-009,2022-11-28,19,none,0,0,0.1254
SKU-009,2022-12-05,21,none,0,0,0.0789
SKU-009,2022-12-12,19,none,0,0,0.0793
SKU-009,2022-12-19,22,none,0,0,0.0631
SKU-009,2022-12-26,22,none,0,0,0.0425
SKU-009,2023-01-02,21,none,0,0,0.0363
SKU-009,2023-01-09,144,noise,1,1,-0.2303
SKU-009,2023-01-16,22,none,0,0,0.0664
SKU-009,2023-01-23,22,none,0,0,0.0814
SKU-009,2023-01-30,18,none,0,0,0.104
SKU-009,2023-02-06,21,none,0,0,0.1145
SKU-009,2023-02-13,24,none,0,0,0.0476
SKU-009,2023-02-20,18,none,0,0,0.1377
SKU-009,2023-02-27,14,none,0,0,0.1321
SKU-009,2023-03-06,17,none,0,0,0.1448
SKU-009,2023-03-13,15,none,0,0,0.1637
SKU-009,2023-03-20,15,none,0,0,0.1702
SKU-009,2023-03-27,17,none,0,0,0.142
SKU-009,2023-04-03,12,none,0,0,0.1178
SKU-009,2023-04-10,15,none,0,0,0.1678
SKU-009,2023-04-17,13,none,0,0,0.1444
SKU-009,2023-04-24,17,none,0,0,0.1442
SKU-009,2023-05-01,14,none,0,0,0.1776
SKU-009,2023-05-08,12,none,0,0,0.1528
SKU-009,2023-05-15,17,none,0,0,0.1182
SKU-009,2023-05-22,15,none,0,0,0.1494
SKU-009,2023-05-29,13,none,0,0,0.1609
SKU-009,2023-06-05,12,none,0,0,0.1846
SKU-009,2023-06-12,12,none,0,0,0.187
SKU-009,2023-06-19,12,none,0,0,0.1905
SKU-009,2023-06-26,11,none,0,0,0.1501
SKU-009,2023-07-03,12,none,0,0,0.1837
SKU-009,2023-07-10,10,none,0,0,0.1237
SKU-009,2023-07-17,12,none,0,0,0.179
SKU-009,2023-07-24,12,none,0,0,0.1775
SKU-009,2023-07-31,12,none,0,0,0.1677
SKU-009,2023-08-07,12,none,0,0,0.1756
SKU-009,2023-08-14,12,none,0,0,0.1734
SKU-009,2023-08-21,11,none,0,0,0.146
SKU-009,2023-08-28,12,none,0,0,0.159
SKU-009,2023-09-04,16,none,0,0,0.1228
SKU-009,2023-09-11,16,none,0,0,0.1303
SKU-009,2023-09-18,14,none,0,0,0.1637
SKU-009,2023-09-25,12,none,0,0,0.1238
SKU-009,2023-10-02,11,none,0,0,0.0596
SKU-009,2023-10-09,15,none,0,0,0.1645
SKU-009,2023-10-16,16,none,0,0,0.1479
SKU-009,2023-10-23,16,none,0,0,0.1499
SKU-009,2023-10-30,14,none,0,0,0.1208
SKU-009,2023-11-06,22,none,0,0,0.0674
SKU-009,2023-11-13,20,none,0,0,0.1152
SKU-009,2023-11-20,19,none,0,0,0.1218
SKU-009,2023-11-27,18,none,0,0,0.0851
SKU-009,2023-12-04,16,none,0,0,0.0647
SKU-009,2023-12-11,20,none,0,0,0.1015
SKU-009,2023-12-18,22,none,0,0,0.0631
SKU-009,2023-12-25,22,none,0,0,0.0425
SKU-009,2024-01-01,24,none,0,0,0.0206
SKU-009,2024-01-08,24,none,0,0,0.0353
SKU-009,2024-01-15,18,none,0,0,0.0637
SKU-009,2024-01-22,19,none,0,0,0.0793
SKU-009,2024-01-29,22,none,0,0,0.0917
SKU-009,2024-02-05,19,none,0,0,0.1201
SKU-009,2024-02-12,19,none,0,0,0.1185
SKU-009,2024-02-19,18,none,0,0,0.1377
SKU-009,2024-02-26,14,none,0,0,0.1321
SKU-009,2024-03-04,16,none,0,0,0.1458
SKU-009,2024-03-11,13,none,0,0,0.119
SKU-009,2024-03-18,17,none,0,0,0.1441
SKU-009,2024-03-25,16,none,0,0,0.1639
SKU-009,2024-04-01,14,none,0,0,0.1686
SKU-009,2024-04-08,15,none,0,0,0.1678
SKU-009,2024-04-15,15,none,0,0,0.1581
SKU-009,2024-04-22,17,none,0,0,0.1442
SKU-009,2024-04-29,17,none,0,0,0.134
SKU-009,2024-05-06,14,none,0,0,0.18
SKU-009,2024-05-13,13,none,0,0,0.1641
SKU-009,2024-05-20,12,none,0,0,0.1681
SKU-009,2024-05-27,12,none,0,0,0.175
SKU-009,2024-06-03,10,none,0,0,0.0779
SKU-009,2024-06-10,12,none,0,0,0.187
SKU-009,2024-06-17,12,none,0,0,0.1905
SKU-009,2024-06-24,14,none,0,0,0.1574
SKU-009,2024-07-01,9,none,0,0,0.0553
SKU-009,2024-07-08,10,none,0,0,0.1237
SKU-009,2024-07-15,8,none,0,0,0.0078
SKU-009,2024-07-22,12,none,0,0,0.1775
SKU-009,2024-07-29,11,none,0,0,0.147
SKU-009,2024-08-05,11,none,0,0,0.1458
SKU-009,2024-08-12,13,none,0,0,0.1437
SKU-009,2024-08-19,12,none,0,0,0.162
SKU-009,2024-08-26,12,none,0,0,0.159
SKU-009,2024-09-02,15,none,0,0,0.1444
SKU-009,2024-09-09,14,none,0,0,0.1605
SKU-009,2024-09-16,14,none,0,0,0.1637
SKU-009,2024-09-23,15,none,0,0,0.1534
SKU-009,2024-09-30,16,none,0,0,0.1438
SKU-009,2024-10-07,15,none,0,0,0.1645
SKU-009,2024-10-14,14,none,0,0,0.1301
SKU-009,2024-10-21,15,none,0,0,0.1553
SKU-009,2024-10-28,13,none,0,0,0.0864
SKU-009,2024-11-04,22,none,0,0,0.0674
SKU-009,2024-11-11,20,none,0,0,0.1152
SKU-009,2024-11-18,24,none,0,1,-0.0312
SKU-009,2024-11-25,19,none,0,0,0.1254
SKU-009,2024-12-02,20,none,0,0,0.1022
SKU-009,2024-12-09,21,none,0,0,0.0701
SKU-009,2024-12-16,20,none,0,0,0.0709
SKU-009,2024-12-23,20,none,0,0,0.0348
SKU-009,2024-12-30,41,business,1,1,-0.1178
SKU-010,2022-02-07,15,none,0,0,0.2382
SKU-010,2022-02-14,16,none,0,0,0.2314
SKU-010,2022-02-21,20,none,0,0,0.102
SKU-010,2022-02-28,15,none,0,0,0.262
SKU-010,2022-03-07,14,none,0,0,0.265
SKU-010,2022-03-14,15,none,0,0,0.2663
SKU-010,2022-03-21,14,none,0,0,0.2551
SKU-010,2022-03-28,13,none,0,0,0.2088
SKU-010,2022-04-04,14,none,0,0,0.2484
SKU-010,2022-04-11,16,none,0,0,0.2626
SKU-010,2022-04-18,18,none,0,0,0.2251
SKU-010,2022-04-25,13,none,0,0,0.2105
SKU-010,2022-05-02,17,none,0,0,0.2435
SKU-010,2022-05-09,15,none,0,0,0.2868
SKU-010,2022-05-16,13,none,0,0,0.229
SKU-010,2022-05-23,96,noise,1,0,0.0065
SKU-010,2022-05-30,16,none,0,0,0.2846
SKU-010,2022-06-06,14,none,0,0,0.2708
SKU-010,2022-06-13,40,business,1,0,0.0461
SKU-010,2022-06-20,16,none,0,0,0.2786
SKU-010,2022-06-27,16,none,0,0,0.2867
SKU-010,2022-07-04,18,none,0,0,0.2052
SKU-010,2022-07-11,15,none,0,0,0.2822
SKU-010,2022-07-18,15,none,0,0,0.2748
SKU-010,2022-07-25,90,noise,1,0,0.0211
SKU-010,2022-08-01,16,none,0,0,0.2647
SKU-010,2022-08-08,15,none,0,0,0.2696
SKU-010,2022-08-15,13,none,0,0,0.2305
SKU-010,2022-08-22,16,none,0,0,0.2727
SKU-010,2022-08-29,13,none,0,0,0.2261
SKU-010,2022-09-05,14,none,0,0,0.2598
SKU-010,2022-09-12,17,none,0,0,0.2545
SKU-010,2022-09-19,17,none,0,0,0.2456
SKU-010,2022-09-26,15,none,0,0,0.2675
SKU-010,2022-10-03,12,none,0,0,0.1567
SKU-010,2022-10-10,16,none,0,0,0.266
SKU-010,2022-10-17,14,none,0,0,0.2651
SKU-010,2022-10-24,16,none,0,0,0.2617
SKU-010,2022-10-31,42,business,1,1,-0.0073
SKU-010,2022-11-07,16,none,0,0,0.2508
SKU-010,2022-11-14,17,none,0,0,0.2147
SKU-010,2022-11-21,14,none,0,0,0.228
SKU-010,2022-11-28,15,none,0,0,0.2305
SKU-010,2022-12-05,15,none,0,0,0.2236
SKU-010,2022-12-12,15,none,0,0,0.2028
SKU-010,2022-12-19,13,none,0,0,0.1254
SKU-010,2022-12-26,14,none,0,0,0.126
SKU-010,2023-01-02,14,none,0,0,0.1429
SKU-010,2023-01-09,18,none,0,0,0.1054
SKU-010,2023-01-16,15,none,0,0,0.1912
SKU-010,2023-01-23,15,none,0,0,0.2079
SKU-010,2023-01-30,17,none,0,0,0.1842
SKU-010,2023-02-06,14,none,0,0,0.2285
SKU-010,2023-02-13,14,none,0,0,0.2451
SKU-010,2023-02-20,17,none,0,0,0.2232
SKU-010,2023-02-27,14,none,0,0,0.2586
SKU-010,2023-03-06,14,none,0,0,0.265
SKU-010,2023-03-13,14,none,0,0,0.26
SKU-010,2023-03-20,17,none,0,0,0.2302
SKU-010,2023-03-27,16,none,0,0,0.2607
SKU-010,2023-04-03,15,none,0,0,0.2732
SKU-010,2023-04-10,15,none,0,0,0.2765
SKU-010,2023-04-17,15,none,0,0,0.2699
SKU-010,2023-04-24,15,none,0,0,0.2815
SKU-010,2023-05-01,28,business,1,0,0.0668
SKU-010,2023-05-08,15,none,0,0,0.2868
SKU-010,2023-05-15,13,none,0,0,0.229
SKU-010,2023-05-22,14,none,0,0,0.2659
SKU-010,2023-05-29,16,none,0,0,0.2846
SKU-010,2023-06-05,16,none,0,0,0.282
SKU-010,2023-06-12,18,none,0,0,0.2304
SKU-010,2023-06-19,17,none,0,0,0.2466
SKU-010,2023-06-26,16,none,0,0,0.2867
SKU-010,2023-07-03,15,none,0,0,0.2756
SKU-010,2023-07-10,15,none,0,0,0.2822
SKU-010,2023-07-17,16,none,0,0,0.2619
SKU-010,2023-07-24,14,none,0,0,0.2584
SKU-010,2023-07-31,17,none,0,0,0.2437
SKU-010,2023-08-07,13,none,0,0,0.2245
SKU-010,2023-08-14,18,none,0,0,0.2057
SKU-010,2023-08-21,16,none,0,0,0.2727
SKU-010,2023-08-28,17,none,0,0,0.2525
SKU-010,2023-09-04,16,none,0,0,0.2706
SKU-010,2023-09-11,16,none,0,0,0.2716
SKU-010,2023-09-18,14,none,0,0,0.2648
SKU-010,2023-09-25,13,none,0,0,0.2259
SKU-010,2023-10-02,16,none,0,0,0.2648
SKU-010,2023-10-09,14,none,0,0,0.2666
SKU-010,2023-10-16,14,none,0,0,0.2651
SKU-010,2023-10-23,14,none,0,0,0.2596
SKU-010,2023-10-30,14,none,0,0,0.2541
SKU-010,2023-11-06,17,none,0,0,0.2364
SKU-010,2023-11-13,14,none,0,0,0.2337
SKU-010,2023-11-20,16,none,0,0,0.232
SKU-010,2023-11-27,12,none,0,0,0.1119
SKU-010,2023-12-04,15,none,0,0,0.2236
SKU-010,2023-12-11,14,none,0,0,0.1971
SKU-010,2023-12-18,16,none,0,0,0.1866
SKU-010,2023-12-25,16,none,0,0,0.1586
SKU-010,2024-01-01,14,none,0,0,0.1429
SKU-010,2024-01-08,13,none,0,0,0.1345
SKU-010,2024-01-15,128,noise,1,1,-0.077
SKU-010,2024-01-22,13,none,0,0,0.156
SKU-010,2024-01-29,16,none,0,0,0.2075
SKU-010,2024-02-05,102,noise,1,1,-0.0284
SKU-010,2024-02-12,14,none,0,0,0.2451
SKU-010,2024-02-19,14,none,0,0,0.2493
SKU-010,2024-02-26,17,none,0,0,0.2237
SKU-010,2024-03-04,13,none,0,0,0.1983
SKU-010,2024-03-11,16,none,0,0,0.2547
SKU-010,2024-03-18,18,none,0,0,0.2036
SKU-010,2024-03-25,15,none,0,0,0.2718
SKU-010,2024-04-01,112,noise,1,1,-0.029
SKU-010,2024-04-08,15,none,0,0,0.2765
SKU-010,2024-04-15,18,none,0,0,0.2251
SKU-010,2024-04-22,15,none,0,0,0.2815
SKU-010,2024-04-29,18,none,0,0,0.2263
SKU-010,2024-05-06,16,none,0,0,0.2761
SKU-010,2024-05-13,15,none,0,0,0.2895
SKU-010,2024-05-20,16,none,0,0,0.2848
SKU-010,2024-05-27,15,none,0,0,0.281
SKU-010,2024-06-03,14,none,0,0,0.2708
SKU-010,2024-06-10,14,none,0,0,0.265
SKU-010,2024-06-17,31,business,1,0,0.075
SKU-010,2024-06-24,16,none,0,0,0.2867
SKU-010,2024-07-01,14,none,0,0,0.2595
SKU-010,2024-07-08,90,noise,1,0,0.0295
SKU-010,2024-07-15,15,none,0,0,0.2748
SKU-010,2024-07-22,14,none,0,0,0.2584
SKU-010,2024-07-29,13,none,0,0,0.215
SKU-010,2024-08-05,15,none,0,0,0.2696
SKU-010,2024-08-12,15,none,0,0,0.2707
SKU-010,2024-08-19,13,none,0,0,0.2308
SKU-010,2024-08-26,17,none,0,0,0.2525
SKU-010,2024-09-02,15,none,0,0,0.2703
SKU-010,2024-09-09,14,none,0,0,0.2615
SKU-010,2024-09-16,16,none,0,0,0.2655
SKU-010,2024-09-23,14,none,0,0,0.2686
SKU-010,2024-09-30,15,none,0,0,0.2699
SKU-010,2024-10-07,15,none,0,0,0.2698
SKU-010,2024-10-14,12,none,0,0,0.1617
SKU-010,2024-10-21,17,none,0,0,0.2308
SKU-010,2024-10-28,16,none,0,0,0.2643
SKU-010,2024-11-04,17,none,0,0,0.2364
SKU-010,2024-11-11,112,noise,1,1,-0.073
SKU-010,2024-11-18,15,none,0,0,0.2337
SKU-010,2024-11-25,16,none,0,0,0.2229
SKU-010,2024-12-02,14,none,0,0,0.2029
SKU-010,2024-12-09,17,none,0,0,0.1629
SKU-010,2024-12-16,17,none,0,0,0.1511
SKU-010,2024-12-23,16,none,0,0,0.1586
SKU-010,2024-12-30,14,none,0,0,0.1429
SKU-011,2022-02-07,14,none,0,0,0.1686
SKU-011,2022-02-14,14,none,0,0,0.1706
SKU-011,2022-02-21,18,none,0,0,0.1338
SKU-011,2022-02-28,16,none,0,0,0.1992
SKU-011,2022-03-07,15,none,0,0,0.2008
SKU-011,2022-03-14,14,none,0,0,0.1931
SKU-011,2022-03-21,17,none,0,0,0.1831
SKU-011,2022-03-28,15,none,0,0,0.2231
SKU-011,2022-04-04,14,none,0,0,0.2002
SKU-011,2022-04-11,15,none,0,0,0.2376
SKU-011,2022-04-18,15,none,0,0,0.2415
SKU-011,2022-04-25,15,none,0,0,0.2397
SKU-011,2022-05-02,15,none,0,0,0.233
SKU-011,2022-05-09,12,none,0,0,0.1083
SKU-011,2022-05-16,15,none,0,0,0.242
SKU-011,2022-05-23,15,none,0,0,0.2435
SKU-011,2022-05-30,13,none,0,0,0.1766
SKU-011,2022-06-06,15,none,0,0,0.2343
SKU-011,2022-06-13,19,none,0,0,0.0956
SKU-011,2022-06-20,28,business,1,0,0.032
SKU-011,2022-06-27,15,none,0,0,0.2406
SKU-011,2022-07-04,15,none,0,0,0.24
SKU-011,2022-07-11,24,business,1,0,0.0409
SKU-011,2022-07-18,15,none,0,0,0.2398
SKU-011,2022-07-25,16,none,0,0,0.2173
SKU-011,2022-08-01,15,none,0,0,0.2303
SKU-011,2022-08-08,16,none,0,0,0.2146
SKU-011,2022-08-15,16,none,0,0,0.2144
SKU-011,2022-08-22,15,none,0,0,0.2309
SKU-011,2022-08-29,14,none,0,0,0.2123
SKU-011,2022-09-05,15,none,0,0,0.2281
SKU-011,2022-09-12,14,none,0,0,0.2178
SKU-011,2022-09-19,13,none,0,0,0.1621
SKU-011,2022-09-26,35,business,1,1,-0.0425
SKU-011,2022-10-03,15,none,0,0,0.2306
SKU-011,2022-10-10,105,noise,1,1,-0.2059
SKU-011,2022-10-17,15,none,0,0,0.2346
SKU-011,2022-10-24,15,none,0,0,0.2296
SKU-011,2022-10-31,14,none,0,0,0.1893
SKU-011,2022-11-07,16,none,0,0,0.1956
SKU-011,2022-11-14,15,none,0,0,0.1973
SKU-011,2022-11-21,18,none,0,0,0.1227
SKU-011,2022-11-28,15,none,0,0,0.1756
SKU-011,2022-12-05,17,none,0,0,0.1417
SKU-011,2022-12-12,17,none,0,0,0.1334
SKU-011,2022-12-19,13,none,0,0,0.0527
SKU-011,2022-12-26,14,none,0,0,0.1
SKU-011,2023-01-02,15,none,0,0,0.0802
SKU-011,2023-01-09,12,none,0,0,0.0269
SKU-011,2023-01-16,16,none,0,0,0.1407
SKU-011,2023-01-23,16,none,0,0,0.1484
SKU-011,2023-01-30,17,none,0,0,0.1519
SKU-011,2023-02-06,18,none,0,0,0.1175
SKU-011,2023-02-13,18,none,0,0,0.1309
SKU-011,2023-02-20,16,none,0,0,0.1888
SKU-011,2023-02-27,16,none,0,0,0.1992
SKU-011,2023-03-06,17,none,0,0,0.1817
SKU-011,2023-03-13,16,none,0,0,0.1947
SKU-011,2023-03-20,13,none,0,0,0.1432
SKU-011,2023-03-27,15,none,0,0,0.2231
SKU-011,2023-04-03,37,business,1,1,-0.0594
SKU-011,2023-04-10,18,none,0,0,0.147
SKU-011,2023-04-17,16,none,0,0,0.1993
SKU-011,2023-04-24,11,none,0,0,0.0604
SKU-011,2023-05-01,14,none,0,0,0.2069
SKU-011,2023-05-08,13,none,0,0,0.186
SKU-011,2023-05-15,17,none,0,0,0.1896
SKU-011,2023-05-22,15,none,0,0,0.2435
SKU-011,2023-05-29,14,none,0,0,0.2159
SKU-011,2023-06-05,17,none,0,0,0.1999
SKU-011,2023-06-12,16,none,0,0,0.2051
SKU-011,2023-06-19,15,none,0,0,0.2438
SKU-011,2023-06-26,34,business,1,1,-0.0105
SKU-011,2023-07-03,15,none,0,0,0.24
SKU-011,2023-07-10,15,none,0,0,0.2453
SKU-011,2023-07-17,14,none,0,0,0.2037
SKU-011,2023-07-24,13,none,0,0,0.1661
SKU-011,2023-07-31,17,none,0,0,0.1952
SKU-011,2023-08-07,15,none,0,0,0.2327
SKU-011,2023-08-14,15,none,0,0,0.231
SKU-011,2023-08-21,14,none,0,0,0.2062
SKU-011,2023-08-28,14,none,0,0,0.2123
SKU-011,2023-09-04,17,none,0,0,0.1916
SKU-011,2023-09-11,14,none,0,0,0.2178
SKU-011,2023-09-18,17,none,0,0,0.1921
SKU-011,2023-09-25,16,none,0,0,0.21
SKU-011,2023-10-02,15,none,0,0,0.2306
SKU-011,2023-10-09,13,none,0,0,0.1417
SKU-011,2023-10-16,15,none,0,0,0.2346
SKU-011,2023-10-23,15,none,0,0,0.2296
SKU-011,2023-10-30,15,none,0,0,0.2176
SKU-011,2023-11-06,15,none,0,0,0.211
SKU-011,2023-11-13,16,none,0,0,0.1913
SKU-011,2023-11-20,17,none,0,0,0.1579
SKU-011,2023-11-27,14,none,0,0,0.1625
SKU-011,2023-12-04,15,none,0,0,0.1568
SKU-011,2023-12-11,16,none,0,0,0.1528
SKU-011,2023-12-18,17,none,0,0,0.1127
SKU-011,2023-12-25,15,none,0,0,0.126
SKU-011,2024-01-01,16,none,0,0,0.0885
SKU-011,2024-01-08,29,business,1,1,-0.05
SKU-011,2024-01-15,14,none,0,0,0.1199
SKU-011,2024-01-22,14,none,0,0,0.1298
SKU-011,2024-01-29,16,none,0,0,0.1751
SKU-011,2024-02-05,13,none,0,0,0.1164
SKU-011,2024-02-12,16,none,0,0,0.1845
SKU-011,2024-02-19,17,none,0,0,0.172
SKU-011,2024-02-26,14,none,0,0,0.1879
SKU-011,2024-03-04,14,none,0,0,0.1968
SKU-011,2024-03-11,17,none,0,0,0.1855
SKU-011,2024-03-18,15,none,0,0,0.2192
SKU-011,2024-03-25,29,business,1,0,0.0093
SKU-011,2024-04-01,14,none,0,0,0.2002
SKU-011,2024-04-08,15,none,0,0,0.2376
SKU-011,2024-04-15,15,none,0,0,0.2415
SKU-011,2024-04-22,13,none,0,0,0.1851
SKU-011,2024-04-29,17,none,0,0,0.1821
SKU-011,2024-05-06,14,none,0,0,0.2109
SKU-011,2024-05-13,15,none,0,0,0.242
SKU-011,2024-05-20,15,none,0,0,0.2435
SKU-011,2024-05-27,14,none,0,0,0.2159
SKU-011,2024-06-03,17,none,0,0,0.1999
SKU-011,2024-06-10,15,none,0,0,0.2369
SKU-011,2024-06-17,13,none,0,0,0.178
SKU-011,2024-06-24,14,none,0,0,0.2059
SKU-011,2024-07-01,13,none,0,0,0.175
SKU-011,2024-07-08,15,none,0,0,0.2453
SKU-011,2024-07-15,16,none,0,0,0.2187
SKU-011,2024-07-22,17,none,0,0,0.2062
SKU-011,2024-07-29,15,none,0,0,0.2303
SKU-011,2024-08-05,18,none,0,0,0.1526
SKU-011,2024-08-12,17,none,0,0,0.2014
SKU-011,2024-08-19,13,none,0,0,0.1538
SKU-011,2024-08-26,17,none,0,0,0.1998
SKU-011,2024-09-02,16,none,0,0,0.2087
SKU-011,2024-09-09,15,none,0,0,0.2309
SKU-011,2024-09-16,15,none,0,0,0.2322
SKU-011,2024-09-23,14,none,0,0,0.2082
SKU-011,2024-09-30,14,none,0,0,0.2088
SKU-011,2024-10-07,16,none,0,0,0.2116
SKU-011,2024-10-14,16,none,0,0,0.214
SKU-011,2024-10-21,17,none,0,0,0.1808
SKU-011,2024-10-28,17,none,0,0,0.1724
SKU-011,2024-11-04,14,none,0,0,0.181
SKU-011,2024-11-11,16,none,0,0,0.1913
SKU-011,2024-11-18,18,none,0,0,0.1227
SKU-011,2024-11-25,14,none,0,0,0.1625
SKU-011,2024-12-02,19,none,0,0,0.0439
SKU-011,2024-12-09,16,none,0,0,0.1528
SKU-011,2024-12-16,14,none,0,0,0.1287
SKU-011,2024-12-23,15,none,0,0,0.126
SKU-011,2024-12-30,13,none,0,0,0.0563
SKU-012,2022-02-07,21,none,0,0,0.1185
SKU-012,2022-02-14,22,none,0,0,0.0865
SKU-012,2022-02-21,20,none,0,0,0.1045
SKU-012,2022-02-28,14,none,0,0,0.1286
SKU-012,2022-03-07,16,none,0,0,0.154
SKU-012,2022-03-14,14,none,0,0,0.1753
SKU-012,2022-03-21,12,none,0,0,0.0785
SKU-012,2022-03-28,15,none,0,0,0.1845
SKU-012,2022-04-04,17,none,0,0,0.1406
SKU-012,2022-04-11,14,none,0,0,0.1911
SKU-012,2022-04-18,14,none,0,0,0.1851
SKU-012,2022-04-25,18,none,0,0,0.1136
SKU-012,2022-05-02,12,none,0,0,0.1294
SKU-012,2022-05-09,17,none,0,0,0.1464
SKU-012,2022-05-16,14,none,0,0,0.1894
SKU-012,2022-05-23,16,none,0,0,0.1647
SKU-012,2022-05-30,11,none,0,0,0.1336
SKU-012,2022-06-06,11,none,0,0,0.1617
SKU-012,2022-06-13,10,none,0,0,0.1376
SKU-012,2022-06-20,12,none,0,0,0.1723
SKU-012,2022-06-27,9,none,0,0,0.05
SKU-012,2022-07-04,10,none,0,0,0.1487
SKU-012,2022-07-11,11,none,0,0,0.1657
SKU-012,2022-07-18,12,none,0,0,0.1752
SKU-012,2022-07-25,12,none,0,0,0.1732
SKU-012,2022-08-01,10,none,0,0,0.1418
SKU-012,2022-08-08,10,none,0,0,0.1265
SKU-012,2022-08-15,12,none,0,0,0.1856
SKU-012,2022-08-22,9,none,0,0,0.0702
SKU-012,2022-08-29,11,none,0,0,0.1305
SKU-012,2022-09-05,16,none,0,0,0.1572
SKU-012,2022-09-12,14,none,0,0,0.1519
SKU-012,2022-09-19,13,none,0,0,0.15
SKU-012,2022-09-26,15,none,0,0,0.1777
SKU-012,2022-10-03,14,none,0,0,0.15
SKU-012,2022-10-10,12,none,0,0,0.1191
SKU-012,2022-10-17,15,none,0,0,0.1789
SKU-012,2022-10-24,15,none,0,0,0.1748
SKU-012,2022-10-31,16,none,0,0,0.1598
SKU-012,2022-11-07,23,none,0,0,0.079
SKU-012,2022-11-14,20,none,0,0,0.16
SKU-012,2022-11-21,19,none,0,0,0.1539
SKU-012,2022-11-28,54,business,1,1,-0.1802
SKU-012,2022-12-05,20,none,0,0,0.1495
SKU-012,2022-12-12,20,none,0,0,0.1406
SKU-012,2022-12-19,21,none,0,0,0.113
SKU-012,2022-12-26,19,none,0,0,0.0825
SKU-012,2023-01-02,23,none,0,0,0.009
SKU-012,2023-01-09,18,none,0,0,0.0796
SKU-012,2023-01-16,18,none,0,0,0.0812
SKU-012,2023-01-23,21,none,0,0,0.0764
SKU-012,2023-01-30,21,none,0,0,0.1105
SKU-012,2023-02-06,19,none,0,0,0.1104
SKU-012,2023-02-13,18,none,0,0,0.1113
SKU-012,2023-02-20,19,none,0,0,0.1161
SKU-012,2023-02-27,16,none,0,0,0.1382
SKU-012,2023-03-06,15,none,0,0,0.154
SKU-012,2023-03-13,17,none,0,0,0.1287
SKU-012,2023-03-20,14,none,0,0,0.1852
SKU-012,2023-03-27,14,none,0,0,0.1872
SKU-012,2023-04-03,14,none,0,0,0.1896
SKU-012,2023-04-10,14,none,0,0,0.1911
SKU-012,2023-04-17,15,none,0,0,0.179
SKU-012,2023-04-24,14,none,0,0,0.1785
SKU-012,2023-05-01,16,none,0,0,0.1713
SKU-012,2023-05-08,14,none,0,0,0.1834
SKU-012,2023-05-15,14,none,0,0,0.1894
SKU-012,2023-05-22,15,none,0,0,0.1781
SKU-012,2023-05-29,12,none,0,0,0.1635
SKU-012,2023-06-05,14,none,0,0,0.1417
SKU-012,2023-06-12,11,none,0,0,0.1704
SKU-012,2023-06-19,11,none,0,0,0.1713
SKU-012,2023-06-26,11,none,0,0,0.1692
SKU-012,2023-07-03,10,none,0,0,0.1487
SKU-012,2023-07-10,12,none,0,0,0.1702
SKU-012,2023-07-17,12,none,0,0,0.1752
SKU-012,2023-07-24,11,none,0,0,0.168
SKU-012,2023-07-31,10,none,0,0,0.1418
SKU-012,2023-08-07,11,none,0,0,0.1598
SKU-012,2023-08-14,11,none,0,0,0.1593
SKU-012,2023-08-21,12,none,0,0,0.1799
SKU-012,2023-08-28,29,business,1,1,-0.0307
SKU-012,2023-09-04,13,none,0,0,0.1474
SKU-012,2023-09-11,16,none,0,0,0.1693
SKU-012,2023-09-18,16,none,0,0,0.1711
SKU-012,2023-09-25,17,none,0,0,0.1593
SKU-012,2023-10-02,34,business,1,1,-0.0682
SKU-012,2023-10-09,17,none,0,0,0.1531
SKU-012,2023-10-16,16,none,0,0,0.1649
SKU-012,2023-10-23,15,none,0,0,0.1748
SKU-012,2023-10-30,14,none,0,0,0.127
SKU-012,2023-11-06,20,none,0,0,0.1466
SKU-012,2023-11-13,21,none,0,0,0.138
SKU-012,2023-11-20,21,none,0,0,0.1345
SKU-012,2023-11-27,20,none,0,0,0.144
SKU-012,2023-12-04,17,none,0,0,0.1068
SKU-012,2023-12-11,19,none,0,0,0.1349
SKU-012,2023-12-18,16,none,0,0,0.0588
SKU-012,2023-12-25,21,none,0,0,0.0991
SKU-012,2024-01-01,18,none,0,0,0.042
SKU-012,2024-01-08,22,none,0,0,0.0599
SKU-012,2024-01-15,19,none,0,0,0.0801
SKU-012,2024-01-22,19,none,0,0,0.0933
SKU-012,2024-01-29,22,none,0,0,0.0876
SKU-012,2024-02-05,23,none,0,0,0.0413
SKU-012,2024-02-12,21,none,0,0,0.1182
SKU-012,2024-02-19,21,none,0,0,0.103
SKU-012,2024-02-26,15,none,0,0,0.1469
SKU-012,2024-03-04,16,none,0,0,0.154
SKU-012,2024-03-11,14,none,0,0,0.1753
SKU-012,2024-03-18,15,none,0,0,0.1824
SKU-012,2024-03-25,15,none,0,0,0.1845
SKU-012,2024-04-01,14,none,0,0,0.1896
SKU-012,2024-04-08,15,none,0,0,0.1831
SKU-012,2024-04-15,13,none,0,0,0.1309
SKU-012,2024-04-22,17,none,0,0,0.1505
SKU-012,2024-04-29,13,none,0,0,0.1469
SKU-012,2024-05-06,16,none,0,0,0.1775
SKU-012,2024-05-13,16,none,0,0,0.1774
SKU-012,2024-05-20,15,none,0,0,0.1781
SKU-012,2024-05-27,12,none,0,0,0.1635
SKU-012,2024-06-03,10,none,0,0,0.1277
SKU-012,2024-06-10,12,none,0,0,0.1715
SKU-012,2024-06-17,10,none,0,0,0.1439
SKU-012,2024-06-24,26,business,1,1,-0.0101
SKU-012,2024-07-01,11,none,0,0,0.1655
SKU-012,2024-07-08,24,business,1,0,0.0166
SKU-012,2024-07-15,10,none,0,0,0.1248
SKU-012,2024-07-22,11,none,0,0,0.168
SKU-012,2024-07-29,12,none,0,0,0.175
SKU-012,2024-08-05,13,none,0,0,0.1415
SKU-012,2024-08-12,12,none,0,0,0.1856
SKU-012,2024-08-19,12,none,0,0,0.1799
SKU-012,2024-08-26,9,none,0,0,0.0533
SKU-012,2024-09-02,15,none,0,0,0.161
SKU-012,2024-09-09,17,none,0,0,0.1424
SKU-012,2024-09-16,15,none,0,0,0.1751
SKU-012,2024-09-23,13,none,0,0,0.1592
SKU-012,2024-09-30,17,none,0,0,0.1564
SKU-012,2024-10-07,13,none,0,0,0.1477
SKU-012,2024-10-14,15,none,0,0,0.1789
SKU-012,2024-10-21,15,none,0,0,0.1748
SKU-012,2024-10-28,17,none,0,0,0.1486
SKU-012,2024-11-04,20,none,0,0,0.1466
SKU-012,2024-11-11,18,none,0,0,0.1419
SKU-012,2024-11-18,19,none,0,0,0.1539
SKU-012,2024-11-25,32,business,1,1,-0.0401
SKU-012,2024-12-02,22,none,0,0,0.0908
SKU-012,2024-12-09,18,none,0,0,0.112
SKU-012,2024-12-16,20,none,0,0,0.127
SKU-012,2024-12-23,21,none,0,0,0.0991
SKU-012,2024-12-30,22,none,0,0,0.045
SKU-013,2022-02-07,17,none,0,0,0.1743
SKU-013,2022-02-14,120,noise,1,1,-0.0842
SKU-013,2022-02-21,14,none,0,0,0.2391
SKU-013,2022-02-28,15,none,0,0,0.2363
SKU-013,2022-03-07,15,none,0,0,0.247
SKU-013,2022-03-14,16,none,0,0,0.2258
SKU-013,2022-03-21,15,none,0,0,0.2469
SKU-013,2022-03-28,15,none,0,0,0.2569
SKU-013,2022-04-04,15,none,0,0,0.2632
SKU-013,2022-04-11,15,none,0,0,0.2645
SKU-013,2022-04-18,14,none,0,0,0.2541
SKU-013,2022-04-25,13,none,0,0,0.2283
SKU-013,2022-05-02,14,none,0,0,0.2542
SKU-013,2022-05-09,15,none,0,0,0.2683
SKU-013,2022-05-16,14,none,0,0,0.2501
SKU-013,2022-05-23,14,none,0,0,0.2552
SKU-013,2022-05-30,126,noise,1,1,-0.087
SKU-013,2022-06-06,13,none,0,0,0.2174
SKU-013,2022-06-13,13,none,0,0,0.2169
SKU-013,2022-06-20,15,none,0,0,0.278
SKU-013,2022-06-27,17,none,0,0,0.1995
SKU-013,2022-07-04,15,none,0,0,0.2654
SKU-013,2022-07-11,13,none,0,0,0.2224
SKU-013,2022-07-18,14,none,0,0,0.2462
SKU-013,2022-07-25,29,business,1,1,-0.0184
SKU-013,2022-08-01,14,none,0,0,0.2569
SKU-013,2022-08-08,15,none,0,0,0.264
SKU-013,2022-08-15,13,none,0,0,0.2355
SKU-013,2022-08-22,15,none,0,0,0.2722
SKU-013,2022-08-29,17,none,0,0,0.2275
SKU-013,2022-09-05,13,none,0,0,0.2363
SKU-013,2022-09-12,13,none,0,0,0.2415
SKU-013,2022-09-19,16,none,0,0,0.251
SKU-013,2022-09-26,10,none,0,0,0.089
SKU-013,2022-10-03,15,none,0,0,0.2585
SKU-013,2022-10-10,14,none,0,0,0.2473
SKU-013,2022-10-17,17,none,0,0,0.2021
SKU-013,2022-10-24,14,none,0,0,0.2463
SKU-013,2022-10-31,16,none,0,0,0.2363
SKU-013,2022-11-07,14,none,0,0,0.2333
SKU-013,2022-11-14,15,none,0,0,0.2279
SKU-013,2022-11-21,13,none,0,0,0.1921
SKU-013,2022-11-28,16,none,0,0,0.2252
SKU-013,2022-12-05,11,none,0,0,0.1011
SKU-013,2022-12-12,15,none,0,0,0.1898
SKU-013,2022-12-19,15,none,0,0,0.1757
SKU-013,2022-12-26,11,none,0,0,0.0614
SKU-013,2023-01-02,14,none,0,0,0.15
SKU-013,2023-01-09,14,none,0,0,0.1578
SKU-013,2023-01-16,16,none,0,0,0.1676
SKU-013,2023-01-23,18,none,0,0,0.0876
SKU-013,2023-01-30,16,none,0,0,0.2089
SKU-013,2023-02-06,14,none,0,0,0.2214
SKU-013,2023-02-13,14,none,0,0,0.2273
SKU-013,2023-02-20,14,none,0,0,0.2391
SKU-013,2023-02-27,17,none,0,0,0.1865
SKU-013,2023-03-06,13,none,0,0,0.2128
SKU-013,2023-03-13,14,none,0,0,0.241
SKU-013,2023-03-20,16,none,0,0,0.2291
SKU-013,2023-03-27,17,none,0,0,0.1987
SKU-013,2023-04-03,14,none,0,0,0.2554
SKU-013,2023-04-10,12,none,0,0,0.1705
SKU-013,2023-04-17,15,none,0,0,0.2566
SKU-013,2023-04-24,15,none,0,0,0.264
SKU-013,2023-05-01,12,none,0,0,0.1652
SKU-013,2023-05-08,13,none,0,0,0.2228
SKU-013,2023-05-15,15,none,0,0,0.267
SKU-013,2023-05-22,16,none,0,0,0.2277
SKU-013,2023-05-29,16,none,0,0,0.2334
SKU-013,2023-06-05,15,none,0,0,0.2698
SKU-013,2023-06-12,15,none,0,0,0.2686
SKU-013,2023-06-19,16,none,0,0,0.2488
SKU-013,2023-06-26,16,none,0,0,0.2477
SKU-013,2023-07-03,16,none,0,0,0.2413
SKU-013,2023-07-10,17,none,0,0,0.2111
SKU-013,2023-07-17,15,none,0,0,0.255
SKU-013,2023-07-24,15,none,0,0,0.2625
SKU-013,2023-07-31,112,noise,1,1,-0.1027
SKU-013,2023-08-07,14,none,0,0,0.2596
SKU-013,2023-08-14,17,none,0,0,0.2195
SKU-013,2023-08-21,15,none,0,0,0.2722
SKU-013,2023-08-28,12,none,0,0,0.1693
SKU-013,2023-09-04,16,none,0,0,0.2515
SKU-013,2023-09-11,16,none,0,0,0.2508
SKU-013,2023-09-18,13,none,0,0,0.2362
SKU-013,2023-09-25,14,none,0,0,0.25
SKU-013,2023-10-02,16,none,0,0,0.25
SKU-013,2023-10-09,16,none,0,0,0.2464
SKU-013,2023-10-16,13,none,0,0,0.2322
SKU-013,2023-10-23,14,none,0,0,0.2463
SKU-013,2023-10-30,15,none,0,0,0.2459
SKU-013,2023-11-06,15,none,0,0,0.2417
SKU-013,2023-11-13,16,none,0,0,0.2278
SKU-013,2023-11-20,12,none,0,0,0.1359
SKU-013,2023-11-27,16,none,0,0,0.2252
SKU-013,2023-12-04,16,none,0,0,0.1979
SKU-013,2023-12-11,17,none,0,0,0.1281
SKU-013,2023-12-18,13,none,0,0,0.115
SKU-013,2023-12-25,16,none,0,0,0.1384
SKU-013,2024-01-01,14,none,0,0,0.15
SKU-013,2024-01-08,15,none,0,0,0.1629
SKU-013,2024-01-15,15,none,0,0,0.1888
SKU-013,2024-01-22,15,none,0,0,0.1917
SKU-013,2024-01-29,16,none,0,0,0.2089
SKU-013,2024-02-05,13,none,0,0,0.1929
SKU-013,2024-02-12,12,none,0,0,0.1406
SKU-013,2024-02-19,13,none,0,0,0.2069
SKU-013,2024-02-26,14,none,0,0,0.2393
SKU-013,2024-03-04,84,noise,1,1,-0.0691
SKU-013,2024-03-11,17,none,0,0,0.2028
SKU-013,2024-03-18,17,none,0,0,0.2055
SKU-013,2024-03-25,13,none,0,0,0.2136
SKU-013,2024-04-01,14,none,0,0,0.2554
SKU-013,2024-04-08,16,none,0,0,0.2326
SKU-013,2024-04-15,14,none,0,0,0.2541
SKU-013,2024-04-22,14,none,0,0,0.26
SKU-013,2024-04-29,17,none,0,0,0.189
SKU-013,2024-05-06,15,none,0,0,0.2683
SKU-013,2024-05-13,15,none,0,0,0.267
SKU-013,2024-05-20,14,none,0,0,0.2552
SKU-013,2024-05-27,15,none,0,0,0.2665
SKU-013,2024-06-03,15,none,0,0,0.2698
SKU-013,2024-06-10,15,none,0,0,0.2686
SKU-013,2024-06-17,15,none,0,0,0.278
SKU-013,2024-06-24,14,none,0,0,0.254
SKU-013,2024-07-01,14,none,0,0,0.2532
SKU-013,2024-07-08,14,none,0,0,0.256
SKU-013,2024-07-15,18,none,0,0,0.1337
SKU-013,2024-07-22,14,none,0,0,0.2535
SKU-013,2024-07-29,16,none,0,0,0.2423
SKU-013,2024-08-05,14,none,0,0,0.2596
SKU-013,2024-08-12,14,none,0,0,0.2604
SKU-013,2024-08-19,15,none,0,0,0.2722
SKU-013,2024-08-26,17,none,0,0,0.2275
SKU-013,2024-09-02,15,none,0,0,0.2584
SKU-013,2024-09-09,14,none,0,0,0.2499
SKU-013,2024-09-16,16,none,0,0,0.251
SKU-013,2024-09-23,18,none,0,0,0.1377
SKU-013,2024-09-30,13,none,0,0,0.2307
SKU-013,2024-10-07,15,none,0,0,0.2579
SKU-013,2024-10-14,14,none,0,0,0.2472
SKU-013,2024-10-21,11,none,0,0,0.1272
SKU-013,2024-10-28,17,none,0,0,0.1983
SKU-013,2024-11-04,14,none,0,0,0.2333
SKU-013,2024-11-11,17,none,0,0,0.1829
SKU-013,2024-11-18,16,none,0,0,0.2216
SKU-013,2024-11-25,15,none,0,0,0.2146
SKU-013,2024-12-02,17,none,0,0,0.1573
SKU-013,2024-12-09,15,none,0,0,0.1898
SKU-013,2024-12-16,15,none,0,0,0.1757
SKU-013,2024-12-23,16,none,0,0,0.1384
SKU-013,2024-12-30,11,none,0,0,0.0163
SKU-014,2022-02-07,13,none,0,0,0.1534
SKU-014,2022-02-14,16,none,0,0,0.1453
SKU-014,2022-02-21,14,none,0,0,0.1731
SKU-014,2022-02-28,14,none,0,0,0.1754
SKU-014,2022-03-07,15,none,0,0,0.2054
SKU-014,2022-03-14,15,none,0,0,0.211
SKU-014,2022-03-21,16,none,0,0,0.1865
SKU-014,2022-03-28,15,none,0,0,0.2244
SKU-014,2022-04-04,15,none,0,0,0.2213
SKU-014,2022-04-11,17,none,0,0,0.1764
SKU-014,2022-04-18,17,none,0,0,0.1815
SKU-014,2022-04-25,15,none,0,0,0.2214
SKU-014,2022-05-02,14,none,0,0,0.2115
SKU-014,2022-05-09,12,none,0,0,0.1002
SKU-014,2022-05-16,16,none,0,0,0.2221
SKU-014,2022-05-23,16,none,0,0,0.2215
SKU-014,2022-05-30,17,none,0,0,0.2078
SKU-014,2022-06-06,135,noise,1,1,-0.1894
SKU-014,2022-06-13,13,none,0,0,0.1932
SKU-014,2022-06-20,15,none,0,0,0.2225
SKU-014,2022-06-27,16,none,0,0,0.2315
SKU-014,2022-07-04,15,none,0,0,0.2281
SKU-014,2022-07-11,13,none,0,0,0.1916
SKU-014,2022-07-18,17,none,0,0,0.2145
SKU-014,2022-07-25,13,none,0,0,0.1886
SKU-014,2022-08-01,15,none,0,0,0.2221
SKU-014,2022-08-08,17,none,0,0,0.2087
SKU-014,2022-08-15,16,none,0,0,0.2223
SKU-014,2022-08-22,26,business,1,0,0.018
SKU-014,2022-08-29,14,none,0,0,0.2076
SKU-014,2022-09-05,16,none,0,0,0.2127
SKU-014,2022-09-12,13,none,0,0,0.1708
SKU-014,2022-09-19,15,none,0,0,0.2169
SKU-014,2022-09-26,13,none,0,0,0.1592
SKU-014,2022-10-03,14,none,0,0,0.1972
SKU-014,2022-10-10,19,none,0,0,0.1074
SKU-014,2022-10-17,16,none,0,0,0.2045
SKU-014,2022-10-24,17,none,0,0,0.2049
SKU-014,2022-10-31,17,none,0,0,0.195
SKU-014,2022-11-07,14,none,0,0,0.1875
SKU-014,2022-11-14,39,business,1,1,-0.0297
SKU-014,2022-11-21,33,business,1,1,-0.0203
SKU-014,2022-11-28,15,none,0,0,0.1826
SKU-014,2022-12-05,15,none,0,0,0.176
SKU-014,2022-12-12,14,none,0,0,0.1513
SKU-014,2022-12-19,14,none,0,0,0.1536
SKU-014,2022-12-26,15,none,0,0,0.1332
SKU-014,2023-01-02,15,none,0,0,0.0872
SKU-014,2023-01-09,13,none,0,0,0.1023
SKU-014,2023-01-16,13,none,0,0,0.1379
SKU-014,2023-01-23,13,none,0,0,0.1336
SKU-014,2023-01-30,14,none,0,0,0.1461
SKU-014,2023-02-06,15,none,0,0,0.1587
SKU-014,2023-02-13,13,none,0,0,0.159
SKU-014,2023-02-20,14,none,0,0,0.1731
SKU-014,2023-02-27,16,none,0,0,0.1747
SKU-014,2023-03-06,17,none,0,0,0.1522
SKU-014,2023-03-13,15,none,0,0,0.211
SKU-014,2023-03-20,15,none,0,0,0.2154
SKU-014,2023-03-27,15,none,0,0,0.2244
SKU-014,2023-04-03,14,none,0,0,0.2012
SKU-014,2023-04-10,15,none,0,0,0.2171
SKU-014,2023-04-17,14,none,0,0,0.2033
SKU-014,2023-04-24,15,none,0,0,0.2214
SKU-014,2023-05-01,14,none,0,0,0.2115
SKU-014,2023-05-08,14,none,0,0,0.2185
SKU-014,2023-05-15,16,none,0,0,0.2221
SKU-014,2023-05-22,15,none,0,0,0.2242
SKU-014,2023-05-29,14,none,0,0,0.2062
SKU-014,2023-06-05,15,none,0,0,0.2214
SKU-014,2023-06-12,13,none,0,0,0.1932
SKU-014,2023-06-19,17,none,0,0,0.2193
SKU-014,2023-06-26,13,none,0,0,0.1918
SKU-014,2023-07-03,15,none,0,0,0.2281
SKU-014,2023-07-10,16,none,0,0,0.2311
SKU-014,2023-07-17,15,none,0,0,0.2197
SKU-014,2023-07-24,18,none,0,0,0.1547
SKU-014,2023-07-31,16,none,0,0,0.2179
SKU-014,2023-08-07,13,none,0,0,0.1953
SKU-014,2023-08-14,10,none,0,0,0.0407
SKU-014,2023-08-21,13,none,0,0,0.1922
SKU-014,2023-08-28,14,none,0,0,0.2076
SKU-014,2023-09-04,15,none,0,0,0.2205
SKU-014,2023-09-11,16,none,0,0,0.2141
SKU-014,2023-09-18,17,none,0,0,0.2002
SKU-014,2023-09-25,15,none,0,0,0.2111
SKU-014,2023-10-02,15,none,0,0,0.1962
SKU-014,2023-10-09,16,none,0,0,0.2008
SKU-014,2023-10-16,17,none,0,0,0.2036
SKU-014,2023-10-23,85,noise,1,1,-0.1397
SKU-014,2023-10-30,14,none,0,0,0.1783
SKU-014,2023-11-06,14,none,0,0,0.1875
SKU-014,2023-11-13,13,none,0,0,0.1311
SKU-014,2023-11-20,15,none,0,0,0.1823
SKU-014,2023-11-27,15,none,0,0,0.1826
SKU-014,2023-12-04,16,none,0,0,0.1616
SKU-014,2023-12-11,18,none,0,0,0.0827
SKU-014,2023-12-18,15,none,0,0,0.1444
SKU-014,2023-12-25,14,none,0,0,0.1056
SKU-014,2024-01-01,15,none,0,0,0.0872
SKU-014,2024-01-08,16,none,0,0,0.0842
SKU-014,2024-01-15,13,none,0,0,0.1379
SKU-014,2024-01-22,12,none,0,0,0.0537
SKU-014,2024-01-29,14,none,0,0,0.1461
SKU-014,2024-02-05,17,none,0,0,0.1052
SKU-014,2024-02-12,13,none,0,0,0.159
SKU-014,2024-02-19,39,business,1,1,-0.0981
SKU-014,2024-02-26,12,none,0,0,0.0852
SKU-014,2024-03-04,15,none,0,0,0.2054
SKU-014,2024-03-11,16,none,0,0,0.1837
SKU-014,2024-03-18,17,none,0,0,0.1585
SKU-014,2024-03-25,15,none,0,0,0.2244
SKU-014,2024-04-01,14,none,0,0,0.2012
SKU-014,2024-04-08,14,none,0,0,0.1999
SKU-014,2024-04-15,16,none,0,0,0.1968
SKU-014,2024-04-22,14,none,0,0,0.203
SKU-014,2024-04-29,15,none,0,0,0.215
SKU-014,2024-05-06,14,none,0,0,0.2185
SKU-014,2024-05-13,18,none,0,0,0.1167
SKU-014,2024-05-20,14,none,0,0,0.2184
SKU-014,2024-05-27,17,none,0,0,0.2078
SKU-014,2024-06-03,17,none,0,0,0.2121
SKU-014,2024-06-10,17,none,0,0,0.2162
SKU-014,2024-06-17,17,none,0,0,0.2193
SKU-014,2024-06-24,16,none,0,0,0.2315
SKU-014,2024-07-01,16,none,0,0,0.226
SKU-014,2024-07-08,17,none,0,0,0.2194
SKU-014,2024-07-15,16,none,0,0,0.2225
SKU-014,2024-07-22,17,none,0,0,0.213
SKU-014,2024-07-29,14,none,0,0,0.2131
SKU-014,2024-08-05,15,none,0,0,0.2234
SKU-014,2024-08-12,14,none,0,0,0.2145
SKU-014,2024-08-19,15,none,0,0,0.2304
SKU-014,2024-08-26,18,none,0,0,0.1646
SKU-014,2024-09-02,15,none,0,0,0.2205
SKU-014,2024-09-09,14,none,0,0,0.2051
SKU-014,2024-09-16,16,none,0,0,0.2159
SKU-014,2024-09-23,17,none,0,0,0.2002
SKU-014,2024-09-30,14,none,0,0,0.1972
SKU-014,2024-10-07,14,none,0,0,0.184
SKU-014,2024-10-14,17,none,0,0,0.2036
SKU-014,2024-10-21,17,none,0,0,0.2049
SKU-014,2024-10-28,16,none,0,0,0.2036
SKU-014,2024-11-04,16,none,0,0,0.1988
SKU-014,2024-11-11,14,none,0,0,0.1832
SKU-014,2024-11-18,16,none,0,0,0.1817
SKU-014,2024-11-25,17,none,0,0,0.1496
SKU-014,2024-12-02,14,none,0,0,0.1602
SKU-014,2024-12-09,15,none,0,0,0.1608
SKU-014,2024-12-16,14,none,0,0,0.1536
SKU-014,2024-12-23,15,none,0,0,0.1332
SKU-014,2024-12-30,15,none,0,0,0.0872
SKU-015,2022-02-07,90,noise,1,1,-0.0935
SKU-015,2022-02-14,16,none,0,0,0.2206
SKU-015,2022-02-21,15,none,0,0,0.2578
SKU-015,2022-02-28,15,none,0,0,0.2651
SKU-015,2022-03-07,14,none,0,0,0.2511
SKU-015,2022-03-14,13,none,0,0,0.2097
SKU-015,2022-03-21,14,none,0,0,0.254
SKU-015,2022-03-28,15,none,0,0,0.2661
SKU-015,2022-04-04,14,none,0,0,0.2465
SKU-015,2022-04-11,35,business,1,0,0.0197
SKU-015,2022-04-18,17,none,0,0,0.2467
SKU-015,2022-04-25,15,none,0,0,0.2705
SKU-015,2022-05-02,14,none,0,0,0.2567
SKU-015,2022-05-09,16,none,0,0,0.2484
SKU-015,2022-05-16,15,none,0,0,0.2623
SKU-015,2022-05-23,15,none,0,0,0.2541
SKU-015,2022-05-30,16,none,0,0,0.2425
SKU-015,2022-06-06,13,none,0,0,0.2131
SKU-015,2022-06-13,14,none,0,0,0.2453
SKU-015,2022-06-20,16,none,0,0,0.2581
SKU-015,2022-06-27,14,none,0,0,0.2497
SKU-015,2022-07-04,17,none,0,0,0.2346
SKU-015,2022-07-11,13,none,0,0,0.1915
SKU-015,2022-07-18,15,none,0,0,0.2751
SKU-015,2022-07-25,18,none,0,0,0.1817
SKU-015,2022-08-01,14,none,0,0,0.2415
SKU-015,2022-08-08,14,none,0,0,0.2373
SKU-015,2022-08-15,17,none,0,0,0.2205
SKU-015,2022-08-22,15,none,0,0,0.26
SKU-015,2022-08-29,13,none,0,0,0.2085
SKU-015,2022-09-05,14,none,0,0,0.2297
SKU-015,2022-09-12,16,none,0,0,0.2696
SKU-015,2022-09-19,16,none,0,0,0.2715
SKU-015,2022-09-26,16,none,0,0,0.27
SKU-015,2022-10-03,14,none,0,0,0.2214
SKU-015,2022-10-10,17,none,0,0,0.236
SKU-015,2022-10-17,16,none,0,0,0.257
SKU-015,2022-10-24,15,none,0,0,0.258
SKU-015,2022-10-31,117,noise,1,1,-0.0222
SKU-015,2022-11-07,15,none,0,0,0.2551
SKU-015,2022-11-14,15,none,0,0,0.2413
SKU-015,2022-11-21,14,none,0,0,0.1896
SKU-015,2022-11-28,18,none,0,0,0.145
SKU-015,2022-12-05,16,none,0,0,0.205
SKU-015,2022-12-12,15,none,0,0,0.2165
SKU-015,2022-12-19,15,none,0,0,0.1842
SKU-015,2022-12-26,15,none,0,0,0.1516
SKU-015,2023-01-02,14,none,0,0,0.1301
SKU-015,2023-01-09,15,none,0,0,0.2003
SKU-015,2023-01-16,13,none,0,0,0.1501
SKU-015,2023-01-23,17,none,0,0,0.1625
SKU-015,2023-01-30,15,none,0,0,0.2199
SKU-015,2023-02-06,14,none,0,0,0.2115
SKU-015,2023-02-13,13,none,0,0,0.1776
SKU-015,2023-02-20,16,none,0,0,0.2302
SKU-015,2023-02-27,15,none,0,0,0.2651
SKU-015,2023-03-06,15,none,0,0,0.2657
SKU-015,2023-03-13,33,business,1,0,0.0198
SKU-015,2023-03-20,17,none,0,0,0.2387
SKU-015,2023-03-27,17,none,0,0,0.2459
SKU-015,2023-04-03,17,none,0,0,0.2498
SKU-015,2023-04-10,15,none,0,0,0.266
SKU-015,2023-04-17,15,none,0,0,0.2662
SKU-015,2023-04-24,14,none,0,0,0.2545
SKU-015,2023-05-01,17,none,0,0,0.2364
SKU-015,2023-05-08,13,none,0,0,0.2014
SKU-015,2023-05-15,16,none,0,0,0.2522
SKU-015,2023-05-22,16,none,0,0,0.2527
SKU-015,2023-05-29,15,none,0,0,0.2555
SKU-015,2023-06-05,13,none,0,0,0.2131
SKU-015,2023-06-12,17,none,0,0,0.2236
SKU-015,2023-06-19,15,none,0,0,0.2731
SKU-015,2023-06-26,14,none,0,0,0.2497
SKU-015,2023-07-03,17,none,0,0,0.2346
SKU-015,2023-07-10,15,none,0,0,0.2781
SKU-015,2023-07-17,16,none,0,0,0.2509
SKU-015,2023-07-24,15,none,0,0,0.2657
SKU-015,2023-07-31,15,none,0,0,0.2664
SKU-015,2023-08-07,16,none,0,0,0.2629
SKU-015,2023-08-14,16,none,0,0,0.2616
SKU-015,2023-08-21,112,noise,1,1,-0.0458
SKU-015,2023-08-28,13,none,0,0,0.2085
SKU-015,2023-09-04,18,none,0,0,0.1708
SKU-015,2023-09-11,15,none,0,0,0.2594
SKU-015,2023-09-18,16,none,0,0,0.2715
SKU-015,2023-09-25,16,none,0,0,0.27
SKU-015,2023-10-02,15,none,0,0,0.261
SKU-015,2023-10-09,15,none,0,0,0.2645
SKU-015,2023-10-16,17,none,0,0,0.2336
SKU-015,2023-10-23,105,noise,1,1,-0.0225
SKU-015,2023-10-30,19,none,0,0,0.1133
SKU-015,2023-11-06,15,none,0,0,0.2551
SKU-015,2023-11-13,16,none,0,0,0.2261
SKU-015,2023-11-20,18,none,0,0,0.159
SKU-015,2023-11-27,15,none,0,0,0.2272
SKU-015,2023-12-04,14,none,0,0,0.1783
SKU-015,2023-12-11,17,none,0,0,0.164
SKU-015,2023-12-18,14,none,0,0,0.1302
SKU-015,2023-12-25,17,none,0,0,0.1247
SKU-015,2024-01-01,16,none,0,0,0.1265
SKU-015,2024-01-08,15,none,0,0,0.2003
SKU-015,2024-01-15,15,none,0,0,0.2073
SKU-015,2024-01-22,13,none,0,0,0.1561
SKU-015,2024-01-29,18,none,0,0,0.145
SKU-015,2024-02-05,15,none,0,0,0.2327
SKU-015,2024-02-12,17,none,0,0,0.2009
SKU-015,2024-02-19,15,none,0,0,0.2578
SKU-015,2024-02-26,14,none,0,0,0.2441
SKU-015,2024-03-04,18,none,0,0,0.1858
SKU-015,2024-03-11,14,none,0,0,0.2522
SKU-015,2024-03-18,12,none,0,0,0.1258
SKU-015,2024-03-25,16,none,0,0,0.2552
SKU-015,2024-04-01,19,none,0,0,0.184
SKU-015,2024-04-08,17,none,0,0,0.2485
SKU-015,2024-04-15,23,business,1,0,0.1086
SKU-015,2024-04-22,19,none,0,0,0.1843
SKU-015,2024-04-29,14,none,0,0,0.2567
SKU-015,2024-05-06,15,none,0,0,0.2595
SKU-015,2024-05-13,14,none,0,0,0.2404
SKU-015,2024-05-20,16,none,0,0,0.2527
SKU-015,2024-05-27,14,none,0,0,0.238
SKU-015,2024-06-03,14,none,0,0,0.2463
SKU-015,2024-06-10,15,none,0,0,0.2653
SKU-015,2024-06-17,17,none,0,0,0.2346
SKU-015,2024-06-24,16,none,0,0,0.2607
SKU-015,2024-07-01,15,none,0,0,0.2663
SKU-015,2024-07-08,15,none,0,0,0.2781
SKU-015,2024-07-15,15,none,0,0,0.2751
SKU-015,2024-07-22,15,none,0,0,0.2657
SKU-015,2024-07-29,13,none,0,0,0.2043
SKU-015,2024-08-05,16,none,0,0,0.2629
SKU-015,2024-08-12,13,none,0,0,0.2011
SKU-015,2024-08-19,15,none,0,0,0.26
SKU-015,2024-08-26,16,none,0,0,0.2498
SKU-015,2024-09-02,13,none,0,0,0.1893
SKU-015,2024-09-09,16,none,0,0,0.2696
SKU-015,2024-09-16,15,none,0,0,0.2623
SKU-015,2024-09-23,14,none,0,0,0.2256
SKU-015,2024-09-30,17,none,0,0,0.2327
SKU-015,2024-10-07,15,none,0,0,0.2645
SKU-015,2024-10-14,16,none,0,0,0.257
SKU-015,2024-10-21,17,none,0,0,0.2294
SKU-015,2024-10-28,15,none,0,0,0.2529
SKU-015,2024-11-04,13,none,0,0,0.137
SKU-015,2024-11-11,17,none,0,0,0.2
SKU-015,2024-11-18,15,none,0,0,0.24
SKU-015,2024-11-25,16,none,0,0,0.2124
SKU-015,2024-12-02,15,none,0,0,0.2284
SKU-015,2024-12-09,15,none,0,0,0.2165
SKU-015,2024-12-16,128,noise,1,1,-0.0941
SKU-015,2024-12-23,16,none,0,0,0.1438
SKU-015,2024-12-30,15,none,0,0,0.1653
SKU-016,2022-02-07,16,none,0,0,0.1179
SKU-016,2022-02-14,16,none,0,0,0.1166
SKU-016,2022-02-21,14,none,0,0,0.1415
SKU-016,2022-02-28,16,none,0,0,0.1309
SKU-016,2022-03-07,16,none,0,0,0.1391
SKU-016,2022-03-14,14,none,0,0,0.1468
SKU-016,2022-03-21,14,none,0,0,0.1502
SKU-016,2022-03-28,16,none,0,0,0.1495
SKU-016,2022-04-04,16,none,0,0,0.1569
SKU-016,2022-04-11,11,none,0,0,0.0126
SKU-016,2022-04-18,16,none,0,0,0.1638
SKU-016,2022-04-25,15,none,0,0,0.1662
SKU-016,2022-05-02,16,none,0,0,0.1568
SKU-016,2022-05-09,16,none,0,0,0.1704
SKU-016,2022-05-16,15,none,0,0,0.1674
SKU-016,2022-05-23,17,none,0,0,0.1364
SKU-016,2022-05-30,14,none,0,0,0.1394
SKU-016,2022-06-06,18,none,0,0,0.1164
SKU-016,2022-06-13,15,none,0,0,0.1644
SKU-016,2022-06-20,12,none,0,0,0.0391
SKU-016,2022-06-27,15,none,0,0,0.178
SKU-016,2022-07-04,14,none,0,0,0.1475
SKU-016,2022-07-11,13,none,0,0,0.1072
SKU-016,2022-07-18,16,none,0,0,0.1624
SKU-016,2022-07-25,13,none,0,0,0.1017
SKU-016,2022-08-01,15,none,0,0,0.1722
SKU-016,2022-08-08,15,none,0,0,0.1742
SKU-016,2022-08-15,14,none,0,0,0.1631
SKU-016,2022-08-22,16,none,0,0,0.16
SKU-016,2022-08-29,15,none,0,0,0.1615
SKU-016,2022-09-05,11,none,0,0,0.0302
SKU-016,2022-09-12,14,none,0,0,0.1787
SKU-016,2022-09-19,13,none,0,0,0.1556
SKU-016,2022-09-26,11,none,0,0,0.033
SKU-016,2022-10-03,16,none,0,0,0.142
SKU-016,2022-10-10,13,none,0,0,0.1488
SKU-016,2022-10-17,15,none,0,0,0.1658
SKU-016,2022-10-24,14,none,0,0,0.1704
SKU-016,2022-10-31,14,none,0,0,0.1664
SKU-016,2022-11-07,16,none,0,0,0.1597
SKU-016,2022-11-14,15,none,0,0,0.1505
SKU-016,2022-11-21,13,none,0,0,0.0945
SKU-016,2022-11-28,18,none,0,0,0.0647
SKU-016,2022-12-05,16,none,0,0,0.129
SKU-016,2022-12-12,15,none,0,0,0.1274
SKU-016,2022-12-19,15,none,0,0,0.0973
SKU-016,2022-12-26,15,none,0,0,0.0795
SKU-016,2023-01-02,16,none,0,0,0.023
SKU-016,2023-01-09,14,none,0,0,0.0688
SKU-016,2023-01-16,15,none,0,0,0.0774
SKU-016,2023-01-23,16,none,0,0,0.0876
SKU-016,2023-01-30,15,none,0,0,0.117
SKU-016,2023-02-06,14,none,0,0,0.101
SKU-016,2023-02-13,14,none,0,0,0.1224
SKU-016,2023-02-20,15,none,0,0,0.1343
SKU-016,2023-02-27,12,none,0,0,0.0262
SKU-016,2023-03-06,15,none,0,0,0.1379
SKU-016,2023-03-13,16,none,0,0,0.1508
SKU-016,2023-03-20,14,none,0,0,0.1502
SKU-016,2023-03-27,12,none,0,0,0.0591
SKU-016,2023-04-03,15,none,0,0,0.1625
SKU-016,2023-04-10,15,none,0,0,0.1667
SKU-016,2023-04-17,18,none,0,0,0.0456
SKU-016,2023-04-24,15,none,0,0,0.1662
SKU-016,2023-05-01,14,none,0,0,0.1491
SKU-016,2023-05-08,16,none,0,0,0.1704
SKU-016,2023-05-15,14,none,0,0,0.1493
SKU-016,2023-05-22,15,none,0,0,0.1601
SKU-016,2023-05-29,18,none,0,0,0.1085
SKU-016,2023-06-05,13,none,0,0,0.0814
SKU-016,2023-06-12,18,none,0,0,0.1149
SKU-016,2023-06-19,14,none,0,0,0.1574
SKU-016,2023-06-26,34,business,1,1,-0.132
SKU-016,2023-07-03,16,none,0,0,0.1603
SKU-016,2023-07-10,14,none,0,0,0.1586
SKU-016,2023-07-17,18,none,0,0,0.1007
SKU-016,2023-07-24,16,none,0,0,0.1619
SKU-016,2023-07-31,16,none,0,0,0.1634
SKU-016,2023-08-07,19,none,0,0,0.0432
SKU-016,2023-08-14,17,none,0,0,0.1344
SKU-016,2023-08-21,15,none,0,0,0.1645
SKU-016,2023-08-28,16,none,0,0,0.1568
SKU-016,2023-09-04,14,none,0,0,0.1688
SKU-016,2023-09-11,13,none,0,0,0.142
SKU-016,2023-09-18,15,none,0,0,0.1594
SKU-016,2023-09-25,14,none,0,0,0.1757
SKU-016,2023-10-02,13,none,0,0,0.144
SKU-016,2023-10-09,13,none,0,0,0.1488
SKU-016,2023-10-16,18,none,0,0,0.09
SKU-016,2023-10-23,36,business,1,1,-0.1218
SKU-016,2023-10-30,20,none,0,1,-0.0014
SKU-016,2023-11-06,16,none,0,0,0.1597
SKU-016,2023-11-13,16,none,0,0,0.1552
SKU-016,2023-11-20,16,none,0,0,0.1343
SKU-016,2023-11-27,13,none,0,0,0.0895
SKU-016,2023-12-04,16,none,0,0,0.129
SKU-016,2023-12-11,13,none,0,0,0.0642
SKU-016,2023-12-18,19,none,0,0,0.0012
SKU-016,2023-12-25,14,none,0,0,0.055
SKU-016,2024-01-01,14,none,0,0,0.0414
SKU-016,2024-01-08,14,none,0,0,0.0688
SKU-016,2024-01-15,17,none,0,1,-0.0188
SKU-016,2024-01-22,15,none,0,0,0.0976
SKU-016,2024-01-29,15,none,0,0,0.117
SKU-016,2024-02-05,16,none,0,0,0.1179
SKU-016,2024-02-12,15,none,0,0,0.1281
SKU-016,2024-02-19,13,none,0,0,0.0518
SKU-016,2024-02-26,14,none,0,0,0.1446
SKU-016,2024-03-04,14,none,0,0,0.1443
SKU-016,2024-03-11,16,none,0,0,0.1508
SKU-016,2024-03-18,15,none,0,0,0.1462
SKU-016,2024-03-25,11,none,0,0,0.0075
SKU-016,2024-04-01,14,none,0,0,0.1414
SKU-016,2024-04-08,16,none,0,0,0.1611
SKU-016,2024-04-15,12,none,0,0,0.0603
SKU-016,2024-04-22,15,none,0,0,0.1662
SKU-016,2024-04-29,14,none,0,0,0.1491
SKU-016,2024-05-06,16,none,0,0,0.1704
SKU-016,2024-05-13,18,none,0,0,0.0895
SKU-016,2024-05-20,17,none,0,0,0.1364
SKU-016,2024-05-27,17,none,0,0,0.1328
SKU-016,2024-06-03,16,none,0,0,0.1506
SKU-016,2024-06-10,14,none,0,0,0.1552
SKU-016,2024-06-17,17,none,0,0,0.1423
SKU-016,2024-06-24,15,none,0,0,0.178
SKU-016,2024-07-01,16,none,0,0,0.1603
SKU-016,2024-07-08,15,none,0,0,0.1688
SKU-016,2024-07-15,17,none,0,0,0.1401
SKU-016,2024-07-22,15,none,0,0,0.1666
SKU-016,2024-07-29,14,none,0,0,0.1601
SKU-016,2024-08-05,15,none,0,0,0.1742
SKU-016,2024-08-12,14,none,0,0,0.1631
SKU-016,2024-08-19,17,none,0,0,0.1383
SKU-016,2024-08-26,14,none,0,0,0.1657
SKU-016,2024-09-02,17,none,0,0,0.1203
SKU-016,2024-09-09,14,none,0,0,0.1787
SKU-016,2024-09-16,13,none,0,0,0.1556
SKU-016,2024-09-23,13,none,0,0,0.1528
SKU-016,2024-09-30,14,none,0,0,0.1686
SKU-016,2024-10-07,14,none,0,0,0.169
SKU-016,2024-10-14,17,none,0,0,0.1315
SKU-016,2024-10-21,14,none,0,0,0.1704
SKU-016,2024-10-28,14,none,0,0,0.1664
SKU-016,2024-11-04,14,none,0,0,0.1507
SKU-016,2024-11-11,16,none,0,0,0.1552
SKU-016,2024-11-18,15,none,0,0,0.1435
SKU-016,2024-11-25,15,none,0,0,0.1421
SKU-016,2024-12-02,15,none,0,0,0.1409
SKU-016,2024-12-09,14,none,0,0,0.1086
SKU-016,2024-12-16,126,noise,1,1,-0.2557
SKU-016,2024-12-23,17,none,0,0,0.0318
SKU-016,2024-12-30,14,none,0,0,0.0414
SKU-017,2022-02-07,13,none,0,0,0.1844
SKU-017,2022-02-14,16,none,0,0,0.2333
SKU-017,2022-02-21,14,none,0,0,0.226
SKU-017,2022-02-28,14,none,0,0,0.2342
SKU-017,2022-03-07,17,none,0,0,0.215
SKU-017,2022-03-14,15,none,0,0,0.259
SKU-017,2022-03-21,16,none,0,0,0.2558
SKU-017,2022-03-28,15,none,0,0,0.2542
SKU-017,2022-04-04,16,none,0,0,0.2509
SKU-017,2022-04-11,14,none,0,0,0.243
SKU-017,2022-04-18,16,none,0,0,0.2608
SKU-017,2022-04-25,14,none,0,0,0.2486
SKU-017,2022-05-02,128,noise,1,1,-0.1109
SKU-017,2022-05-09,16,none,0,0,0.2608
SKU-017,2022-05-16,15,none,0,0,0.2705
SKU-017,2022-05-23,12,none,0,0,0.1584
SKU-017,2022-05-30,14,none,0,0,0.2418
SKU-017,2022-06-06,16,none,0,0,0.2502
SKU-017,2022-06-13,13,none,0,0,0.2189
SKU-017,2022-06-20,17,none,0,0,0.2206
SKU-017,2022-06-27,15,none,0,0,0.2572
SKU-017,2022-07-04,16,none,0,0,0.252
SKU-017,2022-07-11,15,none,0,0,0.2548
SKU-017,2022-07-18,16,none,0,0,0.2572
SKU-017,2022-07-25,15,none,0,0,0.256
SKU-017,2022-08-01,14,none,0,0,0.247
SKU-017,2022-08-08,19,none,0,0,0.1546
SKU-017,2022-08-15,16,none,0,0,0.2591
SKU-017,2022-08-22,13,none,0,0,0.2155
SKU-017,2022-08-29,16,none,0,0,0.2582
SKU-017,2022-09-05,16,none,0,0,0.2549
SKU-017,2022-09-12,16,none,0,0,0.2625
SKU-017,2022-09-19,117,noise,1,1,-0.0852
SKU-017,2022-09-26,16,none,0,0,0.258
SKU-017,2022-10-03,16,none,0,0,0.2576
SKU-017,2022-10-10,16,none,0,0,0.2609
SKU-017,2022-10-17,15,none,0,0,0.2531
SKU-017,2022-10-24,15,none,0,0,0.2519
SKU-017,2022-10-31,17,none,0,0,0.225
SKU-017,2022-11-07,14,none,0,0,0.2406
SKU-017,2022-11-14,17,none,0,0,0.2195
SKU-017,2022-11-21,40,business,1,1,-0.0118
SKU-017,2022-11-28,16,none,0,0,0.2217
SKU-017,2022-12-05,15,none,0,0,0.2249
SKU-017,2022-12-12,17,none,0,0,0.1628
SKU-017,2022-12-19,13,none,0,0,0.1423
SKU-017,2022-12-26,15,none,0,0,0.1508
SKU-017,2023-01-02,11,none,0,0,0.0155
SKU-017,2023-01-09,14,none,0,0,0.1284
SKU-017,2023-01-16,16,none,0,0,0.176
SKU-017,2023-01-23,17,none,0,0,0.1673
SKU-017,2023-01-30,15,none,0,0,0.2224
SKU-017,2023-02-06,15,none,0,0,0.2209
SKU-017,2023-02-13,16,none,0,0,0.2333
SKU-017,2023-02-20,17,none,0,0,0.2051
SKU-017,2023-02-27,16,none,0,0,0.243
SKU-017,2023-03-06,15,none,0,0,0.2524
SKU-017,2023-03-13,14,none,0,0,0.2354
SKU-017,2023-03-20,16,none,0,0,0.2558
SKU-017,2023-03-27,16,none,0,0,0.2536
SKU-017,2023-04-03,15,none,0,0,0.2575
SKU-017,2023-04-10,17,none,0,0,0.2217
SKU-017,2023-04-17,16,none,0,0,0.2608
SKU-017,2023-04-24,15,none,0,0,0.2651
SKU-017,2023-05-01,15,none,0,0,0.2629
SKU-017,2023-05-08,14,none,0,0,0.2441
SKU-017,2023-05-15,16,none,0,0,0.261
SKU-017,2023-05-22,18,none,0,0,0.1567
SKU-017,2023-05-29,15,none,0,0,0.2496
SKU-017,2023-06-05,15,none,0,0,0.2497
SKU-017,2023-06-12,14,none,0,0,0.2464
SKU-017,2023-06-19,16,none,0,0,0.2516
SKU-017,2023-06-26,17,none,0,0,0.2186
SKU-017,2023-07-03,13,none,0,0,0.2167
SKU-017,2023-07-10,16,none,0,0,0.2605
SKU-017,2023-07-17,16,none,0,0,0.2572
SKU-017,2023-07-24,15,none,0,0,0.256
SKU-017,2023-07-31,15,none,0,0,0.2606
SKU-017,2023-08-07,14,none,0,0,0.2498
SKU-017,2023-08-14,16,none,0,0,0.2591
SKU-017,2023-08-21,14,none,0,0,0.2507
SKU-017,2023-08-28,13,none,0,0,0.2208
SKU-017,2023-09-04,15,none,0,0,0.2555
SKU-017,2023-09-11,31,business,1,0,0.0627
SKU-017,2023-09-18,16,none,0,0,0.2598
SKU-017,2023-09-25,14,none,0,0,0.2456
SKU-017,2023-10-02,16,none,0,0,0.2576
SKU-017,2023-10-09,16,none,0,0,0.2609
SKU-017,2023-10-16,16,none,0,0,0.2648
SKU-017,2023-10-23,11,none,0,0,0.1197
SKU-017,2023-10-30,16,none,0,0,0.2545
SKU-017,2023-11-06,17,none,0,0,0.2228
SKU-017,2023-11-13,13,none,0,0,0.2029
SKU-017,2023-11-20,15,none,0,0,0.2336
SKU-017,2023-11-27,13,none,0,0,0.1782
SKU-017,2023-12-04,15,none,0,0,0.2249
SKU-017,2023-12-11,15,none,0,0,0.2002
SKU-017,2023-12-18,12,none,0,0,0.1081
SKU-017,2023-12-25,16,none,0,0,0.142
SKU-017,2024-01-01,16,none,0,0,0.1242
SKU-017,2024-01-08,18,none,0,0,0.0767
SKU-017,2024-01-15,15,none,0,0,0.1753
SKU-017,2024-01-22,17,none,0,0,0.1673
SKU-017,2024-01-29,15,none,0,0,0.2224
SKU-017,2024-02-05,13,none,0,0,0.1844
SKU-017,2024-02-12,17,none,0,0,0.197
SKU-017,2024-02-19,13,none,0,0,0.1917
SKU-017,2024-02-26,15,none,0,0,0.2524
SKU-017,2024-03-04,12,none,0,0,0.1419
SKU-017,2024-03-11,15,none,0,0,0.259
SKU-017,2024-03-18,17,none,0,0,0.2235
SKU-017,2024-03-25,34,business,1,0,0.0105
SKU-017,2024-04-01,11,none,0,0,0.1133
SKU-017,2024-04-08,16,none,0,0,0.2571
SKU-017,2024-04-15,14,none,0,0,0.2441
SKU-017,2024-04-22,16,none,0,0,0.2584
SKU-017,2024-04-29,16,none,0,0,0.2589
SKU-017,2024-05-06,17,none,0,0,0.2185
SKU-017,2024-05-13,15,none,0,0,0.2705
SKU-017,2024-05-20,13,none,0,0,0.2228
SKU-017,2024-05-27,14,none,0,0,0.2418
SKU-017,2024-06-03,16,none,0,0,0.2502
SKU-017,2024-06-10,14,none,0,0,0.2464
SKU-017,2024-06-17,13,none,0,0,0.2205
SKU-017,2024-06-24,14,none,0,0,0.2448
SKU-017,2024-07-01,15,none,0,0,0.2556
SKU-017,2024-07-08,16,none,0,0,0.2605
SKU-017,2024-07-15,18,none,0,0,0.1734
SKU-017,2024-07-22,72,noise,1,1,-0.0154
SKU-017,2024-07-29,17,none,0,0,0.2218
SKU-017,2024-08-05,16,none,0,0,0.263
SKU-017,2024-08-12,14,none,0,0,0.2466
SKU-017,2024-08-19,91,noise,1,1,-0.0364
SKU-017,2024-08-26,14,none,0,0,0.2509
SKU-017,2024-09-02,15,none,0,0,0.2555
SKU-017,2024-09-09,15,none,0,0,0.2577
SKU-017,2024-09-16,13,none,0,0,0.2134
SKU-017,2024-09-23,14,none,0,0,0.2456
SKU-017,2024-09-30,15,none,0,0,0.238
SKU-017,2024-10-07,16,none,0,0,0.2609
SKU-017,2024-10-14,18,none,0,0,0.1714
SKU-017,2024-10-21,14,none,0,0,0.2462
SKU-017,2024-10-28,14,none,0,0,0.2413
SKU-017,2024-11-04,14,none,0,0,0.2406
SKU-017,2024-11-11,15,none,0,0,0.2408
SKU-017,2024-11-18,14,none,0,0,0.2261
SKU-017,2024-11-25,15,none,0,0,0.2269
SKU-017,2024-12-02,17,none,0,0,0.1846
SKU-017,2024-12-09,14,none,0,0,0.1782
SKU-017,2024-12-16,16,none,0,0,0.1625
SKU-017,2024-12-23,14,none,0,0,0.142
SKU-017,2024-12-30,15,none,0,0,0.1289
SKU-018,2022-02-07,112,noise,1,1,-0.2581
SKU-018,2022-02-14,30,business,1,1,-0.1143
SKU-018,2022-02-21,15,none,0,0,0.1342
SKU-018,2022-02-28,17,none,0,0,0.1249
SKU-018,2022-03-07,14,none,0,0,0.1295
SKU-018,2022-03-14,13,none,0,0,0.0997
SKU-018,2022-03-21,15,none,0,0,0.1477
SKU-018,2022-03-28,18,none,0,0,0.082
SKU-018,2022-04-04,15,none,0,0,0.1677
SKU-018,2022-04-11,15,none,0,0,0.1629
SKU-018,2022-04-18,15,none,0,0,0.1714
SKU-018,2022-04-25,12,none,0,0,0.0365
SKU-018,2022-05-02,15,none,0,0,0.1666
SKU-018,2022-05-09,15,none,0,0,0.1716
SKU-018,2022-05-16,16,none,0,0,0.1502
SKU-018,2022-05-23,15,none,0,0,0.1633
SKU-018,2022-05-30,17,none,0,0,0.1283
SKU-018,2022-06-06,17,none,0,0,0.134
SKU-018,2022-06-13,17,none,0,0,0.1346
SKU-018,2022-06-20,16,none,0,0,0.1478
SKU-018,2022-06-27,15,none,0,0,0.1635
SKU-018,2022-07-04,16,none,0,0,0.1417
SKU-018,2022-07-11,18,none,0,0,0.0834
SKU-018,2022-07-18,15,none,0,0,0.1637
SKU-018,2022-07-25,28,business,1,1,-0.1397
SKU-018,2022-08-01,13,none,0,0,0.1079
SKU-018,2022-08-08,15,none,0,0,0.1627
SKU-018,2022-08-15,16,none,0,0,0.1443
SKU-018,2022-08-22,15,none,0,0,0.1562
SKU-018,2022-08-29,14,none,0,0,0.1363
SKU-018,2022-09-05,15,none,0,0,0.1524
SKU-018,2022-09-12,11,none,0,0,0.0051
SKU-018,2022-09-19,16,none,0,0,0.1387
SKU-018,2022-09-26,16,none,0,0,0.1453
SKU-018,2022-10-03,15,none,0,0,0.1438
SKU-018,2022-10-10,15,none,0,0,0.1359
SKU-018,2022-10-17,18,none,0,0,0.0301
SKU-018,2022-10-24,15,none,0,0,0.1296
SKU-018,2022-10-31,15,none,0,0,0.125
SKU-018,2022-11-07,16,none,0,0,0.1324
SKU-018,2022-11-14,17,none,0,0,0.0903
SKU-018,2022-11-21,17,none,0,0,0.0925
SKU-018,2022-11-28,17,none,0,0,0.0832
SKU-018,2022-12-05,17,none,0,0,0.0553
SKU-018,2022-12-12,16,none,0,0,0.0877
SKU-018,2022-12-19,13,none,0,0,0.0372
SKU-018,2022-12-26,14,none,0,0,0.0521
SKU-018,2023-01-02,17,none,0,0,0.0262
SKU-018,2023-01-09,16,none,0,0,0.0762
SKU-018,2023-01-16,16,none,0,0,0.094
SKU-018,2023-01-23,13,none,0,0,0.0367
SKU-018,2023-01-30,16,none,0,0,0.1018
SKU-018,2023-02-06,14,none,0,0,0.1083
SKU-018,2023-02-13,16,none,0,0,0.1153
SKU-018,2023-02-20,15,none,0,0,0.1342
SKU-018,2023-02-27,17,none,0,0,0.1249
SKU-018,2023-03-06,16,none,0,0,0.1266
SKU-018,2023-03-13,14,none,0,0,0.1294
SKU-018,2023-03-20,13,none,0,0,0.1098
SKU-018,2023-03-27,13,none,0,0,0.1156
SKU-018,2023-04-03,17,none,0,0,0.1246
SKU-018,2023-04-10,12,none,0,0,0.0397
SKU-018,2023-04-17,15,none,0,0,0.1714
SKU-018,2023-04-24,19,none,0,0,0.0421
SKU-018,2023-05-01,16,none,0,0,0.1482
SKU-018,2023-05-08,14,none,0,0,0.1354
SKU-018,2023-05-15,15,none,0,0,0.172
SKU-018,2023-05-22,16,none,0,0,0.1518
SKU-018,2023-05-29,14,none,0,0,0.1277
SKU-018,2023-06-05,16,none,0,0,0.1479
SKU-018,2023-06-12,13,none,0,0,0.1133
SKU-018,2023-06-19,14,none,0,0,0.1476
SKU-018,2023-06-26,17,none,0,0,0.1329
SKU-018,2023-07-03,15,none,0,0,0.1651
SKU-018,2023-07-10,14,none,0,0,0.1439
SKU-018,2023-07-17,15,none,0,0,0.1637
SKU-018,2023-07-24,14,none,0,0,0.1426
SKU-018,2023-07-31,17,none,0,0,0.1143
SKU-018,2023-08-07,14,none,0,0,0.1445
SKU-018,2023-08-14,14,none,0,0,0.1405
SKU-018,2023-08-21,16,none,0,0,0.143
SKU-018,2023-08-28,12,none,0,0,0.0652
SKU-018,2023-09-04,15,none,0,0,0.1524
SKU-018,2023-09-11,13,none,0,0,0.1218
SKU-018,2023-09-18,14,none,0,0,0.1346
SKU-018,2023-09-25,15,none,0,0,0.1518
SKU-018,2023-10-02,14,none,0,0,0.1289
SKU-018,2023-10-09,14,none,0,0,0.1177
SKU-018,2023-10-16,16,none,0,0,0.1379
SKU-018,2023-10-23,17,none,0,0,0.0937
SKU-018,2023-10-30,13,none,0,0,0.0838
SKU-018,2023-11-06,16,none,0,0,0.1324
SKU-018,2023-11-13,13,none,0,0,0.0891
SKU-018,2023-11-20,16,none,0,0,0.1167
SKU-018,2023-11-27,13,none,0,0,0.0821
SKU-018,2023-12-04,14,none,0,0,0.1019
SKU-018,2023-12-11,16,none,0,0,0.0877
SKU-018,2023-12-18,16,none,0,0,0.053
SKU-018,2023-12-25,14,none,0,0,0.0521
SKU-018,2024-01-01,13,none,0,1,-0.0241
SKU-018,2024-01-08,17,none,0,0,0.0446
SKU-018,2024-01-15,16,none,0,0,0.094
SKU-018,2024-01-22,16,none,0,0,0.0877
SKU-018,2024-01-29,14,none,0,0,0.0904
SKU-018,2024-02-05,14,none,0,0,0.1083
SKU-018,2024-02-12,19,none,0,0,0.0355
SKU-018,2024-02-19,14,none,0,0,0.117
SKU-018,2024-02-26,18,none,0,0,0.0775
SKU-018,2024-03-04,15,none,0,0,0.1393
SKU-018,2024-03-11,17,none,0,0,0.1166
SKU-018,2024-03-18,17,none,0,0,0.1216
SKU-018,2024-03-25,13,none,0,0,0.1156
SKU-018,2024-04-01,16,none,0,0,0.1421
SKU-018,2024-04-08,13,none,0,0,0.1156
SKU-018,2024-04-15,15,none,0,0,0.1714
SKU-018,2024-04-22,15,none,0,0,0.1723
SKU-018,2024-04-29,16,none,0,0,0.1482
SKU-018,2024-05-06,15,none,0,0,0.1716
SKU-018,2024-05-13,14,none,0,0,0.1359
SKU-018,2024-05-20,17,none,0,0,0.1301
SKU-018,2024-05-27,16,none,0,0,0.1437
SKU-018,2024-06-03,13,none,0,0,0.0956
SKU-018,2024-06-10,15,none,0,0,0.1612
SKU-018,2024-06-17,13,none,0,0,0.1174
SKU-018,2024-06-24,18,none,0,0,0.0949
SKU-018,2024-07-01,14,none,0,0,0.1463
SKU-018,2024-07-08,15,none,0,0,0.1639
SKU-018,2024-07-15,15,none,0,0,0.1637
SKU-018,2024-07-22,15,none,0,0,0.1614
SKU-018,2024-07-29,19,none,0,0,0.0372
SKU-018,2024-08-05,15,none,0,0,0.1627
SKU-018,2024-08-12,16,none,0,0,0.1443
SKU-018,2024-08-19,13,none,0,0,0.12
SKU-018,2024-08-26,12,none,0,0,0.0652
SKU-018,2024-09-02,15,none,0,0,0.1524
SKU-018,2024-09-09,17,none,0,0,0.0985
SKU-018,2024-09-16,19,none,0,0,0.0017
SKU-018,2024-09-23,11,none,0,1,-0.0007
SKU-018,2024-09-30,13,none,0,0,0.1076
SKU-018,2024-10-07,16,none,0,0,0.1351
SKU-018,2024-10-14,16,none,0,0,0.1379
SKU-018,2024-10-21,16,none,0,0,0.1419
SKU-018,2024-10-28,16,none,0,0,0.1333
SKU-018,2024-11-04,12,none,0,0,0.0006
SKU-018,2024-11-11,15,none,0,0,0.1132
SKU-018,2024-11-18,14,none,0,0,0.0971
SKU-018,2024-11-25,15,none,0,0,0.1021
SKU-018,2024-12-02,13,none,0,0,0.0765
SKU-018,2024-12-09,14,none,0,0,0.0935
SKU-018,2024-12-16,15,none,0,0,0.0582
SKU-018,2024-12-23,14,none,0,0,0.0521
SKU-018,2024-12-30,16,none,0,0,0.042
SKU-019,2022-02-07,15,none,0,0,0.2052
SKU-019,2022-02-14,13,none,0,0,0.1714
SKU-019,2022-02-21,11,none,0,0,0.0863
SKU-019,2022-02-28,14,none,0,0,0.2199
SKU-019,2022-03-07,17,none,0,0,0.1583
SKU-019,2022-03-14,14,none,0,0,0.211
SKU-019,2022-03-21,16,none,0,0,0.2097
SKU-019,2022-03-28,14,none,0,0,0.2144
SKU-019,2022-04-04,12,none,0,0,0.1522
SKU-019,2022-04-11,15,none,0,0,0.2312
SKU-019,2022-04-18,17,none,0,0,0.1898
SKU-019,2022-04-25,16,none,0,0,0.2304
SKU-019,2022-05-02,13,none,0,0,0.202
SKU-019,2022-05-09,16,none,0,0,0.2395
SKU-019,2022-05-16,13,none,0,0,0.2078
SKU-019,2022-05-23,15,none,0,0,0.2414
SKU-019,2022-05-30,13,none,0,0,0.2089
SKU-019,2022-06-06,17,none,0,0,0.2011
SKU-019,2022-06-13,13,none,0,0,0.2189
SKU-019,2022-06-20,14,none,0,0,0.229
SKU-019,2022-06-27,16,none,0,0,0.2402
SKU-019,2022-07-04,126,noise,1,1,-0.1335
SKU-019,2022-07-11,15,none,0,0,0.2363
SKU-019,2022-07-18,15,none,0,0,0.2287
SKU-019,2022-07-25,16,none,0,0,0.2341
SKU-019,2022-08-01,10,none,0,0,0.0619
SKU-019,2022-08-08,17,none,0,0,0.2082
SKU-019,2022-08-15,16,none,0,0,0.2282
SKU-019,2022-08-22,15,none,0,0,0.2284
SKU-019,2022-08-29,18,none,0,0,0.1434
SKU-019,2022-09-05,20,none,0,0,0.0451
SKU-019,2022-09-12,90,noise,1,1,-0.1004
SKU-019,2022-09-19,16,none,0,0,0.2176
SKU-019,2022-09-26,16,none,0,0,0.216
SKU-019,2022-10-03,13,none,0,0,0.1925
SKU-019,2022-10-10,14,none,0,0,0.2142
SKU-019,2022-10-17,13,none,0,0,0.1692
SKU-019,2022-10-24,15,none,0,0,0.2112
SKU-019,2022-10-31,16,none,0,0,0.2063
SKU-019,2022-11-07,15,none,0,0,0.2055
SKU-019,2022-11-14,16,none,0,0,0.1923
SKU-019,2022-11-21,15,none,0,0,0.201
SKU-019,2022-11-28,16,none,0,0,0.1827
SKU-019,2022-12-05,18,none,0,0,0.0778
SKU-019,2022-12-12,16,none,0,0,0.1567
SKU-019,2022-12-19,16,none,0,0,0.1533
SKU-019,2022-12-26,15,none,0,0,0.1218
SKU-019,2023-01-02,15,none,0,0,0.1352
SKU-019,2023-01-09,15,none,0,0,0.1602
SKU-019,2023-01-16,16,none,0,0,0.1298
SKU-019,2023-01-23,14,none,0,0,0.1648
SKU-019,2023-01-30,15,none,0,0,0.1956
SKU-019,2023-02-06,16,none,0,0,0.1725
SKU-019,2023-02-13,14,none,0,0,0.2111
SKU-019,2023-02-20,13,none,0,0,0.189
SKU-019,2023-02-27,15,none,0,0,0.213
SKU-019,2023-03-06,15,none,0,0,0.2153
SKU-019,2023-03-13,112,noise,1,1,-0.0964
SKU-019,2023-03-20,12,none,0,0,0.1507
SKU-019,2023-03-27,17,none,0,0,0.165
SKU-019,2023-04-03,16,none,0,0,0.2293
SKU-019,2023-04-10,13,none,0,0,0.2005
SKU-019,2023-04-17,16,none,0,0,0.2351
SKU-019,2023-04-24,15,none,0,0,0.2307
SKU-019,2023-05-01,16,none,0,0,0.2306
SKU-019,2023-05-08,15,none,0,0,0.2382
SKU-019,2023-05-15,17,none,0,0,0.2029
SKU-019,2023-05-22,16,none,0,0,0.2307
SKU-019,2023-05-29,15,none,0,0,0.2417
SKU-019,2023-06-05,10,none,0,0,0.0717
SKU-019,2023-06-12,13,none,0,0,0.2189
SKU-019,2023-06-19,13,none,0,0,0.2161
SKU-019,2023-06-26,16,none,0,0,0.2402
SKU-019,2023-07-03,14,none,0,0,0.2181
SKU-019,2023-07-10,17,none,0,0,0.2173
SKU-019,2023-07-17,13,none,0,0,0.2003
SKU-019,2023-07-24,16,none,0,0,0.2341
SKU-019,2023-07-31,17,none,0,0,0.2111
SKU-019,2023-08-07,15,none,0,0,0.2237
SKU-019,2023-08-14,13,none,0,0,0.2109
SKU-019,2023-08-21,17,none,0,0,0.2094
SKU-019,2023-08-28,13,none,0,0,0.2052
SKU-019,2023-09-04,14,none,0,0,0.2092
SKU-019,2023-09-11,13,none,0,0,0.2043
SKU-019,2023-09-18,17,none,0,0,0.1928
SKU-019,2023-09-25,14,none,0,0,0.2049
SKU-019,2023-10-02,15,none,0,0,0.2113
SKU-019,2023-10-09,17,none,0,0,0.1871
SKU-019,2023-10-16,17,none,0,0,0.1871
SKU-019,2023-10-23,15,none,0,0,0.2112
SKU-019,2023-10-30,16,none,0,0,0.2063
SKU-019,2023-11-06,15,none,0,0,0.2055
SKU-019,2023-11-13,17,none,0,0,0.1586
SKU-019,2023-11-20,15,none,0,0,0.201
SKU-019,2023-11-27,14,none,0,0,0.143
SKU-019,2023-12-04,13,none,0,0,0.0974
SKU-019,2023-12-11,15,none,0,0,0.1624
SKU-019,2023-12-18,17,none,0,0,0.1019
SKU-019,2023-12-25,16,none,0,0,0.106
SKU-019,2024-01-01,14,none,0,0,0.0943
SKU-019,2024-01-08,15,none,0,0,0.1602
SKU-019,2024-01-15,12,none,0,0,0.0785
SKU-019,2024-01-22,15,none,0,0,0.1796
SKU-019,2024-01-29,12,none,0,0,0.1114
SKU-019,2024-02-05,14,none,0,0,0.1977
SKU-019,2024-02-12,14,none,0,0,0.2111
SKU-019,2024-02-19,16,none,0,0,0.1969
SKU-019,2024-02-26,14,none,0,0,0.2199
SKU-019,2024-03-04,90,noise,1,1,-0.0589
SKU-019,2024-03-11,16,none,0,0,0.2072
SKU-019,2024-03-18,13,none,0,0,0.1918
SKU-019,2024-03-25,14,none,0,0,0.2144
SKU-019,2024-04-01,16,none,0,0,0.2293
SKU-019,2024-04-08,16,none,0,0,0.2313
SKU-019,2024-04-15,15,none,0,0,0.2313
SKU-019,2024-04-22,14,none,0,0,0.2116
SKU-019,2024-04-29,42,business,1,1,-0.0509
SKU-019,2024-05-06,16,none,0,0,0.2395
SKU-019,2024-05-13,15,none,0,0,0.2423
SKU-019,2024-05-20,15,none,0,0,0.2414
SKU-019,2024-05-27,15,none,0,0,0.2417
SKU-019,2024-06-03,15,none,0,0,0.24
SKU-019,2024-06-10,15,none,0,0,0.2386
SKU-019,2024-06-17,16,none,0,0,0.2393
SKU-019,2024-06-24,17,none,0,0,0.2118
SKU-019,2024-07-01,18,none,0,0,0.133
SKU-019,2024-07-08,16,none,0,0,0.2378
SKU-019,2024-07-15,14,none,0,0,0.2193
SKU-019,2024-07-22,14,none,0,0,0.2119
SKU-019,2024-07-29,17,none,0,0,0.2111
SKU-019,2024-08-05,14,none,0,0,0.217
SKU-019,2024-08-12,13,none,0,0,0.2109
SKU-019,2024-08-19,16,none,0,0,0.2336
SKU-019,2024-08-26,15,none,0,0,0.2215
SKU-019,2024-09-02,13,none,0,0,0.2079
SKU-019,2024-09-09,15,none,0,0,0.2148
SKU-019,2024-09-16,13,none,0,0,0.1964
SKU-019,2024-09-23,16,none,0,0,0.216
SKU-019,2024-09-30,13,none,0,0,0.1925
SKU-019,2024-10-07,14,none,0,0,0.2142
SKU-019,2024-10-14,14,none,0,0,0.2093
SKU-019,2024-10-21,17,none,0,0,0.1734
SKU-019,2024-10-28,14,none,0,0,0.18
SKU-019,2024-11-04,15,none,0,0,0.2055
SKU-019,2024-11-11,14,none,0,0,0.171
SKU-019,2024-11-18,15,none,0,0,0.201
SKU-019,2024-11-25,15,none,0,0,0.1853
SKU-019,2024-12-02,16,none,0,0,0.1787
SKU-019,2024-12-09,15,none,0,0,0.1624
SKU-019,2024-12-16,13,none,0,0,0.0565
SKU-019,2024-12-23,15,none,0,0,0.1218
SKU-019,2024-12-30,15,none,0,0,0.1352
SKU-020,2022-02-07,47,business,1,1,-0.1505
SKU-020,2022-02-14,23,none,0,0,0.0923
SKU-020,2022-02-21,19,none,0,0,0.1255
SKU-020,2022-02-28,13,none,0,0,0.1172
SKU-020,2022-03-07,14,none,0,0,0.1509
SKU-020,2022-03-14,17,none,0,0,0.1329
SKU-020,2022-03-21,14,none,0,0,0.151
SKU-020,2022-03-28,13,none,0,0,0.1529
SKU-020,2022-04-04,16,none,0,0,0.1624
SKU-020,2022-04-11,14,none,0,0,0.1492
SKU-020,2022-04-18,16,none,0,0,0.1776
SKU-020,2022-04-25,16,none,0,0,0.1748
SKU-020,2022-05-02,15,none,0,0,0.183
SKU-020,2022-05-09,16,none,0,0,0.1596
SKU-020,2022-05-16,15,none,0,0,0.1774
SKU-020,2022-05-23,12,none,0,0,0.1504
SKU-020,2022-05-30,13,none,0,0,0.129
SKU-020,2022-06-06,10,none,0,0,0.1514
SKU-020,2022-06-13,11,none,0,0,0.1587
SKU-020,2022-06-20,11,none,0,0,0.1638
SKU-020,2022-06-27,9,none,0,0,0.1089
SKU-020,2022-07-04,10,none,0,0,0.151
SKU-020,2022-07-11,10,none,0,0,0.1495
SKU-020,2022-07-18,11,none,0,0,0.1539
SKU-020,2022-07-25,10,none,0,0,0.1208
SKU-020,2022-08-01,10,none,0,0,0.1224
SKU-020,2022-08-08,12,none,0,0,0.1603
SKU-020,2022-08-15,11,none,0,0,0.1548
SKU-020,2022-08-22,11,none,0,0,0.1368
SKU-020,2022-08-29,12,none,0,0,0.1628
SKU-020,2022-09-05,13,none,0,0,0.1512
SKU-020,2022-09-12,14,none,0,0,0.1632
SKU-020,2022-09-19,13,none,0,0,0.1488
SKU-020,2022-09-26,14,none,0,0,0.1565
SKU-020,2022-10-03,14,none,0,0,0.1552
SKU-020,2022-10-10,13,none,0,0,0.144
SKU-020,2022-10-17,15,none,0,0,0.1591
SKU-020,2022-10-24,16,none,0,0,0.1449
SKU-020,2022-10-31,15,none,0,0,0.1516
SKU-020,2022-11-07,21,none,0,0,0.1032
SKU-020,2022-11-14,25,none,0,0,0.0169
SKU-020,2022-11-21,17,none,0,0,0.1045
SKU-020,2022-11-28,19,none,0,0,0.134
SKU-020,2022-12-05,19,none,0,0,0.1433
SKU-020,2022-12-12,22,none,0,0,0.0908
SKU-020,2022-12-19,20,none,0,0,0.0905
SKU-020,2022-12-26,19,none,0,0,0.0539
SKU-020,2023-01-02,16,none,0,1,-0.0082
SKU-020,2023-01-09,19,none,0,0,0.0847
SKU-020,2023-01-16,18,none,0,0,0.087
SKU-020,2023-01-23,23,none,0,0,0.043
SKU-020,2023-01-30,21,none,0,0,0.0901
SKU-020,2023-02-06,23,none,0,0,0.0856
SKU-020,2023-02-13,21,none,0,0,0.1131
SKU-020,2023-02-20,21,none,0,0,0.1129
SKU-020,2023-02-27,15,none,0,0,0.1453
SKU-020,2023-03-06,14,none,0,0,0.1509
SKU-020,2023-03-13,15,none,0,0,0.1552
SKU-020,2023-03-20,13,none,0,0,0.1488
SKU-020,2023-03-27,30,business,1,1,-0.0541
SKU-020,2023-04-03,17,none,0,0,0.1385
SKU-020,2023-04-10,15,none,0,0,0.1794
SKU-020,2023-04-17,15,none,0,0,0.1797
SKU-020,2023-04-24,12,none,0,0,0.1455
SKU-020,2023-05-01,15,none,0,0,0.183
SKU-020,2023-05-08,11,none,0,0,0.1023
SKU-020,2023-05-15,15,none,0,0,0.1774
SKU-020,2023-05-22,15,none,0,0,0.1495
SKU-020,2023-05-29,10,none,0,0,0.1218
SKU-020,2023-06-05,10,none,0,0,0.1514
SKU-020,2023-06-12,11,none,0,0,0.1587
SKU-020,2023-06-19,11,none,0,0,0.1638
SKU-020,2023-06-26,10,none,0,0,0.154
SKU-020,2023-07-03,9,none,0,0,0.0942
SKU-020,2023-07-10,10,none,0,0,0.1495
SKU-020,2023-07-17,12,none,0,0,0.1787
SKU-020,2023-07-24,12,none,0,0,0.1753
SKU-020,2023-07-31,13,none,0,0,0.1383
SKU-020,2023-08-07,13,none,0,0,0.1481
SKU-020,2023-08-14,10,none,0,0,0.1028
SKU-020,2023-08-21,12,none,0,0,0.1631
SKU-020,2023-08-28,12,none,0,0,0.1628
SKU-020,2023-09-04,15,none,0,0,0.1249
SKU-020,2023-09-11,13,none,0,0,0.1517
SKU-020,2023-09-18,14,none,0,0,0.1619
SKU-020,2023-09-25,18,none,0,0,0.1004
SKU-020,2023-10-02,16,none,0,0,0.1393
SKU-020,2023-10-09,17,none,0,0,0.1245
SKU-020,2023-10-16,15,none,0,0,0.1591
SKU-020,2023-10-23,15,none,0,0,0.1573
SKU-020,2023-10-30,15,none,0,0,0.1516
SKU-020,2023-11-06,18,none,0,0,0.1221
SKU-020,2023-11-13,22,none,0,0,0.1076
SKU-020,2023-11-20,20,none,0,0,0.1347
SKU-020,2023-11-27,22,none,0,0,0.1083
SKU-020,2023-12-04,19,none,0,0,0.1433
SKU-020,2023-12-11,21,none,0,0,0.1082
SKU-020,2023-12-18,26,none,0,1,-0.0454
SKU-020,2023-12-25,21,none,0,0,0.0522
SKU-020,2024-01-01,19,none,0,0,0.0561
SKU-020,2024-01-08,21,none,0,0,0.0466
SKU-020,2024-01-15,19,none,0,0,0.0966
SKU-020,2024-01-22,20,none,0,0,0.0784
SKU-020,2024-01-29,18,none,0,0,0.116
SKU-020,2024-02-05,18,none,0,0,0.1198
SKU-020,2024-02-12,19,none,0,0,0.1239
SKU-020,2024-02-19,23,none,0,0,0.0785
SKU-020,2024-02-26,17,none,0,0,0.1382
SKU-020,2024-03-04,14,none,0,0,0.1509
SKU-020,2024-03-11,12,none,0,0,0.1332
SKU-020,2024-03-18,12,none,0,0,0.1445
SKU-020,2024-03-25,12,none,0,0,0.1492
SKU-020,2024-04-01,13,none,0,0,0.1428
SKU-020,2024-04-08,15,none,0,0,0.1794
SKU-020,2024-04-15,16,none,0,0,0.1776
SKU-020,2024-04-22,16,none,0,0,0.1748
SKU-020,2024-04-29,15,none,0,0,0.183
SKU-020,2024-05-06,14,none,0,0,0.1492
SKU-020,2024-05-13,17,none,0,0,0.1137
SKU-020,2024-05-20,16,none,0,0,0.1328
SKU-020,2024-05-27,9,none,0,0,0.0667
SKU-020,2024-06-03,10,none,0,0,0.1514
SKU-020,2024-06-10,10,none,0,0,0.1406
SKU-020,2024-06-17,9,none,0,0,0.0956
SKU-020,2024-06-24,12,none,0,0,0.1615
SKU-020,2024-07-01,11,none,0,0,0.1588
SKU-020,2024-07-08,12,none,0,0,0.1672
SKU-020,2024-07-15,12,none,0,0,0.1787
SKU-020,2024-07-22,12,none,0,0,0.1753
SKU-020,2024-07-29,11,none,0,0,0.1464
SKU-020,2024-08-05,9,none,0,0,0.0555
SKU-020,2024-08-12,11,none,0,0,0.1548
SKU-020,2024-08-19,72,noise,1,1,-0.2029
SKU-020,2024-08-26,12,none,0,0,0.1628
SKU-020,2024-09-02,14,none,0,0,0.153
SKU-020,2024-09-09,14,none,0,0,0.1632
SKU-020,2024-09-16,16,none,0,0,0.1273
SKU-020,2024-09-23,17,none,0,0,0.1244
SKU-020,2024-09-30,12,none,0,0,0.1054
SKU-020,2024-10-07,13,none,0,0,0.144
SKU-020,2024-10-14,14,none,0,0,0.145
SKU-020,2024-10-21,14,none,0,0,0.136
SKU-020,2024-10-28,16,none,0,0,0.1407
SKU-020,2024-11-04,20,none,0,0,0.1168
SKU-020,2024-11-11,19,none,0,0,0.1376
SKU-020,2024-11-18,21,none,0,0,0.1285
SKU-020,2024-11-25,21,none,0,0,0.1252
SKU-020,2024-12-02,18,none,0,0,0.1031
SKU-020,2024-12-09,19,none,0,0,0.1164
SKU-020,2024-12-16,20,none,0,0,0.0905
SKU-020,2024-12-23,23,none,0,0,0.0073
SKU-020,2024-12-30,20,none,0,0,0.0356
SKU-021,2022-02-07,227,none,0,0,0.0882
SKU-021,2022-02-14,197,none,0,0,0.1905
SKU-021,2022-02-21,168,none,0,0,0.162
SKU-021,2022-02-28,200,none,0,0,0.2138
SKU-021,2022-03-07,181,none,0,0,0.1736
SKU-021,2022-03-14,210,none,0,0,0.1998
SKU-021,2022-03-21,216,none,0,0,0.1843
SKU-021,2022-03-28,200,none,0,0,0.2196
SKU-021,2022-04-04,199,none,0,0,0.2184
SKU-021,2022-04-11,233,none,0,0,0.1147
SKU-021,2022-04-18,194,none,0,0,0.2223
SKU-021,2022-04-25,206,none,0,0,0.2144
SKU-021,2022-05-02,197,none,0,0,0.2196
SKU-021,2022-05-09,171,none,0,0,0.1816
SKU-021,2022-05-16,203,none,0,0,0.2272
SKU-021,2022-05-23,225,none,0,0,0.1871
SKU-021,2022-05-30,211,none,0,0,0.2127
SKU-021,2022-06-06,224,none,0,0,0.1954
SKU-021,2022-06-13,226,none,0,0,0.1924
SKU-021,2022-06-20,190,none,0,0,0.2159
SKU-021,2022-06-27,200,none,0,0,0.2205
SKU-021,2022-07-04,199,none,0,0,0.2183
SKU-021,2022-07-11,524,business,1,1,-0.118
SKU-021,2022-07-18,203,none,0,0,0.2171
SKU-021,2022-07-25,230,none,0,0,0.1832
SKU-021,2022-08-01,235,none,0,0,0.1617
SKU-021,2022-08-08,347,business,1,1,-0.0104
SKU-021,2022-08-15,211,none,0,0,0.2062
SKU-021,2022-08-22,186,none,0,0,0.2015
SKU-021,2022-08-29,241,none,0,0,0.1303
SKU-021,2022-09-05,205,none,0,0,0.2119
SKU-021,2022-09-12,210,none,0,0,0.208
SKU-021,2022-09-19,373,business,1,1,-0.0035
SKU-021,2022-09-26,204,none,0,0,0.2093
SKU-021,2022-10-03,193,none,0,0,0.2074
SKU-021,2022-10-10,196,none,0,0,0.2143
SKU-021,2022-10-17,200,none,0,0,0.2099
SKU-021,2022-10-24,182,none,0,0,0.1563
SKU-021,2022-10-31,203,none,0,0,0.2068
SKU-021,2022-11-07,208,none,0,0,0.2074
SKU-021,2022-11-14,182,none,0,0,0.1527
SKU-021,2022-11-21,222,none,0,0,0.1616
SKU-021,2022-11-28,229,none,0,0,0.1262
SKU-021,2022-12-05,197,none,0,0,0.1794
SKU-021,2022-12-12,211,none,0,0,0.167
SKU-021,2022-12-19,198,none,0,0,0.1575
SKU-021,2022-12-26,197,none,0,0,0.104
SKU-021,2023-01-02,151,none,0,0,0.0031
SKU-021,2023-01-09,198,none,0,0,0.1381
SKU-021,2023-01-16,198,none,0,0,0.1617
SKU-021,2023-01-23,210,none,0,0,0.1511
SKU-021,2023-01-30,168,none,0,0,0.1328
SKU-021,2023-02-06,167,none,0,0,0.1379
SKU-021,2023-02-13,215,none,0,0,0.1638
SKU-021,2023-02-20,192,none,0,0,0.1972
SKU-021,2023-02-27,224,none,0,0,0.1251
SKU-021,2023-03-06,195,none,0,0,0.2086
SKU-021,2023-03-13,199,none,0,0,0.2176
SKU-021,2023-03-20,209,none,0,0,0.2043
SKU-021,2023-03-27,171,none,0,0,0.1614
SKU-021,2023-04-03,178,none,0,0,0.187
SKU-021,2023-04-10,199,none,0,0,0.221
SKU-021,2023-04-17,186,none,0,0,0.2056
SKU-021,2023-04-24,175,none,0,0,0.1838
SKU-021,2023-05-01,190,none,0,0,0.2118
SKU-021,2023-05-08,229,none,0,0,0.1655
SKU-021,2023-05-15,163,none,0,0,0.1625
SKU-021,2023-05-22,213,none,0,0,0.213
SKU-021,2023-05-29,224,none,0,0,0.1854
SKU-021,2023-06-05,206,none,0,0,0.2189
SKU-021,2023-06-12,204,none,0,0,0.2222
SKU-021,2023-06-19,188,none,0,0,0.2077
SKU-021,2023-06-26,176,none,0,0,0.1778
SKU-021,2023-07-03,200,none,0,0,0.2186
SKU-021,2023-07-10,203,none,0,0,0.2139
SKU-021,2023-07-17,185,none,0,0,0.2016
SKU-021,2023-07-24,189,none,0,0,0.2088
SKU-021,2023-07-31,216,none,0,0,0.201
SKU-021,2023-08-07,174,none,0,0,0.1717
SKU-021,2023-08-14,167,none,0,0,0.146
SKU-021,2023-08-21,212,none,0,0,0.211
SKU-021,2023-08-28,173,none,0,0,0.1501
SKU-021,2023-09-04,232,none,0,0,0.1678
SKU-021,2023-09-11,194,none,0,0,0.2072
SKU-021,2023-09-18,226,none,0,0,0.1749
SKU-021,2023-09-25,181,none,0,0,0.1632
SKU-021,2023-10-02,196,none,0,0,0.2119
SKU-021,2023-10-09,190,none,0,0,0.1938
SKU-021,2023-10-16,385,business,1,1,-0.0144
SKU-021,2023-10-23,201,none,0,0,0.2071
SKU-021,2023-10-30,205,none,0,0,0.2005
SKU-021,2023-11-06,207,none,0,0,0.1989
SKU-021,2023-11-13,211,none,0,0,0.1891
SKU-021,2023-11-20,189,none,0,0,0.1672
SKU-021,2023-11-27,208,none,0,0,0.1875
SKU-021,2023-12-04,230,none,0,0,0.1109
SKU-021,2023-12-11,201,none,0,0,0.1707
SKU-021,2023-12-18,185,none,0,0,0.1217
SKU-021,2023-12-25,164,none,0,0,0.0199
SKU-021,2024-01-01,191,none,0,0,0.1027
SKU-021,2024-01-08,163,none,0,0,0.0723
SKU-021,2024-01-15,200,none,0,0,0.1542
SKU-021,2024-01-22,211,none,0,0,0.1458
SKU-021,2024-01-29,192,none,0,0,0.1693
SKU-021,2024-02-05,208,none,0,0,0.1768
SKU-021,2024-02-12,210,none,0,0,0.1876
SKU-021,2024-02-19,190,none,0,0,0.1948
SKU-021,2024-02-26,168,none,0,0,0.1631
SKU-021,2024-03-04,143,none,0,0,0.0196
SKU-021,2024-03-11,201,none,0,0,0.2168
SKU-021,2024-03-18,226,none,0,0,0.1442
SKU-021,2024-03-25,191,none,0,0,0.2067
SKU-021,2024-04-01,160,none,0,0,0.1285
SKU-021,2024-04-08,180,none,0,0,0.1888
SKU-021,2024-04-15,208,none,0,0,0.2054
SKU-021,2024-04-22,216,none,0,0,0.193
SKU-021,2024-04-29,201,none,0,0,0.2237
SKU-021,2024-05-06,182,none,0,0,0.2046
SKU-021,2024-05-13,166,none,0,0,0.1691
SKU-021,2024-05-20,193,none,0,0,0.2106
SKU-021,2024-05-27,212,none,0,0,0.2134
SKU-021,2024-06-03,171,none,0,0,0.1592
SKU-021,2024-06-10,218,none,0,0,0.2091
SKU-021,2024-06-17,210,none,0,0,0.2118
SKU-021,2024-06-24,183,none,0,0,0.2044
SKU-021,2024-07-01,230,none,0,0,0.1708
SKU-021,2024-07-08,233,none,0,0,0.1672
SKU-021,2024-07-15,193,none,0,0,0.2155
SKU-021,2024-07-22,224,none,0,0,0.1908
SKU-021,2024-07-29,205,none,0,0,0.2072
SKU-021,2024-08-05,189,none,0,0,0.2069
SKU-021,2024-08-12,172,none,0,0,0.1678
SKU-021,2024-08-19,186,none,0,0,0.2015
SKU-021,2024-08-26,216,none,0,0,0.2045
SKU-021,2024-09-02,214,none,0,0,0.2109
SKU-021,2024-09-09,151,none,0,0,0.0592
SKU-021,2024-09-16,199,none,0,0,0.2039
SKU-021,2024-09-23,250,none,0,0,0.0776
SKU-021,2024-09-30,213,none,0,0,0.2016
SKU-021,2024-10-07,209,none,0,0,0.2054
SKU-021,2024-10-14,516,business,1,1,-0.0922
SKU-021,2024-10-21,204,none,0,0,0.2079
SKU-021,2024-10-28,195,none,0,0,0.1873
SKU-021,2024-11-04,208,none,0,0,0.2074
SKU-021,2024-11-11,153,none,0,0,0.0557
SKU-021,2024-11-18,221,none,0,0,0.1674
SKU-021,2024-11-25,187,none,0,0,0.1587
SKU-021,2024-12-02,203,none,0,0,0.1825
SKU-021,2024-12-09,220,none,0,0,0.1454
SKU-021,2024-12-16,217,none,0,0,0.1401
SKU-021,2024-12-23,217,none,0,0,0.0921
SKU-021,2024-12-30,180,none,0,0,0.0742
SKU-022,2022-02-07,208,none,0,0,0.1324
SKU-022,2022-02-14,213,none,0,0,0.139
SKU-022,2022-02-21,171,none,0,0,0.0973
SKU-022,2022-02-28,197,none,0,0,0.145
SKU-022,2022-03-07,166,none,0,0,0.1029
SKU-022,2022-03-14,198,none,0,0,0.1656
SKU-022,2022-03-21,1134,noise,1,1,-0.1773
SKU-022,2022-03-28,180,none,0,0,0.1491
SKU-022,2022-04-04,187,none,0,0,0.1591
SKU-022,2022-04-11,182,none,0,0,0.1591
SKU-022,2022-04-18,230,none,0,0,0.121
SKU-022,2022-04-25,195,none,0,0,0.1737
SKU-022,2022-05-02,208,none,0,0,0.1756
SKU-022,2022-05-09,183,none,0,0,0.1564
SKU-022,2022-05-16,202,none,0,0,0.1778
SKU-022,2022-05-23,230,none,0,0,0.1054
SKU-022,2022-05-30,190,none,0,0,0.1656
SKU-022,2022-06-06,204,none,0,0,0.1721
SKU-022,2022-06-13,186,none,0,0,0.1681
SKU-022,2022-06-20,235,none,0,0,0.0686
SKU-022,2022-06-27,203,none,0,0,0.1763
SKU-022,2022-07-04,188,none,0,0,0.1643
SKU-022,2022-07-11,205,none,0,0,0.1817
SKU-022,2022-07-18,211,none,0,0,0.1833
SKU-022,2022-07-25,186,none,0,0,0.1704
SKU-022,2022-08-01,209,none,0,0,0.1886
SKU-022,2022-08-08,174,none,0,0,0.1511
SKU-022,2022-08-15,224,none,0,0,0.1412
SKU-022,2022-08-22,198,none,0,0,0.1807
SKU-022,2022-08-29,206,none,0,0,0.1838
SKU-022,2022-09-05,188,none,0,0,0.1679
SKU-022,2022-09-12,205,none,0,0,0.1862
SKU-022,2022-09-19,208,none,0,0,0.1852
SKU-022,2022-09-26,210,none,0,0,0.1781
SKU-022,2022-10-03,199,none,0,0,0.1649
SKU-022,2022-10-10,187,none,0,0,0.1593
SKU-022,2022-10-17,258,none,0,0,0.0045
SKU-022,2022-10-24,177,none,0,0,0.1454
SKU-022,2022-10-31,176,none,0,0,0.1391
SKU-022,2022-11-07,206,none,0,0,0.1491
SKU-022,2022-11-14,228,none,0,0,0.0946
SKU-022,2022-11-21,156,none,0,0,0.0248
SKU-022,2022-11-28,216,none,0,0,0.1068
SKU-022,2022-12-05,191,none,0,0,0.1115
SKU-022,2022-12-12,201,none,0,0,0.0984
SKU-022,2022-12-19,191,none,0,0,0.0787
SKU-022,2022-12-26,220,none,0,0,0.0384
SKU-022,2023-01-02,201,none,0,0,0.0612
SKU-022,2023-01-09,199,none,0,0,0.0856
SKU-022,2023-01-16,227,none,0,0,0.0519
SKU-022,2023-01-23,200,none,0,0,0.094
SKU-022,2023-01-30,215,none,0,0,0.108
SKU-022,2023-02-06,216,none,0,0,0.1277
SKU-022,2023-02-13,213,none,0,0,0.139
SKU-022,2023-02-20,175,none,0,0,0.1113
SKU-022,2023-02-27,218,none,0,0,0.139
SKU-022,2023-03-06,217,none,0,0,0.1454
SKU-022,2023-03-13,163,none,0,0,0.0969
SKU-022,2023-03-20,204,none,0,0,0.1541
SKU-022,2023-03-27,176,none,0,0,0.1428
SKU-022,2023-04-03,198,none,0,0,0.1662
SKU-022,2023-04-10,483,business,1,1,-0.1025
SKU-022,2023-04-17,165,none,0,0,0.1244
SKU-022,2023-04-24,192,none,0,0,0.1714
SKU-022,2023-05-01,168,none,0,0,0.1406
SKU-022,2023-05-08,211,none,0,0,0.1631
SKU-022,2023-05-15,207,none,0,0,0.1762
SKU-022,2023-05-22,214,none,0,0,0.1604
SKU-022,2023-05-29,222,none,0,0,0.131
SKU-022,2023-06-05,164,none,0,0,0.1154
SKU-022,2023-06-12,178,none,0,0,0.1511
SKU-022,2023-06-19,190,none,0,0,0.1718
SKU-022,2023-06-26,198,none,0,0,0.1783
SKU-022,2023-07-03,173,none,0,0,0.131
SKU-022,2023-07-10,183,none,0,0,0.164
SKU-022,2023-07-17,210,none,0,0,0.1855
SKU-022,2023-07-24,167,none,0,0,0.1402
SKU-022,2023-07-31,212,none,0,0,0.1817
SKU-022,2023-08-07,202,none,0,0,0.1793
SKU-022,2023-08-14,195,none,0,0,0.1742
SKU-022,2023-08-21,180,none,0,0,0.1534
SKU-022,2023-08-28,218,none,0,0,0.1661
SKU-022,2023-09-04,248,none,0,0,0.0589
SKU-022,2023-09-11,214,none,0,0,0.1761
SKU-022,2023-09-18,179,none,0,0,0.162
SKU-022,2023-09-25,224,none,0,0,0.1478
SKU-022,2023-10-02,185,none,0,0,0.1678
SKU-022,2023-10-09,135,none,0,1,-0.0051
SKU-022,2023-10-16,183,none,0,0,0.1636
SKU-022,2023-10-23,207,none,0,0,0.1505
SKU-022,2023-10-30,212,none,0,0,0.139
SKU-022,2023-11-06,228,none,0,0,0.1008
SKU-022,2023-11-13,200,none,0,0,0.1389
SKU-022,2023-11-20,205,none,0,0,0.1298
SKU-022,2023-11-27,180,none,0,0,0.1032
SKU-022,2023-12-04,186,none,0,0,0.113
SKU-022,2023-12-11,204,none,0,0,0.1001
SKU-022,2023-12-18,182,none,0,0,0.091
SKU-022,2023-12-25,211,none,0,0,0.0648
SKU-022,2024-01-01,192,none,0,0,0.0202
SKU-022,2024-01-08,206,none,0,0,0.0781
SKU-022,2024-01-15,219,none,0,0,0.0828
SKU-022,2024-01-22,1720,noise,1,1,-0.2264
SKU-022,2024-01-29,202,none,0,0,0.1216
SKU-022,2024-02-05,191,none,0,0,0.1044
SKU-022,2024-02-12,220,none,0,0,0.1227
SKU-022,2024-02-19,230,none,0,0,0.0887
SKU-022,2024-02-26,225,none,0,0,0.1156
SKU-022,2024-03-04,198,none,0,0,0.1607
SKU-022,2024-03-11,195,none,0,0,0.1629
SKU-022,2024-03-18,202,none,0,0,0.1602
SKU-022,2024-03-25,221,none,0,0,0.1198
SKU-022,2024-04-01,168,none,0,0,0.1375
SKU-022,2024-04-08,174,none,0,0,0.1455
SKU-022,2024-04-15,230,none,0,0,0.121
SKU-022,2024-04-22,162,none,0,0,0.1085
SKU-022,2024-04-29,208,none,0,0,0.1756
SKU-022,2024-05-06,168,none,0,0,0.1392
SKU-022,2024-05-13,197,none,0,0,0.1732
SKU-022,2024-05-20,176,none,0,0,0.1511
SKU-022,2024-05-27,185,none,0,0,0.1611
SKU-022,2024-06-03,199,none,0,0,0.169
SKU-022,2024-06-10,207,none,0,0,0.1718
SKU-022,2024-06-17,181,none,0,0,0.1598
SKU-022,2024-06-24,192,none,0,0,0.1766
SKU-022,2024-07-01,228,none,0,0,0.1089
SKU-022,2024-07-08,216,none,0,0,0.1613
SKU-022,2024-07-15,193,none,0,0,0.1795
SKU-022,2024-07-22,170,none,0,0,0.149
SKU-022,2024-07-29,204,none,0,0,0.1865
SKU-022,2024-08-05,208,none,0,0,0.1865
SKU-022,2024-08-12,174,none,0,0,0.1497
SKU-022,2024-08-19,409,business,1,1,-0.1129
SKU-022,2024-08-26,207,none,0,0,0.1842
SKU-022,2024-09-02,196,none,0,0,0.1764
SKU-022,2024-09-09,198,none,0,0,0.1811
SKU-022,2024-09-16,185,none,0,0,0.1724
SKU-022,2024-09-23,221,none,0,0,0.16
SKU-022,2024-09-30,180,none,0,0,0.159
SKU-022,2024-10-07,209,none,0,0,0.1639
SKU-022,2024-10-14,188,none,0,0,0.1591
SKU-022,2024-10-21,164,none,0,0,0.1114
SKU-022,2024-10-28,173,none,0,0,0.1314
SKU-022,2024-11-04,202,none,0,0,0.1456
SKU-022,2024-11-11,200,none,0,0,0.1389
SKU-022,2024-11-18,219,none,0,0,0.1126
SKU-022,2024-11-25,210,none,0,0,0.1216
SKU-022,2024-12-02,167,none,0,0,0.0686
SKU-022,2024-12-09,219,none,0,0,0.0769
SKU-022,2024-12-16,171,none,0,0,0.0566
SKU-022,2024-12-23,184,none,0,0,0.0485
SKU-022,2024-12-30,219,none,0,0,0.0355
SKU-023,2022-02-07,246,none,0,0,0.1878
SKU-023,2022-02-14,248,none,0,0,0.1927
SKU-023,2022-02-21,209,none,0,0,0.1929
SKU-023,2022-02-28,195,none,0,0,0.2013
SKU-023,2022-03-07,222,none,0,0,0.2042
SKU-023,2022-03-14,212,none,0,0,0.2182
SKU-023,2022-03-21,185,none,0,0,0.2043
SKU-023,2022-03-28,182,none,0,0,0.2096
SKU-023,2022-04-04,222,none,0,0,0.2051
SKU-023,2022-04-11,164,none,0,0,0.1977
SKU-023,2022-04-18,195,none,0,0,0.2265
SKU-023,2022-04-25,375,business,1,0,0.0508
SKU-023,2022-05-02,188,none,0,0,0.2103
SKU-023,2022-05-09,205,none,0,0,0.216
SKU-023,2022-05-16,1194,noise,1,1,-0.0563
SKU-023,2022-05-23,216,none,0,0,0.2002
SKU-023,2022-05-30,159,none,0,0,0.2111
SKU-023,2022-06-06,157,none,0,0,0.2198
SKU-023,2022-06-13,146,none,0,0,0.2112
SKU-023,2022-06-20,152,none,0,0,0.2198
SKU-023,2022-06-27,154,none,0,0,0.2305
SKU-023,2022-07-04,163,none,0,0,0.2182
SKU-023,2022-07-11,125,none,0,0,0.1658
SKU-023,2022-07-18,145,none,0,0,0.2102
SKU-023,2022-07-25,152,none,0,0,0.2034
SKU-023,2022-08-01,156,none,0,0,0.2081
SKU-023,2022-08-08,244,business,1,0,0.1187
SKU-023,2022-08-15,141,none,0,0,0.1962
SKU-023,2022-08-22,164,none,0,0,0.1987
SKU-023,2022-08-29,125,none,0,0,0.1225
SKU-023,2022-09-05,192,none,0,0,0.1966
SKU-023,2022-09-12,167,none,0,0,0.193
SKU-023,2022-09-19,175,none,0,0,0.2024
SKU-023,2022-09-26,198,none,0,0,0.2099
SKU-023,2022-10-03,171,none,0,0,0.1976
SKU-023,2022-10-10,191,none,0,0,0.1953
SKU-023,2022-10-17,195,none,0,0,0.1881
SKU-023,2022-10-24,207,none,0,0,0.1868
SKU-023,2022-10-31,215,none,0,0,0.1835
SKU-023,2022-11-07,251,none,0,0,0.168
SKU-023,2022-11-14,221,none,0,0,0.1553
SKU-023,2022-11-21,272,none,0,0,0.1471
SKU-023,2022-11-28,289,none,0,0,0.1161
SKU-023,2022-12-05,269,none,0,0,0.1497
SKU-023,2022-12-12,333,none,0,0,0.0256
SKU-023,2022-12-19,291,none,0,0,0.1106
SKU-023,2022-12-26,274,none,0,0,0.0968
SKU-023,2023-01-02,243,none,0,0,0.0831
SKU-023,2023-01-09,313,none,0,0,0.0848
SKU-023,2023-01-16,305,none,0,0,0.1036
SKU-023,2023-01-23,280,none,0,0,0.1262
SKU-023,2023-01-30,262,none,0,0,0.1744
SKU-023,2023-02-06,250,none,0,0,0.1896
SKU-023,2023-02-13,218,none,0,0,0.175
SKU-023,2023-02-20,255,none,0,0,0.1903
SKU-023,2023-02-27,195,none,0,0,0.2013
SKU-023,2023-03-06,171,none,0,0,0.1904
SKU-023,2023-03-13,182,none,0,0,0.2007
SKU-023,2023-03-20,488,business,1,1,-0.0262
SKU-023,2023-03-27,209,none,0,0,0.2182
SKU-023,2023-04-03,198,none,0,0,0.2172
SKU-023,2023-04-10,206,none,0,0,0.2256
SKU-023,2023-04-17,207,none,0,0,0.2208
SKU-023,2023-04-24,197,none,0,0,0.2244
SKU-023,2023-05-01,1602,noise,1,1,-0.1061
SKU-023,2023-05-08,214,none,0,0,0.2152
SKU-023,2023-05-15,212,none,0,0,0.2169
SKU-023,2023-05-22,201,none,0,0,0.2165
SKU-023,2023-05-29,138,none,0,0,0.194
SKU-023,2023-06-05,134,none,0,0,0.1904
SKU-023,2023-06-12,154,none,0,0,0.22
SKU-023,2023-06-19,137,none,0,0,0.2084
SKU-023,2023-06-26,139,none,0,0,0.2114
SKU-023,2023-07-03,162,none,0,0,0.2201
SKU-023,2023-07-10,115,none,0,0,0.117
SKU-023,2023-07-17,144,none,0,0,0.2098
SKU-023,2023-07-24,138,none,0,0,0.193
SKU-023,2023-07-31,141,none,0,0,0.1894
SKU-023,2023-08-07,171,none,0,0,0.2014
SKU-023,2023-08-14,123,none,0,0,0.1403
SKU-023,2023-08-21,132,none,0,0,0.1568
SKU-023,2023-08-28,163,none,0,0,0.1881
SKU-023,2023-09-04,194,none,0,0,0.2012
SKU-023,2023-09-11,221,none,0,0,0.1613
SKU-023,2023-09-18,207,none,0,0,0.1895
SKU-023,2023-09-25,183,none,0,0,0.2097
SKU-023,2023-10-02,183,none,0,0,0.1964
SKU-023,2023-10-09,211,none,0,0,0.1876
SKU-023,2023-10-16,226,none,0,0,0.1773
SKU-023,2023-10-23,181,none,0,0,0.1624
SKU-023,2023-10-30,197,none,0,0,0.1686
SKU-023,2023-11-06,233,none,0,0,0.1809
SKU-023,2023-11-13,248,none,0,0,0.1846
SKU-023,2023-11-20,267,none,0,0,0.1529
SKU-023,2023-11-27,233,none,0,0,0.1633
SKU-023,2023-12-04,243,none,0,0,0.1571
SKU-023,2023-12-11,275,none,0,0,0.1431
SKU-023,2023-12-18,293,none,0,0,0.1102
SKU-023,2023-12-25,323,none,0,0,0.0233
SKU-023,2024-01-01,260,none,0,0,0.0945
SKU-023,2024-01-08,276,none,0,0,0.1163
SKU-023,2024-01-15,238,none,0,0,0.1287
SKU-023,2024-01-22,2070,noise,1,1,-0.162
SKU-023,2024-01-29,268,none,0,0,0.1641
SKU-023,2024-02-05,260,none,0,0,0.188
SKU-023,2024-02-12,361,none,0,0,0.0576
SKU-023,2024-02-19,291,none,0,0,0.1336
SKU-023,2024-02-26,170,none,0,0,0.1749
SKU-023,2024-03-04,148,none,0,0,0.1278
SKU-023,2024-03-11,209,none,0,0,0.2171
SKU-023,2024-03-18,212,none,0,0,0.2147
SKU-023,2024-03-25,209,none,0,0,0.2182
SKU-023,2024-04-01,182,none,0,0,0.2112
SKU-023,2024-04-08,266,none,0,0,0.1689
SKU-023,2024-04-15,199,none,0,0,0.2247
SKU-023,2024-04-22,146,none,0,0,0.1573
SKU-023,2024-04-29,219,none,0,0,0.2032
SKU-023,2024-05-06,228,none,0,0,0.1932
SKU-023,2024-05-13,252,none,0,0,0.1632
SKU-023,2024-05-20,199,none,0,0,0.2131
SKU-023,2024-05-27,139,none,0,0,0.1956
SKU-023,2024-06-03,1242,noise,1,1,-0.0816
SKU-023,2024-06-10,131,none,0,0,0.1802
SKU-023,2024-06-17,167,none,0,0,0.22
SKU-023,2024-06-24,181,none,0,0,0.2028
SKU-023,2024-07-01,152,none,0,0,0.2096
SKU-023,2024-07-08,145,none,0,0,0.209
SKU-023,2024-07-15,162,none,0,0,0.2199
SKU-023,2024-07-22,177,none,0,0,0.1858
SKU-023,2024-07-29,163,none,0,0,0.211
SKU-023,2024-08-05,162,none,0,0,0.2104
SKU-023,2024-08-12,137,none,0,0,0.1926
SKU-023,2024-08-19,141,none,0,0,0.1942
SKU-023,2024-08-26,144,none,0,0,0.1716
SKU-023,2024-09-02,201,none,0,0,0.1937
SKU-023,2024-09-09,170,none,0,0,0.1993
SKU-023,2024-09-16,197,none,0,0,0.21
SKU-023,2024-09-23,160,none,0,0,0.1795
SKU-023,2024-09-30,173,none,0,0,0.2005
SKU-023,2024-10-07,239,none,0,0,0.1664
SKU-023,2024-10-14,171,none,0,0,0.163
SKU-023,2024-10-21,233,none,0,0,0.183
SKU-023,2024-10-28,210,none,0,0,0.1833
SKU-023,2024-11-04,263,none,0,0,0.1449
SKU-023,2024-11-11,247,none,0,0,0.1858
SKU-023,2024-11-18,243,none,0,0,0.1767
SKU-023,2024-11-25,237,none,0,0,0.1709
SKU-023,2024-12-02,298,none,0,0,0.1123
SKU-023,2024-12-09,265,none,0,0,0.144
SKU-023,2024-12-16,253,none,0,0,0.1196
SKU-023,2024-12-23,238,none,0,0,0.097
SKU-023,2024-12-30,300,none,0,0,0.0536
SKU-024,2022-02-07,270,none,0,0,0.0945
SKU-024,2022-02-14,257,none,0,0,0.0969
SKU-024,2022-02-21,282,none,0,0,0.07
SKU-024,2022-02-28,213,none,0,0,0.1308
SKU-024,2022-03-07,234,none,0,0,0.1045
SKU-024,2022-03-14,193,none,0,0,0.1239
SKU-024,2022-03-21,172,none,0,0,0.0962
SKU-024,2022-03-28,200,none,0,0,0.1406
SKU-024,2022-04-04,195,none,0,0,0.1364
SKU-024,2022-04-11,177,none,0,0,0.1085
SKU-024,2022-04-18,193,none,0,0,0.1385
SKU-024,2022-04-25,203,none,0,0,0.1455
SKU-024,2022-05-02,227,none,0,0,0.1152
SKU-024,2022-05-09,197,none,0,0,0.1536
SKU-024,2022-05-16,194,none,0,0,0.1516
SKU-024,2022-05-23,236,none,0,0,0.0863
SKU-024,2022-05-30,161,none,0,0,0.1229
SKU-024,2022-06-06,167,none,0,0,0.1465
SKU-024,2022-06-13,151,none,0,0,0.121
SKU-024,2022-06-20,149,none,0,0,0.1253
SKU-024,2022-06-27,151,none,0,0,0.132
SKU-024,2022-07-04,124,none,0,0,0.0688
SKU-024,2022-07-11,120,none,0,0,0.0383
SKU-024,2022-07-18,141,none,0,0,0.1043
SKU-024,2022-07-25,133,none,0,0,0.105
SKU-024,2022-08-01,159,none,0,0,0.1095
SKU-024,2022-08-08,138,none,0,0,0.1105
SKU-024,2022-08-15,157,none,0,0,0.118
SKU-024,2022-08-22,141,none,0,0,0.0879
SKU-024,2022-08-29,156,none,0,0,0.0967
SKU-024,2022-09-05,197,none,0,0,0.1156
SKU-024,2022-09-12,189,none,0,0,0.1257
SKU-024,2022-09-19,198,none,0,0,0.1332
SKU-024,2022-09-26,178,none,0,0,0.1148
SKU-024,2022-10-03,210,none,0,0,0.1135
SKU-024,2022-10-10,206,none,0,0,0.1242
SKU-024,2022-10-17,191,none,0,0,0.1215
SKU-024,2022-10-24,194,none,0,0,0.1005
SKU-024,2022-10-31,1782,noise,1,1,-0.2833
SKU-024,2022-11-07,245,none,0,0,0.0855
SKU-024,2022-11-14,255,none,0,0,0.0896
SKU-024,2022-11-21,277,none,0,0,0.1051
SKU-024,2022-11-28,312,none,0,0,0.0695
SKU-024,2022-12-05,256,none,0,0,0.0688
SKU-024,2022-12-12,263,none,0,0,0.0786
SKU-024,2022-12-19,293,none,0,0,0.0611
SKU-024,2022-12-26,261,none,0,0,0.042
SKU-024,2023-01-02,239,none,0,0,0.0077
SKU-024,2023-01-09,273,none,0,0,0.0339
SKU-024,2023-01-16,242,none,0,0,0.0394
SKU-024,2023-01-23,272,none,0,0,0.0563
SKU-024,2023-01-30,254,none,0,0,0.0781
SKU-024,2023-02-06,277,none,0,0,0.0919
SKU-024,2023-02-13,255,none,0,0,0.0959
SKU-024,2023-02-20,311,none,0,0,0.0264
SKU-024,2023-02-27,155,none,0,0,0.0271
SKU-024,2023-03-06,217,none,0,0,0.1289
SKU-024,2023-03-13,223,none,0,0,0.1181
SKU-024,2023-03-20,193,none,0,0,0.1303
SKU-024,2023-03-27,207,none,0,0,0.1355
SKU-024,2023-04-03,260,none,0,0,0.0643
SKU-024,2023-04-10,216,none,0,0,0.1369
SKU-024,2023-04-17,173,none,0,0,0.108
SKU-024,2023-04-24,216,none,0,0,0.1347
SKU-024,2023-05-01,165,none,0,0,0.1089
SKU-024,2023-05-08,219,none,0,0,0.1287
SKU-024,2023-05-15,200,none,0,0,0.1543
SKU-024,2023-05-22,204,none,0,0,0.1379
SKU-024,2023-05-29,135,none,0,0,0.0821
SKU-024,2023-06-05,171,none,0,0,0.1459
SKU-024,2023-06-12,174,none,0,0,0.1318
SKU-024,2023-06-19,164,none,0,0,0.1388
SKU-024,2023-06-26,155,none,0,0,0.1375
SKU-024,2023-07-03,160,none,0,0,0.1269
SKU-024,2023-07-10,168,none,0,0,0.1204
SKU-024,2023-07-17,151,none,0,0,0.1161
SKU-024,2023-07-24,126,none,0,0,0.0912
SKU-024,2023-07-31,152,none,0,0,0.1237
SKU-024,2023-08-07,134,none,0,0,0.1045
SKU-024,2023-08-14,165,none,0,0,0.1148
SKU-024,2023-08-21,170,none,0,0,0.1129
SKU-024,2023-08-28,132,none,0,0,0.0669
SKU-024,2023-09-04,182,none,0,0,0.1215
SKU-024,2023-09-11,184,none,0,0,0.1256
SKU-024,2023-09-18,202,none,0,0,0.1306
SKU-024,2023-09-25,188,none,0,0,0.1264
SKU-024,2023-10-02,167,none,0,0,0.0925
SKU-024,2023-10-09,202,none,0,0,0.131
SKU-024,2023-10-16,183,none,0,0,0.1101
SKU-024,2023-10-23,215,none,0,0,0.1099
SKU-024,2023-10-30,239,none,0,0,0.0827
SKU-024,2023-11-06,301,none,0,0,0.063
SKU-024,2023-11-13,217,none,0,0,0.0725
SKU-024,2023-11-20,295,none,0,0,0.0884
SKU-024,2023-11-27,285,none,0,0,0.0947
SKU-024,2023-12-04,324,none,0,0,0.005
SKU-024,2023-12-11,317,none,0,0,0.0286
SKU-024,2023-12-18,273,none,0,0,0.0813
SKU-024,2023-12-25,294,none,0,0,0.0371
SKU-024,2024-01-01,252,none,0,0,0.0086
SKU-024,2024-01-08,237,none,0,0,0.0264
SKU-024,2024-01-15,308,none,0,1,-0.0056
SKU-024,2024-01-22,234,none,0,0,0.0364
SKU-024,2024-01-29,268,none,0,0,0.0806
SKU-024,2024-02-05,278,none,0,0,0.0875
SKU-024,2024-02-12,291,none,0,0,0.0525
SKU-024,2024-02-19,214,none,0,0,0.0885
SKU-024,2024-02-26,213,none,0,0,0.1308
SKU-024,2024-03-04,199,none,0,0,0.1253
SKU-024,2024-03-11,172,none,0,0,0.0911
SKU-024,2024-03-18,201,none,0,0,0.1362
SKU-024,2024-03-25,223,none,0,0,0.126
SKU-024,2024-04-01,222,none,0,0,0.1329
SKU-024,2024-04-08,477,business,1,1,-0.1619
SKU-024,2024-04-15,220,none,0,0,0.1268
SKU-024,2024-04-22,184,none,0,0,0.118
SKU-024,2024-04-29,195,none,0,0,0.1483
SKU-024,2024-05-06,193,none,0,0,0.1485
SKU-024,2024-05-13,196,none,0,0,0.1539
SKU-024,2024-05-20,201,none,0,0,0.1468
SKU-024,2024-05-27,124,none,0,0,0.0465
SKU-024,2024-06-03,162,none,0,0,0.1362
SKU-024,2024-06-10,170,none,0,0,0.1459
SKU-024,2024-06-17,137,none,0,0,0.1016
SKU-024,2024-06-24,167,none,0,0,0.1383
SKU-024,2024-07-01,314,business,1,1,-0.0136
SKU-024,2024-07-08,295,business,1,0,0.0115
SKU-024,2024-07-15,136,none,0,0,0.106
SKU-024,2024-07-22,126,none,0,0,0.0912
SKU-024,2024-07-29,149,none,0,0,0.1176
SKU-024,2024-08-05,147,none,0,0,0.1075
SKU-024,2024-08-12,139,none,0,0,0.0984
SKU-024,2024-08-19,165,none,0,0,0.1173
SKU-024,2024-08-26,131,none,0,0,0.0596
SKU-024,2024-09-02,175,none,0,0,0.1165
SKU-024,2024-09-09,200,none,0,0,0.1219
SKU-024,2024-09-16,232,none,0,0,0.0904
SKU-024,2024-09-23,224,none,0,0,0.1038
SKU-024,2024-09-30,173,none,0,0,0.107
SKU-024,2024-10-07,176,none,0,0,0.1039
SKU-024,2024-10-14,202,none,0,0,0.1295
SKU-024,2024-10-21,230,none,0,0,0.0975
SKU-024,2024-10-28,208,none,0,0,0.1012
SKU-024,2024-11-04,268,none,0,0,0.0902
SKU-024,2024-11-11,313,none,0,0,0.0601
SKU-024,2024-11-18,276,none,0,0,0.1033
SKU-024,2024-11-25,235,none,0,0,0.0579
SKU-024,2024-12-02,277,none,0,0,0.0932
SKU-024,2024-12-09,268,none,0,0,0.0877
SKU-024,2024-12-16,274,none,0,0,0.0814
SKU-024,2024-12-23,267,none,0,0,0.0554
SKU-024,2024-12-30,332,none,0,1,-0.0776
SKU-025,2022-02-07,257,none,0,0,0.0581
SKU-025,2022-02-14,284,none,0,0,0.062
SKU-025,2022-02-21,238,none,0,0,0.0861
SKU-025,2022-02-28,213,none,0,0,0.1041
SKU-025,2022-03-07,202,none,0,0,0.1082
SKU-025,2022-03-14,189,none,0,0,0.1195
SKU-025,2022-03-21,182,none,0,0,0.1172
SKU-025,2022-03-28,230,none,0,0,0.0984
SKU-025,2022-04-04,219,none,0,0,0.117
SKU-025,2022-04-11,196,none,0,0,0.1341
SKU-025,2022-04-18,196,none,0,0,0.1352
SKU-025,2022-04-25,192,none,0,0,0.1377
SKU-025,2022-05-02,180,none,0,0,0.1286
SKU-025,2022-05-09,161,none,0,0,0.1133
SKU-025,2022-05-16,211,none,0,0,0.1309
SKU-025,2022-05-23,231,none,0,0,0.0912
SKU-025,2022-05-30,169,none,0,0,0.1305
SKU-025,2022-06-06,168,none,0,0,0.1351
SKU-025,2022-06-13,153,none,0,0,0.156
SKU-025,2022-06-20,153,none,0,0,0.1584
SKU-025,2022-06-27,163,none,0,0,0.1392
SKU-025,2022-07-04,150,none,0,0,0.1499
SKU-025,2022-07-11,143,none,0,0,0.1449
SKU-025,2022-07-18,126,none,0,0,0.0628
SKU-025,2022-07-25,156,none,0,0,0.1391
SKU-025,2022-08-01,147,none,0,0,0.134
SKU-025,2022-08-08,162,none,0,0,0.1339
SKU-025,2022-08-15,162,none,0,0,0.1388
SKU-025,2022-08-22,137,none,0,0,0.0914
SKU-025,2022-08-29,151,none,0,0,0.1171
SKU-025,2022-09-05,190,none,0,0,0.1381
SKU-025,2022-09-12,192,none,0,0,0.1408
SKU-025,2022-09-19,199,none,0,0,0.1323
SKU-025,2022-09-26,164,none,0,0,0.1004
SKU-025,2022-10-03,211,none,0,0,0.1267
SKU-025,2022-10-10,161,none,0,0,0.0798
SKU-025,2022-10-17,215,none,0,0,0.1349
SKU-025,2022-10-24,215,none,0,0,0.1282
SKU-025,2022-10-31,213,none,0,0,0.1262
SKU-025,2022-11-07,263,none,0,0,0.0995
SKU-025,2022-11-14,253,none,0,0,0.1102
SKU-025,2022-11-21,269,none,0,0,0.12
SKU-025,2022-11-28,269,none,0,0,0.1154
SKU-025,2022-12-05,279,none,0,0,0.1063
SKU-025,2022-12-12,296,none,0,0,0.0901
SKU-025,2022-12-19,279,none,0,0,0.075
SKU-025,2022-12-26,1890,noise,1,1,-0.2447
SKU-025,2023-01-02,280,none,0,1,-0.0026
SKU-025,2023-01-09,272,none,0,0,0.016
SKU-025,2023-01-16,301,none,0,0,0.023
SKU-025,2023-01-23,267,none,0,0,0.0397
SKU-025,2023-01-30,257,none,0,0,0.043
SKU-025,2023-02-06,287,none,0,0,0.0671
SKU-025,2023-02-13,293,none,0,0,0.0507
SKU-025,2023-02-20,239,none,0,0,0.0856
SKU-025,2023-02-27,209,none,0,0,0.1117
SKU-025,2023-03-06,187,none,0,0,0.1169
SKU-025,2023-03-13,220,none,0,0,0.1088
SKU-025,2023-03-20,158,none,0,0,0.0675
SKU-025,2023-03-27,210,none,0,0,0.1306
SKU-025,2023-04-03,177,none,0,0,0.1042
SKU-025,2023-04-10,203,none,0,0,0.1283
SKU-025,2023-04-17,211,none,0,0,0.1351
SKU-025,2023-04-24,183,none,0,0,0.1332
SKU-025,2023-05-01,154,none,0,0,0.076
SKU-025,2023-05-08,224,none,0,0,0.1222
SKU-025,2023-05-15,187,none,0,0,0.123
SKU-025,2023-05-22,216,none,0,0,0.1188
SKU-025,2023-05-29,170,none,0,0,0.1302
SKU-025,2023-06-05,126,none,0,0,0.0448
SKU-025,2023-06-12,159,none,0,0,0.149
SKU-025,2023-06-19,160,none,0,0,0.1519
SKU-025,2023-06-26,150,none,0,0,0.1556
SKU-025,2023-07-03,145,none,0,0,0.1437
SKU-025,2023-07-10,144,none,0,0,0.1474
SKU-025,2023-07-17,174,none,0,0,0.1151
SKU-025,2023-07-24,1016,noise,1,1,-0.2006
SKU-025,2023-07-31,135,none,0,0,0.0905
SKU-025,2023-08-07,149,none,0,0,0.1353
SKU-025,2023-08-14,161,none,0,0,0.1392
SKU-025,2023-08-21,162,none,0,0,0.1352
SKU-025,2023-08-28,257,business,1,0,0.0443
SKU-025,2023-09-04,190,none,0,0,0.1381
SKU-025,2023-09-11,227,none,0,0,0.0997
SKU-025,2023-09-18,194,none,0,0,0.14
SKU-025,2023-09-25,198,none,0,0,0.1351
SKU-025,2023-10-02,183,none,0,0,0.1076
SKU-025,2023-10-09,204,none,0,0,0.1357
SKU-025,2023-10-16,217,none,0,0,0.1289
SKU-025,2023-10-23,177,none,0,0,0.0907
SKU-025,2023-10-30,201,none,0,0,0.1238
SKU-025,2023-11-06,212,none,0,0,0.1021
SKU-025,2023-11-13,241,none,0,0,0.0991
SKU-025,2023-11-20,320,none,0,0,0.0611
SKU-025,2023-11-27,251,none,0,0,0.0972
SKU-025,2023-12-04,291,none,0,0,0.1005
SKU-025,2023-12-11,250,none,0,0,0.0729
SKU-025,2023-12-18,308,none,0,0,0.0434
SKU-025,2023-12-25,269,none,0,0,0.0368
SKU-025,2024-01-01,293,none,0,0,0.0085
SKU-025,2024-01-08,286,none,0,0,0.0296
SKU-025,2024-01-15,304,none,0,0,0.0023
SKU-025,2024-01-22,265,none,0,0,0.037
SKU-025,2024-01-29,283,none,0,0,0.0502
SKU-025,2024-02-05,298,none,0,0,0.0344
SKU-025,2024-02-12,290,none,0,0,0.0667
SKU-025,2024-02-19,260,none,0,0,0.053
SKU-025,2024-02-26,186,none,0,0,0.0901
SKU-025,2024-03-04,180,none,0,0,0.099
SKU-025,2024-03-11,209,none,0,0,0.1261
SKU-025,2024-03-18,167,none,0,0,0.097
SKU-025,2024-03-25,212,none,0,0,0.1276
SKU-025,2024-04-01,190,none,0,0,0.1289
SKU-025,2024-04-08,190,none,0,0,0.1367
SKU-025,2024-04-15,226,none,0,0,0.1123
SKU-025,2024-04-22,232,none,0,0,0.1034
SKU-025,2024-04-29,200,none,0,0,0.1328
SKU-025,2024-05-06,220,none,0,0,0.1289
SKU-025,2024-05-13,221,none,0,0,0.1271
SKU-025,2024-05-20,199,none,0,0,0.1216
SKU-025,2024-05-27,148,none,0,0,0.115
SKU-025,2024-06-03,149,none,0,0,0.1353
SKU-025,2024-06-10,153,none,0,0,0.156
SKU-025,2024-06-17,143,none,0,0,0.134
SKU-025,2024-06-24,153,none,0,0,0.156
SKU-025,2024-07-01,134,none,0,0,0.0992
SKU-025,2024-07-08,161,none,0,0,0.1444
SKU-025,2024-07-15,164,none,0,0,0.1394
SKU-025,2024-07-22,148,none,0,0,0.1349
SKU-025,2024-07-29,157,none,0,0,0.1358
SKU-025,2024-08-05,136,none,0,0,0.0992
SKU-025,2024-08-12,124,none,0,0,0.0397
SKU-025,2024-08-19,149,none,0,0,0.1299
SKU-025,2024-08-26,148,none,0,0,0.1097
SKU-025,2024-09-02,179,none,0,0,0.1219
SKU-025,2024-09-09,196,none,0,0,0.1402
SKU-025,2024-09-16,175,none,0,0,0.1036
SKU-025,2024-09-23,191,none,0,0,0.1329
SKU-025,2024-09-30,208,none,0,0,0.1334
SKU-025,2024-10-07,201,none,0,0,0.1346
SKU-025,2024-10-14,229,none,0,0,0.1118
SKU-025,2024-10-21,194,none,0,0,0.1265
SKU-025,2024-10-28,193,none,0,0,0.1163
SKU-025,2024-11-04,269,none,0,0,0.0994
SKU-025,2024-11-11,299,none,0,0,0.0862
SKU-025,2024-11-18,304,none,0,0,0.0961
SKU-025,2024-11-25,296,none,0,0,0.106
SKU-025,2024-12-02,326,none,0,0,0.0411
SKU-025,2024-12-09,282,none,0,0,0.0958
SKU-025,2024-12-16,561,business,1,1,-0.1186
SKU-025,2024-12-23,273,none,0,0,0.033
SKU-025,2024-12-30,300,none,0,1,-0.0063
SKU-026,2022-02-07,198,none,0,0,0.1752
SKU-026,2022-02-14,230,none,0,0,0.1264
SKU-026,2022-02-21,188,none,0,0,0.1883
SKU-026,2022-02-28,209,none,0,0,0.1845
SKU-026,2022-03-07,224,none,0,0,0.153
SKU-026,2022-03-14,220,none,0,0,0.1603
SKU-026,2022-03-21,195,none,0,0,0.1953
SKU-026,2022-03-28,163,none,0,0,0.0943
SKU-026,2022-04-04,201,none,0,0,0.2004
SKU-026,2022-04-11,224,none,0,0,0.1655
SKU-026,2022-04-18,219,none,0,0,0.1858
SKU-026,2022-04-25,235,none,0,0,0.1382
SKU-026,2022-05-02,197,none,0,0,0.2102
SKU-026,2022-05-09,194,none,0,0,0.2152
SKU-026,2022-05-16,193,none,0,0,0.2146
SKU-026,2022-05-23,176,none,0,0,0.1791
SKU-026,2022-05-30,183,none,0,0,0.1914
SKU-026,2022-06-06,1809,noise,1,1,-0.1686
SKU-026,2022-06-13,201,none,0,0,0.2148
SKU-026,2022-06-20,198,none,0,0,0.2182
SKU-026,2022-06-27,239,none,0,0,0.1328
SKU-026,2022-07-04,226,none,0,0,0.17
SKU-026,2022-07-11,186,none,0,0,0.2091
SKU-026,2022-07-18,189,none,0,0,0.2121
SKU-026,2022-07-25,217,none,0,0,0.2005
SKU-026,2022-08-01,224,none,0,0,0.1963
SKU-026,2022-08-08,204,none,0,0,0.2082
SKU-026,2022-08-15,210,none,0,0,0.2081
SKU-026,2022-08-22,1338,noise,1,1,-0.1186
SKU-026,2022-08-29,221,none,0,0,0.2009
SKU-026,2022-09-05,186,none,0,0,0.1831
SKU-026,2022-09-12,214,none,0,0,0.216
SKU-026,2022-09-19,221,none,0,0,0.2077
SKU-026,2022-09-26,257,none,0,0,0.093
SKU-026,2022-10-03,201,none,0,0,0.2158
SKU-026,2022-10-10,199,none,0,0,0.2106
SKU-026,2022-10-17,210,none,0,0,0.2012
SKU-026,2022-10-24,213,none,0,0,0.201
SKU-026,2022-10-31,178,none,0,0,0.1531
SKU-026,2022-11-07,225,none,0,0,0.1632
SKU-026,2022-11-14,187,none,0,0,0.1774
SKU-026,2022-11-21,214,none,0,0,0.177
SKU-026,2022-11-28,215,none,0,0,0.1649
SKU-026,2022-12-05,202,none,0,0,0.1703
SKU-026,2022-12-12,234,none,0,0,0.1175
SKU-026,2022-12-19,216,none,0,0,0.1408
SKU-026,2022-12-26,223,none,0,0,0.114
SKU-026,2023-01-02,176,none,0,0,0.0714
SKU-026,2023-01-09,199,none,0,0,0.0993
SKU-026,2023-01-16,367,business,1,1,-0.0939
SKU-026,2023-01-23,189,none,0,0,0.1443
SKU-026,2023-01-30,198,none,0,0,0.1551
SKU-026,2023-02-06,192,none,0,0,0.1758
SKU-026,2023-02-13,217,none,0,0,0.1561
SKU-026,2023-02-20,179,none,0,0,0.1593
SKU-026,2023-02-27,207,none,0,0,0.1826
SKU-026,2023-03-06,190,none,0,0,0.1941
SKU-026,2023-03-13,213,none,0,0,0.1773
SKU-026,2023-03-20,208,none,0,0,0.183
SKU-026,2023-03-27,180,none,0,0,0.1892
SKU-026,2023-04-03,187,none,0,0,0.2121
SKU-026,2023-04-10,187,none,0,0,0.2101
SKU-026,2023-04-17,189,none,0,0,0.2163
SKU-026,2023-04-24,209,none,0,0,0.209
SKU-026,2023-05-01,189,none,0,0,0.2111
SKU-026,2023-05-08,209,none,0,0,0.1999
SKU-026,2023-05-15,222,none,0,0,0.178
SKU-026,2023-05-22,206,none,0,0,0.2008
SKU-026,2023-05-29,232,none,0,0,0.1456
SKU-026,2023-06-05,199,none,0,0,0.2111
SKU-026,2023-06-12,176,none,0,0,0.1824
SKU-026,2023-06-19,186,none,0,0,0.2058
SKU-026,2023-06-26,200,none,0,0,0.2132
SKU-026,2023-07-03,187,none,0,0,0.2074
SKU-026,2023-07-10,180,none,0,0,0.1865
SKU-026,2023-07-17,189,none,0,0,0.2121
SKU-026,2023-07-24,200,none,0,0,0.2139
SKU-026,2023-07-31,219,none,0,0,0.207
SKU-026,2023-08-07,202,none,0,0,0.2115
SKU-026,2023-08-14,236,none,0,0,0.1557
SKU-026,2023-08-21,259,none,0,0,0.0793
SKU-026,2023-08-28,207,none,0,0,0.2031
SKU-026,2023-09-04,205,none,0,0,0.2132
SKU-026,2023-09-11,218,none,0,0,0.211
SKU-026,2023-09-18,201,none,0,0,0.221
SKU-026,2023-09-25,154,none,0,0,0.063
SKU-026,2023-10-02,211,none,0,0,0.2065
SKU-026,2023-10-09,173,none,0,0,0.1335
SKU-026,2023-10-16,192,none,0,0,0.2001
SKU-026,2023-10-23,189,none,0,0,0.2002
SKU-026,2023-10-30,202,none,0,0,0.2088
SKU-026,2023-11-06,203,none,0,0,0.2043
SKU-026,2023-11-13,204,none,0,0,0.1913
SKU-026,2023-11-20,221,none,0,0,0.1652
SKU-026,2023-11-27,186,none,0,0,0.1427
SKU-026,2023-12-04,202,none,0,0,0.1703
SKU-026,2023-12-11,218,none,0,0,0.1524
SKU-026,2023-12-18,202,none,0,0,0.1327
SKU-026,2023-12-25,227,none,0,0,0.098
SKU-026,2024-01-01,183,none,0,0,0.1046
SKU-026,2024-01-08,171,none,0,0,0.0593
SKU-026,2024-01-15,180,none,0,0,0.1194
SKU-026,2024-01-22,183,none,0,0,0.1469
SKU-026,2024-01-29,183,none,0,0,0.1567
SKU-026,2024-02-05,210,none,0,0,0.1578
SKU-026,2024-02-12,235,none,0,0,0.1061
SKU-026,2024-02-19,188,none,0,0,0.1883
SKU-026,2024-02-26,203,none,0,0,0.1797
SKU-026,2024-03-04,215,none,0,0,0.1774
SKU-026,2024-03-11,190,none,0,0,0.1933
SKU-026,2024-03-18,165,none,0,0,0.0984
SKU-026,2024-03-25,184,none,0,0,0.1941
SKU-026,2024-04-01,175,none,0,0,0.164
SKU-026,2024-04-08,208,none,0,0,0.1984
SKU-026,2024-04-15,182,none,0,0,0.2032
SKU-026,2024-04-22,194,none,0,0,0.2178
SKU-026,2024-04-29,217,none,0,0,0.192
SKU-026,2024-05-06,192,none,0,0,0.2106
SKU-026,2024-05-13,195,none,0,0,0.2146
SKU-026,2024-05-20,236,none,0,0,0.1375
SKU-026,2024-05-27,217,none,0,0,0.1892
SKU-026,2024-06-03,183,none,0,0,0.199
SKU-026,2024-06-10,226,none,0,0,0.1746
SKU-026,2024-06-17,207,none,0,0,0.212
SKU-026,2024-06-24,209,none,0,0,0.2072
SKU-026,2024-07-01,175,none,0,0,0.168
SKU-026,2024-07-08,205,none,0,0,0.2066
SKU-026,2024-07-15,176,none,0,0,0.1643
SKU-026,2024-07-22,194,none,0,0,0.2109
SKU-026,2024-07-29,229,none,0,0,0.1837
SKU-026,2024-08-05,198,none,0,0,0.2064
SKU-026,2024-08-12,212,none,0,0,0.2064
SKU-026,2024-08-19,200,none,0,0,0.2017
SKU-026,2024-08-26,221,none,0,0,0.2009
SKU-026,2024-09-02,230,none,0,0,0.1774
SKU-026,2024-09-09,205,none,0,0,0.2158
SKU-026,2024-09-16,212,none,0,0,0.2225
SKU-026,2024-09-23,163,none,0,0,0.1074
SKU-026,2024-09-30,183,none,0,0,0.1843
SKU-026,2024-10-07,193,none,0,0,0.2031
SKU-026,2024-10-14,221,none,0,0,0.1857
SKU-026,2024-10-21,198,none,0,0,0.2093
SKU-026,2024-10-28,1568,noise,1,1,-0.1486
SKU-026,2024-11-04,184,none,0,0,0.1765
SKU-026,2024-11-11,194,none,0,0,0.1902
SKU-026,2024-11-18,193,none,0,0,0.1725
SKU-026,2024-11-25,437,business,1,1,-0.0668
SKU-026,2024-12-02,200,none,0,0,0.1578
SKU-026,2024-12-09,238,none,0,0,0.103
SKU-026,2024-12-16,224,none,0,0,0.1366
SKU-026,2024-12-23,193,none,0,0,0.0707
SKU-026,2024-12-30,188,none,0,0,0.0928
SKU-027,2022-02-07,190,none,0,0,0.1309
SKU-027,2022-02-14,189,none,0,0,0.1351
SKU-027,2022-02-21,177,none,0,0,0.1172
SKU-027,2022-02-28,195,none,0,0,0.1474
SKU-027,2022-03-07,190,none,0,0,0.1552
SKU-027,2022-03-14,220,none,0,0,0.1419
SKU-027,2022-03-21,188,none,0,0,0.1546
SKU-027,2022-03-28,204,none,0,0,0.1655
SKU-027,2022-04-04,206,none,0,0,0.1601
SKU-027,2022-04-11,211,none,0,0,0.164
SKU-027,2022-04-18,202,none,0,0,0.1622
SKU-027,2022-04-25,164,none,0,0,0.0722
SKU-027,2022-05-02,900,noise,1,1,-0.2496
SKU-027,2022-05-09,231,none,0,0,0.1231
SKU-027,2022-05-16,161,none,0,0,0.0416
SKU-027,2022-05-23,214,none,0,0,0.166
SKU-027,2022-05-30,208,none,0,0,0.1744
SKU-027,2022-06-06,180,none,0,0,0.1326
SKU-027,2022-06-13,239,none,0,0,0.0786
SKU-027,2022-06-20,198,none,0,0,0.1925
SKU-027,2022-06-27,197,none,0,0,0.1902
SKU-027,2022-07-04,201,none,0,0,0.1913
SKU-027,2022-07-11,196,none,0,0,0.1822
SKU-027,2022-07-18,218,none,0,0,0.1638
SKU-027,2022-07-25,172,none,0,0,0.0698
SKU-027,2022-08-01,202,none,0,0,0.1811
SKU-027,2022-08-08,197,none,0,0,0.1736
SKU-027,2022-08-15,229,none,0,0,0.1195
SKU-027,2022-08-22,220,none,0,0,0.1535
SKU-027,2022-08-29,192,none,0,0,0.1615
SKU-027,2022-09-05,208,none,0,0,0.1755
SKU-027,2022-09-12,243,none,0,0,0.0604
SKU-027,2022-09-19,206,none,0,0,0.1784
SKU-027,2022-09-26,195,none,0,0,0.1672
SKU-027,2022-10-03,175,none,0,0,0.0808
SKU-027,2022-10-10,209,none,0,0,0.1556
SKU-027,2022-10-17,214,none,0,0,0.1461
SKU-027,2022-10-24,223,none,0,0,0.1328
SKU-027,2022-10-31,203,none,0,0,0.1615
SKU-027,2022-11-07,321,business,1,1,-0.0988
SKU-027,2022-11-14,192,none,0,0,0.1486
SKU-027,2022-11-21,207,none,0,0,0.1484
SKU-027,2022-11-28,228,none,0,0,0.0975
SKU-027,2022-12-05,221,none,0,0,0.1214
SKU-027,2022-12-12,408,business,1,1,-0.1433
SKU-027,2022-12-19,213,none,0,0,0.101
SKU-027,2022-12-26,210,none,0,0,0.09
SKU-027,2023-01-02,199,none,0,0,0.0568
SKU-027,2023-01-09,219,none,0,0,0.0574
SKU-027,2023-01-16,179,none,0,0,0.0518
SKU-027,2023-01-23,224,none,0,0,0.0702
SKU-027,2023-01-30,205,none,0,0,0.1138
SKU-027,2023-02-06,221,none,0,0,0.1114
SKU-027,2023-02-13,219,none,0,0,0.1149
SKU-027,2023-02-20,220,none,0,0,0.114
SKU-027,2023-02-27,175,none,0,0,0.11
SKU-027,2023-03-06,234,none,0,0,0.066
SKU-027,2023-03-13,202,none,0,0,0.1599
SKU-027,2023-03-20,194,none,0,0,0.1575
SKU-027,2023-03-27,242,none,0,0,0.0558
SKU-027,2023-04-03,224,none,0,0,0.1427
SKU-027,2023-04-10,213,none,0,0,0.1621
SKU-027,2023-04-17,174,none,0,0,0.1054
SKU-027,2023-04-24,213,none,0,0,0.1596
SKU-027,2023-05-01,261,none,0,1,-0.0126
SKU-027,2023-05-08,194,none,0,0,0.1704
SKU-027,2023-05-15,208,none,0,0,0.1807
SKU-027,2023-05-22,194,none,0,0,0.1775
SKU-027,2023-05-29,211,none,0,0,0.1685
SKU-027,2023-06-05,202,none,0,0,0.1863
SKU-027,2023-06-12,218,none,0,0,0.1698
SKU-027,2023-06-19,202,none,0,0,0.1924
SKU-027,2023-06-26,219,none,0,0,0.1626
SKU-027,2023-07-03,201,none,0,0,0.1913
SKU-027,2023-07-10,165,none,0,0,0.0461
SKU-027,2023-07-17,190,none,0,0,0.1656
SKU-027,2023-07-24,202,none,0,0,0.1844
SKU-027,2023-07-31,210,none,0,0,0.17
SKU-027,2023-08-07,204,none,0,0,0.1762
SKU-027,2023-08-14,198,none,0,0,0.1786
SKU-027,2023-08-21,196,none,0,0,0.1757
SKU-027,2023-08-28,196,none,0,0,0.1794
SKU-027,2023-09-04,200,none,0,0,0.1842
SKU-027,2023-09-11,205,none,0,0,0.1823
SKU-027,2023-09-18,198,none,0,0,0.1834
SKU-027,2023-09-25,199,none,0,0,0.1767
SKU-027,2023-10-02,222,none,0,0,0.1384
SKU-027,2023-10-09,185,none,0,0,0.1334
SKU-027,2023-10-16,230,none,0,0,0.1078
SKU-027,2023-10-23,190,none,0,0,0.1378
SKU-027,2023-10-30,235,none,0,0,0.0751
SKU-027,2023-11-06,187,none,0,0,0.1349
SKU-027,2023-11-13,186,none,0,0,0.1273
SKU-027,2023-11-20,199,none,0,0,0.15
SKU-027,2023-11-27,212,none,0,0,0.1306
SKU-027,2023-12-04,241,none,0,0,0.0495
SKU-027,2023-12-11,199,none,0,0,0.121
SKU-027,2023-12-18,200,none,0,0,0.1152
SKU-027,2023-12-25,188,none,0,0,0.0589
SKU-027,2024-01-01,195,none,0,0,0.053
SKU-027,2024-01-08,188,none,0,0,0.0629
SKU-027,2024-01-15,236,none,0,0,0.0112
SKU-027,2024-01-22,200,none,0,0,0.0932
SKU-027,2024-01-29,176,none,0,0,0.0876
SKU-027,2024-02-05,165,none,0,0,0.0359
SKU-027,2024-02-12,183,none,0,0,0.1222
SKU-027,2024-02-19,197,none,0,0,0.1409
SKU-027,2024-02-26,176,none,0,0,0.1217
SKU-027,2024-03-04,197,none,0,0,0.1587
SKU-027,2024-03-11,182,none,0,0,0.145
SKU-027,2024-03-18,216,none,0,0,0.1449
SKU-027,2024-03-25,228,none,0,0,0.1329
SKU-027,2024-04-01,239,none,0,0,0.0827
SKU-027,2024-04-08,184,none,0,0,0.141
SKU-027,2024-04-15,184,none,0,0,0.1535
SKU-027,2024-04-22,191,none,0,0,0.1657
SKU-027,2024-04-29,205,none,0,0,0.1756
SKU-027,2024-05-06,204,none,0,0,0.1752
SKU-027,2024-05-13,207,none,0,0,0.1814
SKU-027,2024-05-20,210,none,0,0,0.1755
SKU-027,2024-05-27,189,none,0,0,0.1541
SKU-027,2024-06-03,194,none,0,0,0.182
SKU-027,2024-06-10,185,none,0,0,0.1577
SKU-027,2024-06-17,214,none,0,0,0.1747
SKU-027,2024-06-24,198,none,0,0,0.1945
SKU-027,2024-07-01,210,none,0,0,0.1823
SKU-027,2024-07-08,231,none,0,0,0.119
SKU-027,2024-07-15,206,none,0,0,0.1848
SKU-027,2024-07-22,211,none,0,0,0.1779
SKU-027,2024-07-29,190,none,0,0,0.1574
SKU-027,2024-08-05,426,business,1,1,-0.1274
SKU-027,2024-08-12,185,none,0,0,0.1435
SKU-027,2024-08-19,203,none,0,0,0.1817
SKU-027,2024-08-26,181,none,0,0,0.1294
SKU-027,2024-09-02,203,none,0,0,0.1836
SKU-027,2024-09-09,197,none,0,0,0.1841
SKU-027,2024-09-16,218,none,0,0,0.1553
SKU-027,2024-09-23,212,none,0,0,0.1616
SKU-027,2024-09-30,198,none,0,0,0.1684
SKU-027,2024-10-07,216,none,0,0,0.148
SKU-027,2024-10-14,182,none,0,0,0.1245
SKU-027,2024-10-21,219,none,0,0,0.1472
SKU-027,2024-10-28,203,none,0,0,0.1615
SKU-027,2024-11-04,198,none,0,0,0.1506
SKU-027,2024-11-11,192,none,0,0,0.1486
SKU-027,2024-11-18,192,none,0,0,0.1374
SKU-027,2024-11-25,219,none,0,0,0.1316
SKU-027,2024-12-02,202,none,0,0,0.1295
SKU-027,2024-12-09,207,none,0,0,0.1307
SKU-027,2024-12-16,182,none,0,0,0.0578
SKU-027,2024-12-23,203,none,0,0,0.1009
SKU-027,2024-12-30,212,none,0,0,0.0359
SKU-028,2022-02-07,211,none,0,0,0.1297
SKU-028,2022-02-14,187,none,0,0,0.1401
SKU-028,2022-02-21,205,none,0,0,0.1568
SKU-028,2022-02-28,211,none,0,0,0.1564
SKU-028,2022-03-07,216,none,0,0,0.1599
SKU-028,2022-03-14,193,none,0,0,0.1611
SKU-028,2022-03-21,178,none,0,0,0.1351
SKU-028,2022-03-28,224,none,0,0,0.1418
SKU-028,2022-04-04,193,none,0,0,0.1749
SKU-028,2022-04-11,222,none,0,0,0.153
SKU-028,2022-04-18,204,none,0,0,0.1839
SKU-028,2022-04-25,210,none,0,0,0.1856
SKU-028,2022-05-02,191,none,0,0,0.1736
SKU-028,2022-05-09,229,none,0,0,0.1336
SKU-028,2022-05-16,233,none,0,0,0.1283
SKU-028,2022-05-23,187,none,0,0,0.1758
SKU-028,2022-05-30,193,none,0,0,0.1753
SKU-028,2022-06-06,152,none,0,0,0.0635
SKU-028,2022-06-13,204,none,0,0,0.1859
SKU-028,2022-06-20,181,none,0,0,0.1578
SKU-028,2022-06-27,214,none,0,0,0.1752
SKU-028,2022-07-04,200,none,0,0,0.184
SKU-028,2022-07-11,193,none,0,0,0.1837
SKU-028,2022-07-18,165,none,0,0,0.1158
SKU-028,2022-07-25,507,business,1,1,-0.1199
SKU-028,2022-08-01,197,none,0,0,0.1881
SKU-028,2022-08-08,198,none,0,0,0.1892
SKU-028,2022-08-15,184,none,0,0,0.1716
SKU-028,2022-08-22,180,none,0,0,0.1566
SKU-028,2022-08-29,194,none,0,0,0.1834
SKU-028,2022-09-05,219,none,0,0,0.1467
SKU-028,2022-09-12,188,none,0,0,0.1804
SKU-028,2022-09-19,200,none,0,0,0.1823
SKU-028,2022-09-26,203,none,0,0,0.1822
SKU-028,2022-10-03,186,none,0,0,0.1684
SKU-028,2022-10-10,207,none,0,0,0.1775
SKU-028,2022-10-17,196,none,0,0,0.1762
SKU-028,2022-10-24,202,none,0,0,0.173
SKU-028,2022-10-31,201,none,0,0,0.1608
SKU-028,2022-11-07,205,none,0,0,0.1565
SKU-028,2022-11-14,191,none,0,0,0.152
SKU-028,2022-11-21,213,none,0,0,0.1438
SKU-028,2022-11-28,234,none,0,0,0.0679
SKU-028,2022-12-05,165,none,0,0,0.0772
SKU-028,2022-12-12,213,none,0,0,0.1069
SKU-028,2022-12-19,210,none,0,0,0.0922
SKU-028,2022-12-26,195,none,0,0,0.0666
SKU-028,2023-01-02,177,none,0,0,0.0023
SKU-028,2023-01-09,206,none,0,0,0.062
SKU-028,2023-01-16,202,none,0,0,0.0874
SKU-028,2023-01-23,182,none,0,0,0.0856
SKU-028,2023-01-30,184,none,0,0,0.1207
SKU-028,2023-02-06,223,none,0,0,0.0808
SKU-028,2023-02-13,191,none,0,0,0.1428
SKU-028,2023-02-20,220,none,0,0,0.1266
SKU-028,2023-02-27,143,none,0,1,-0.0026
SKU-028,2023-03-06,175,none,0,0,0.1166
SKU-028,2023-03-13,205,none,0,0,0.1696
SKU-028,2023-03-20,200,none,0,0,0.1704
SKU-028,2023-03-27,201,none,0,0,0.1794
SKU-028,2023-04-03,187,none,0,0,0.1622
SKU-028,2023-04-10,192,none,0,0,0.1685
SKU-028,2023-04-17,223,none,0,0,0.1541
SKU-028,2023-04-24,209,none,0,0,0.1877
SKU-028,2023-05-01,145,none,0,0,0.0267
SKU-028,2023-05-08,203,none,0,0,0.1822
SKU-028,2023-05-15,202,none,0,0,0.1883
SKU-028,2023-05-22,239,none,0,0,0.0976
SKU-028,2023-05-29,198,none,0,0,0.1743
SKU-028,2023-06-05,193,none,0,0,0.1858
SKU-028,2023-06-12,194,none,0,0,0.1864
SKU-028,2023-06-19,212,none,0,0,0.1827
SKU-028,2023-06-26,197,none,0,0,0.1843
SKU-028,2023-07-03,195,none,0,0,0.1834
SKU-028,2023-07-10,187,none,0,0,0.1768
SKU-028,2023-07-17,177,none,0,0,0.1499
SKU-028,2023-07-24,187,none,0,0,0.1796
SKU-028,2023-07-31,191,none,0,0,0.1826
SKU-028,2023-08-07,213,none,0,0,0.1787
SKU-028,2023-08-14,212,none,0,0,0.1781
SKU-028,2023-08-21,216,none,0,0,0.1712
SKU-028,2023-08-28,207,none,0,0,0.1791
SKU-028,2023-09-04,213,none,0,0,0.1704
SKU-028,2023-09-11,210,none,0,0,0.1705
SKU-028,2023-09-18,162,none,0,0,0.1099
SKU-028,2023-09-25,171,none,0,0,0.1337
SKU-028,2023-10-02,202,none,0,0,0.178
SKU-028,2023-10-09,220,none,0,0,0.1379
SKU-028,2023-10-16,164,none,0,0,0.1092
SKU-028,2023-10-23,208,none,0,0,0.1611
SKU-028,2023-10-30,186,none,0,0,0.1595
SKU-028,2023-11-06,192,none,0,0,0.1471
SKU-028,2023-11-13,195,none,0,0,0.1558
SKU-028,2023-11-20,183,none,0,0,0.1265
SKU-028,2023-11-27,203,none,0,0,0.1385
SKU-028,2023-12-04,167,none,0,0,0.08
SKU-028,2023-12-11,176,none,0,0,0.0832
SKU-028,2023-12-18,213,none,0,0,0.0945
SKU-028,2023-12-25,199,none,0,0,0.0711
SKU-028,2024-01-01,188,none,0,0,0.0508
SKU-028,2024-01-08,190,none,0,0,0.0742
SKU-028,2024-01-15,188,none,0,0,0.0969
SKU-028,2024-01-22,212,none,0,0,0.0834
SKU-028,2024-01-29,190,none,0,0,0.1309
SKU-028,2024-02-05,186,none,0,0,0.1314
SKU-028,2024-02-12,208,none,0,0,0.1319
SKU-028,2024-02-19,204,none,0,0,0.1559
SKU-028,2024-02-26,196,none,0,0,0.1503
SKU-028,2024-03-04,218,none,0,0,0.1512
SKU-028,2024-03-11,229,none,0,0,0.1028
SKU-028,2024-03-18,168,none,0,0,0.0868
SKU-028,2024-03-25,206,none,0,0,0.1778
SKU-028,2024-04-01,201,none,0,0,0.179
SKU-028,2024-04-08,218,none,0,0,0.1627
SKU-028,2024-04-15,209,none,0,0,0.1818
SKU-028,2024-04-22,190,none,0,0,0.1753
SKU-028,2024-04-29,211,none,0,0,0.1827
SKU-028,2024-05-06,523,business,1,1,-0.1199
SKU-028,2024-05-13,213,none,0,0,0.1855
SKU-028,2024-05-20,183,none,0,0,0.1637
SKU-028,2024-05-27,219,none,0,0,0.1517
SKU-028,2024-06-03,186,none,0,0,0.174
SKU-028,2024-06-10,339,business,1,1,-0.0658
SKU-028,2024-06-17,205,none,0,0,0.1916
SKU-028,2024-06-24,207,none,0,0,0.1863
SKU-028,2024-07-01,227,none,0,0,0.1136
SKU-028,2024-07-08,203,none,0,0,0.1877
SKU-028,2024-07-15,189,none,0,0,0.1793
SKU-028,2024-07-22,246,none,0,0,0.0475
SKU-028,2024-07-29,202,none,0,0,0.1922
SKU-028,2024-08-05,187,none,0,0,0.1803
SKU-028,2024-08-12,188,none,0,0,0.1808
SKU-028,2024-08-19,199,none,0,0,0.1853
SKU-028,2024-08-26,171,none,0,0,0.1358
SKU-028,2024-09-02,144,none,0,0,0.023
SKU-028,2024-09-09,186,none,0,0,0.1806
SKU-028,2024-09-16,194,none,0,0,0.1827
SKU-028,2024-09-23,195,none,0,0,0.1781
SKU-028,2024-09-30,219,none,0,0,0.1454
SKU-028,2024-10-07,215,none,0,0,0.1614
SKU-028,2024-10-14,186,none,0,0,0.1735
SKU-028,2024-10-21,196,none,0,0,0.1735
SKU-028,2024-10-28,182,none,0,0,0.1471
SKU-028,2024-11-04,206,none,0,0,0.1564
SKU-028,2024-11-11,188,none,0,0,0.1505
SKU-028,2024-11-18,221,none,0,0,0.1231
SKU-028,2024-11-25,194,none,0,0,0.1381
SKU-028,2024-12-02,236,none,0,0,0.0567
SKU-028,2024-12-09,177,none,0,0,0.084
SKU-028,2024-12-16,1648,noise,1,1,-0.2567
SKU-028,2024-12-23,221,none,0,0,0.0445
SKU-028,2024-12-30,202,none,0,0,0.0441
SKU-029,2022-02-07,190,none,0,0,0.194
SKU-029,2022-02-14,178,none,0,0,0.1945
SKU-029,2022-02-21,218,none,0,0,0.1808
SKU-029,2022-02-28,201,none,0,0,0.2207
SKU-029,2022-03-07,178,none,0,0,0.2052
SKU-029,2022-03-14,179,none,0,0,0.2044
SKU-029,2022-03-21,220,none,0,0,0.211
SKU-029,2022-03-28,232,none,0,0,0.1613
SKU-029,2022-04-04,203,none,0,0,0.2498
SKU-029,2022-04-11,196,none,0,0,0.2458
SKU-029,2022-04-18,220,none,0,0,0.2214
SKU-029,2022-04-25,215,none,0,0,0.2279
SKU-029,2022-05-02,222,none,0,0,0.2165
SKU-029,2022-05-09,200,none,0,0,0.2519
SKU-029,2022-05-16,173,none,0,0,0.2012
SKU-029,2022-05-23,182,none,0,0,0.225
SKU-029,2022-05-30,199,none,0,0,0.2304
SKU-029,2022-06-06,202,none,0,0,0.2359
SKU-029,2022-06-13,207,none,0,0,0.2425
SKU-029,2022-06-20,184,none,0,0,0.2276
SKU-029,2022-06-27,190,none,0,0,0.2319
SKU-029,2022-07-04,214,none,0,0,0.2521
SKU-029,2022-07-11,215,none,0,0,0.2474
SKU-029,2022-07-18,211,none,0,0,0.2435
SKU-029,2022-07-25,190,none,0,0,0.2323
SKU-029,2022-08-01,208,none,0,0,0.2359
SKU-029,2022-08-08,183,none,0,0,0.219
SKU-029,2022-08-15,203,none,0,0,0.2361
SKU-029,2022-08-22,201,none,0,0,0.2442
SKU-029,2022-08-29,189,none,0,0,0.2421
SKU-029,2022-09-05,184,none,0,0,0.2277
SKU-029,2022-09-12,408,business,1,1,-0.0264
SKU-029,2022-09-19,430,business,1,1,-0.0282
SKU-029,2022-09-26,210,none,0,0,0.2388
SKU-029,2022-10-03,222,none,0,0,0.1916
SKU-029,2022-10-10,197,none,0,0,0.2429
SKU-029,2022-10-17,179,none,0,0,0.2032
SKU-029,2022-10-24,221,none,0,0,0.1957
SKU-029,2022-10-31,181,none,0,0,0.2121
SKU-029,2022-11-07,207,none,0,0,0.2179
SKU-029,2022-11-14,186,none,0,0,0.2145
SKU-029,2022-11-21,215,none,0,0,0.2049
SKU-029,2022-11-28,208,none,0,0,0.2094
SKU-029,2022-12-05,200,none,0,0,0.2062
SKU-029,2022-12-12,222,none,0,0,0.1632
SKU-029,2022-12-19,212,none,0,0,0.1738
SKU-029,2022-12-26,163,none,0,0,0.0747
SKU-029,2023-01-02,268,none,0,1,-0.0153
SKU-029,2023-01-09,203,none,0,0,0.1611
SKU-029,2023-01-16,172,none,0,0,0.093
SKU-029,2023-01-23,210,none,0,0,0.1735
SKU-029,2023-01-30,214,none,0,0,0.1668
SKU-029,2023-02-06,183,none,0,0,0.2002
SKU-029,2023-02-13,180,none,0,0,0.2021
SKU-029,2023-02-20,185,none,0,0,0.1988
SKU-029,2023-02-27,212,none,0,0,0.2151
SKU-029,2023-03-06,211,none,0,0,0.225
SKU-029,2023-03-13,224,none,0,0,0.187
SKU-029,2023-03-20,199,none,0,0,0.2349
SKU-029,2023-03-27,522,business,1,1,-0.1126
SKU-029,2023-04-03,188,none,0,0,0.2349
SKU-029,2023-04-10,208,none,0,0,0.2426
SKU-029,2023-04-17,200,none,0,0,0.2441
SKU-029,2023-04-24,189,none,0,0,0.2367
SKU-029,2023-05-01,197,none,0,0,0.2428
SKU-029,2023-05-08,188,none,0,0,0.2399
SKU-029,2023-05-15,180,none,0,0,0.2284
SKU-029,2023-05-22,200,none,0,0,0.2379
SKU-029,2023-05-29,178,none,0,0,0.2083
SKU-029,2023-06-05,190,none,0,0,0.2281
SKU-029,2023-06-12,207,none,0,0,0.2425
SKU-029,2023-06-19,186,none,0,0,0.2354
SKU-029,2023-06-26,443,business,1,1,-0.0542
SKU-029,2023-07-03,214,none,0,0,0.2521
SKU-029,2023-07-10,205,none,0,0,0.2466
SKU-029,2023-07-17,190,none,0,0,0.2339
SKU-029,2023-07-24,215,none,0,0,0.2337
SKU-029,2023-07-31,195,none,0,0,0.2286
SKU-029,2023-08-07,153,none,0,0,0.0869
SKU-029,2023-08-14,167,none,0,0,0.1701
SKU-029,2023-08-21,169,none,0,0,0.1841
SKU-029,2023-08-28,213,none,0,0,0.2315
SKU-029,2023-09-04,173,none,0,0,0.2021
SKU-029,2023-09-11,219,none,0,0,0.2241
SKU-029,2023-09-18,220,none,0,0,0.2248
SKU-029,2023-09-25,210,none,0,0,0.2388
SKU-029,2023-10-02,177,none,0,0,0.2026
SKU-029,2023-10-09,199,none,0,0,0.2412
SKU-029,2023-10-16,212,none,0,0,0.2186
SKU-029,2023-10-23,197,none,0,0,0.2316
SKU-029,2023-10-30,184,none,0,0,0.2169
SKU-029,2023-11-06,173,none,0,0,0.1878
SKU-029,2023-11-13,228,none,0,0,0.1787
SKU-029,2023-11-20,203,none,0,0,0.2179
SKU-029,2023-11-27,200,none,0,0,0.2166
SKU-029,2023-12-04,152,none,0,0,0.061
SKU-029,2023-12-11,210,none,0,0,0.1895
SKU-029,2023-12-18,218,none,0,0,0.1639
SKU-029,2023-12-25,235,none,0,0,0.1072
SKU-029,2024-01-01,209,none,0,0,0.1217
SKU-029,2024-01-08,197,none,0,0,0.1536
SKU-029,2024-01-15,210,none,0,0,0.1611
SKU-029,2024-01-22,203,none,0,0,0.1754
SKU-029,2024-01-29,186,none,0,0,0.1883
SKU-029,2024-02-05,179,none,0,0,0.1964
SKU-029,2024-02-12,197,none,0,0,0.1987
SKU-029,2024-02-19,211,none,0,0,0.2136
SKU-029,2024-02-26,174,none,0,0,0.1673
SKU-029,2024-03-04,213,none,0,0,0.218
SKU-029,2024-03-11,201,none,0,0,0.2321
SKU-029,2024-03-18,234,none,0,0,0.1604
SKU-029,2024-03-25,187,none,0,0,0.2244
SKU-029,2024-04-01,203,none,0,0,0.2498
SKU-029,2024-04-08,195,none,0,0,0.2403
SKU-029,2024-04-15,214,none,0,0,0.2385
SKU-029,2024-04-22,177,none,0,0,0.2069
SKU-029,2024-04-29,208,none,0,0,0.2454
SKU-029,2024-05-06,201,none,0,0,0.247
SKU-029,2024-05-13,262,none,0,0,0.0569
SKU-029,2024-05-20,168,none,0,0,0.1568
SKU-029,2024-05-27,210,none,0,0,0.2277
SKU-029,2024-06-03,219,none,0,0,0.2165
SKU-029,2024-06-10,177,none,0,0,0.2092
SKU-029,2024-06-17,214,none,0,0,0.2404
SKU-029,2024-06-24,204,none,0,0,0.2421
SKU-029,2024-07-01,228,none,0,0,0.2022
SKU-029,2024-07-08,245,none,0,0,0.1326
SKU-029,2024-07-15,197,none,0,0,0.2467
SKU-029,2024-07-22,171,none,0,0,0.1731
SKU-029,2024-07-29,235,none,0,0,0.1614
SKU-029,2024-08-05,227,none,0,0,0.1836
SKU-029,2024-08-12,204,none,0,0,0.2339
SKU-029,2024-08-19,195,none,0,0,0.2378
SKU-029,2024-08-26,190,none,0,0,0.2428
SKU-029,2024-09-02,221,none,0,0,0.216
SKU-029,2024-09-09,183,none,0,0,0.2195
SKU-029,2024-09-16,196,none,0,0,0.2397
SKU-029,2024-09-23,178,none,0,0,0.2058
SKU-029,2024-09-30,186,none,0,0,0.2175
SKU-029,2024-10-07,199,none,0,0,0.2412
SKU-029,2024-10-14,204,none,0,0,0.2321
SKU-029,2024-10-21,225,none,0,0,0.1805
SKU-029,2024-10-28,174,none,0,0,0.1915
SKU-029,2024-11-04,190,none,0,0,0.217
SKU-029,2024-11-11,170,none,0,0,0.1705
SKU-029,2024-11-18,241,none,0,0,0.1357
SKU-029,2024-11-25,170,none,0,0,0.1619
SKU-029,2024-12-02,187,none,0,0,0.189
SKU-029,2024-12-09,213,none,0,0,0.1896
SKU-029,2024-12-16,178,none,0,0,0.1463
SKU-029,2024-12-23,267,none,0,0,0.0136
SKU-029,2024-12-30,181,none,0,0,0.0896
SKU-030,2022-02-07,212,none,0,0,0.1152
SKU-030,2022-02-14,202,none,0,0,0.1284
SKU-030,2022-02-21,208,none,0,0,0.1216
SKU-030,2022-02-28,191,none,0,0,0.1438
SKU-030,2022-03-07,185,none,0,0,0.1447
SKU-030,2022-03-14,190,none,0,0,0.151
SKU-030,2022-03-21,203,none,0,0,0.1558
SKU-030,2022-03-28,194,none,0,0,0.1557
SKU-030,2022-04-04,180,none,0,0,0.1292
SKU-030,2022-04-11,226,none,0,0,0.1205
SKU-030,2022-04-18,210,none,0,0,0.1461
SKU-030,2022-04-25,226,none,0,0,0.1335
SKU-030,2022-05-02,160,none,0,0,0.0305
SKU-030,2022-05-09,202,none,0,0,0.1625
SKU-030,2022-05-16,227,none,0,0,0.1337
SKU-030,2022-05-23,186,none,0,0,0.1434
SKU-030,2022-05-30,206,none,0,0,0.1459
SKU-030,2022-06-06,169,none,0,0,0.113
SKU-030,2022-06-13,218,none,0,0,0.1525
SKU-030,2022-06-20,196,none,0,0,0.1671
SKU-030,2022-06-27,209,none,0,0,0.1637
SKU-030,2022-07-04,206,none,0,0,0.1596
SKU-030,2022-07-11,215,none,0,0,0.1542
SKU-030,2022-07-18,210,none,0,0,0.1642
SKU-030,2022-07-25,222,none,0,0,0.1485
SKU-030,2022-08-01,188,none,0,0,0.1584
SKU-030,2022-08-08,147,none,0,0,0.0123
SKU-030,2022-08-15,215,none,0,0,0.156
SKU-030,2022-08-22,203,none,0,0,0.1774
SKU-030,2022-08-29,217,none,0,0,0.1438
SKU-030,2022-09-05,163,none,0,0,0.0904
SKU-030,2022-09-12,194,none,0,0,0.1691
SKU-030,2022-09-19,232,none,0,0,0.1087
SKU-030,2022-09-26,182,none,0,0,0.1501
SKU-030,2022-10-03,233,none,0,0,0.1046
SKU-030,2022-10-10,202,none,0,0,0.1607
SKU-030,2022-10-17,233,none,0,0,0.1133
SKU-030,2022-10-24,215,none,0,0,0.1491
SKU-030,2022-10-31,167,none,0,0,0.1062
SKU-030,2022-11-07,188,none,0,0,0.1438
SKU-030,2022-11-14,175,none,0,0,0.115
SKU-030,2022-11-21,213,none,0,0,0.1398
SKU-030,2022-11-28,196,none,0,0,0.1355
SKU-030,2022-12-05,371,business,1,1,-0.0806
SKU-030,2022-12-12,228,none,0,0,0.0857
SKU-030,2022-12-19,232,none,0,0,0.0747
SKU-030,2022-12-26,193,none,0,0,0.0658
SKU-030,2023-01-02,211,none,0,0,0.0181
SKU-030,2023-01-09,189,none,0,0,0.0523
SKU-030,2023-01-16,200,none,0,0,0.0886
SKU-030,2023-01-23,200,none,0,0,0.0924
SKU-030,2023-01-30,179,none,0,0,0.0691
SKU-030,2023-02-06,217,none,0,0,0.0939
SKU-030,2023-02-13,186,none,0,0,0.1113
SKU-030,2023-02-20,206,none,0,0,0.1259
SKU-030,2023-02-27,240,none,0,0,0.0473
SKU-030,2023-03-06,183,none,0,0,0.1396
SKU-030,2023-03-13,195,none,0,0,0.1475
SKU-030,2023-03-20,178,none,0,0,0.125
SKU-030,2023-03-27,223,none,0,0,0.1194
SKU-030,2023-04-03,208,none,0,0,0.1423
SKU-030,2023-04-10,201,none,0,0,0.1631
SKU-030,2023-04-17,436,business,1,1,-0.1334
SKU-030,2023-04-24,201,none,0,0,0.161
SKU-030,2023-05-01,209,none,0,0,0.1534
SKU-030,2023-05-08,177,none,0,0,0.1275
SKU-030,2023-05-15,217,none,0,0,0.1441
SKU-030,2023-05-22,216,none,0,0,0.1478
SKU-030,2023-05-29,185,none,0,0,0.1439
SKU-030,2023-06-05,170,none,0,0,0.1195
SKU-030,2023-06-12,188,none,0,0,0.1615
SKU-030,2023-06-19,223,none,0,0,0.146
SKU-030,2023-06-26,213,none,0,0,0.167
SKU-030,2023-07-03,211,none,0,0,0.1663
SKU-030,2023-07-10,184,none,0,0,0.1525
SKU-030,2023-07-17,181,none,0,0,0.1486
SKU-030,2023-07-24,223,none,0,0,0.1442
SKU-030,2023-07-31,230,none,0,0,0.1244
SKU-030,2023-08-07,1881,noise,1,1,-0.2253
SKU-030,2023-08-14,227,none,0,0,0.1366
SKU-030,2023-08-21,207,none,0,0,0.1672
SKU-030,2023-08-28,193,none,0,0,0.1645
SKU-030,2023-09-04,204,none,0,0,0.1678
SKU-030,2023-09-11,182,none,0,0,0.1541
SKU-030,2023-09-18,222,none,0,0,0.1336
SKU-030,2023-09-25,177,none,0,0,0.1366
SKU-030,2023-10-02,182,none,0,0,0.1466
SKU-030,2023-10-09,228,none,0,0,0.119
SKU-030,2023-10-16,195,none,0,0,0.15
SKU-030,2023-10-23,201,none,0,0,0.1607
SKU-030,2023-10-30,212,none,0,0,0.1392
SKU-030,2023-11-06,200,none,0,0,0.1493
SKU-030,2023-11-13,1463,noise,1,1,-0.2005
SKU-030,2023-11-20,195,none,0,0,0.1391
SKU-030,2023-11-27,203,none,0,0,0.1317
SKU-030,2023-12-04,169,none,0,0,0.0859
SKU-030,2023-12-11,211,none,0,0,0.0917
SKU-030,2023-12-18,230,none,0,0,0.0738
SKU-030,2023-12-25,191,none,0,0,0.0616
SKU-030,2024-01-01,202,none,0,0,0.0615
SKU-030,2024-01-08,194,none,0,0,0.0652
SKU-030,2024-01-15,216,none,0,0,0.0567
SKU-030,2024-01-22,212,none,0,0,0.0774
SKU-030,2024-01-29,235,none,0,0,0.0213
SKU-030,2024-02-05,204,none,0,0,0.1173
SKU-030,2024-02-12,177,none,0,0,0.089
SKU-030,2024-02-19,230,none,0,0,0.0606
SKU-030,2024-02-26,172,none,0,0,0.0868
SKU-030,2024-03-04,174,none,0,0,0.1047
SKU-030,2024-03-11,191,none,0,0,0.1544
SKU-030,2024-03-18,202,none,0,0,0.1611
SKU-030,2024-03-25,242,none,0,0,0.0495
SKU-030,2024-04-01,182,none,0,0,0.1411
SKU-030,2024-04-08,188,none,0,0,0.1482
SKU-030,2024-04-15,200,none,0,0,0.1626
SKU-030,2024-04-22,237,none,0,0,0.0815
SKU-030,2024-04-29,203,none,0,0,0.1631
SKU-030,2024-05-06,192,none,0,0,0.1562
SKU-030,2024-05-13,201,none,0,0,0.1584
SKU-030,2024-05-20,228,none,0,0,0.1307
SKU-030,2024-05-27,226,none,0,0,0.1288
SKU-030,2024-06-03,221,none,0,0,0.1424
SKU-030,2024-06-10,185,none,0,0,0.1602
SKU-030,2024-06-17,191,none,0,0,0.1675
SKU-030,2024-06-24,197,none,0,0,0.1594
SKU-030,2024-07-01,213,none,0,0,0.1646
SKU-030,2024-07-08,158,none,0,0,0.0496
SKU-030,2024-07-15,196,none,0,0,0.164
SKU-030,2024-07-22,183,none,0,0,0.1554
SKU-030,2024-07-29,173,none,0,0,0.1289
SKU-030,2024-08-05,200,none,0,0,0.1652
SKU-030,2024-08-12,184,none,0,0,0.151
SKU-030,2024-08-19,201,none,0,0,0.176
SKU-030,2024-08-26,205,none,0,0,0.1606
SKU-030,2024-09-02,191,none,0,0,0.1744
SKU-030,2024-09-09,196,none,0,0,0.1708
SKU-030,2024-09-16,200,none,0,0,0.1562
SKU-030,2024-09-23,188,none,0,0,0.1473
SKU-030,2024-09-30,176,none,0,0,0.1335
SKU-030,2024-10-07,161,none,0,0,0.0767
SKU-030,2024-10-14,239,none,0,0,0.0927
SKU-030,2024-10-21,218,none,0,0,0.1415
SKU-030,2024-10-28,161,none,0,0,0.075
SKU-030,2024-11-04,169,none,0,0,0.1171
SKU-030,2024-11-11,211,none,0,0,0.1332
SKU-030,2024-11-18,217,none,0,0,0.1298
SKU-030,2024-11-25,181,none,0,0,0.1134
SKU-030,2024-12-02,170,none,0,0,0.0897
SKU-030,2024-12-09,237,none,0,0,0.0609
SKU-030,2024-12-16,195,none,0,0,0.0783
SKU-030,2024-12-23,246,none,0,1,-0.0138
SKU-030,2024-12-30,201,none,0,0,0.0613
SKU-031,2022-02-07,271,none,0,0,0.1072
SKU-031,2022-02-14,269,none,0,0,0.0941
SKU-031,2022-02-21,280,none,0,0,0.0807
SKU-031,2022-02-28,214,none,0,0,0.1294
SKU-031,2022-03-07,234,none,0,0,0.1097
SKU-031,2022-03-14,189,none,0,0,0.1453
SKU-031,2022-03-21,203,none,0,0,0.1658
SKU-031,2022-03-28,204,none,0,0,0.1653
SKU-031,2022-04-04,200,none,0,0,0.1664
SKU-031,2022-04-11,195,none,0,0,0.1617
SKU-031,2022-04-18,222,none,0,0,0.1451
SKU-031,2022-04-25,194,none,0,0,0.167
SKU-031,2022-05-02,186,none,0,0,0.1646
SKU-031,2022-05-09,169,none,0,0,0.1415
SKU-031,2022-05-16,1194,noise,1,1,-0.2345
SKU-031,2022-05-23,207,none,0,0,0.1542
SKU-031,2022-05-30,139,none,0,0,0.1132
SKU-031,2022-06-06,145,none,0,0,0.1428
SKU-031,2022-06-13,159,none,0,0,0.1472
SKU-031,2022-06-20,150,none,0,0,0.1596
SKU-031,2022-06-27,140,none,0,0,0.1533
SKU-031,2022-07-04,169,none,0,0,0.1638
SKU-031,2022-07-11,169,none,0,0,0.168
SKU-031,2022-07-18,138,none,0,0,0.1355
SKU-031,2022-07-25,147,none,0,0,0.1469
SKU-031,2022-08-01,153,none,0,0,0.1477
SKU-031,2022-08-08,156,none,0,0,0.1516
SKU-031,2022-08-15,140,none,0,0,0.136
SKU-031,2022-08-22,175,none,0,0,0.1496
SKU-031,2022-08-29,177,none,0,0,0.14
SKU-031,2022-09-05,206,none,0,0,0.1476
SKU-031,2022-09-12,191,none,0,0,0.1506
SKU-031,2022-09-19,199,none,0,0,0.1467
SKU-031,2022-09-26,230,none,0,0,0.1291
SKU-031,2022-10-03,203,none,0,0,0.1534
SKU-031,2022-10-10,204,none,0,0,0.1495
SKU-031,2022-10-17,165,none,0,0,0.0964
SKU-031,2022-10-24,211,none,0,0,0.1492
SKU-031,2022-10-31,241,none,0,0,0.1286
SKU-031,2022-11-07,278,none,0,0,0.0905
SKU-031,2022-11-14,254,none,0,0,0.1486
SKU-031,2022-11-21,272,none,0,0,0.1313
SKU-031,2022-11-28,303,none,0,0,0.0543
SKU-031,2022-12-05,258,none,0,0,0.1322
SKU-031,2022-12-12,586,business,1,1,-0.1702
SKU-031,2022-12-19,220,none,0,0,0.053
SKU-031,2022-12-26,234,none,0,0,0.0392
SKU-031,2023-01-02,255,none,0,0,0.0252
SKU-031,2023-01-09,274,none,0,0,0.0683
SKU-031,2023-01-16,308,none,0,0,0.0124
SKU-031,2023-01-23,266,none,0,0,0.085
SKU-031,2023-01-30,281,none,0,0,0.0755
SKU-031,2023-02-06,260,none,0,0,0.1043
SKU-031,2023-02-13,323,none,0,0,0.0197
SKU-031,2023-02-20,251,none,0,0,0.097
SKU-031,2023-02-27,197,none,0,0,0.1182
SKU-031,2023-03-06,207,none,0,0,0.1437
SKU-031,2023-03-13,205,none,0,0,0.1565
SKU-031,2023-03-20,195,none,0,0,0.1645
SKU-031,2023-03-27,206,none,0,0,0.1626
SKU-031,2023-04-03,189,none,0,0,0.1565
SKU-031,2023-04-10,179,none,0,0,0.1422
SKU-031,2023-04-17,196,none,0,0,0.1611
SKU-031,2023-04-24,215,none,0,0,0.1517
SKU-031,2023-05-01,221,none,0,0,0.1491
SKU-031,2023-05-08,184,none,0,0,0.1621
SKU-031,2023-05-15,230,none,0,0,0.1379
SKU-031,2023-05-22,201,none,0,0,0.1559
SKU-031,2023-05-29,147,none,0,0,0.1322
SKU-031,2023-06-05,137,none,0,0,0.1203
SKU-031,2023-06-12,174,none,0,0,0.1489
SKU-031,2023-06-19,141,none,0,0,0.1486
SKU-031,2023-06-26,130,none,0,0,0.069
SKU-031,2023-07-03,136,none,0,0,0.115
SKU-031,2023-07-10,139,none,0,0,0.1466
SKU-031,2023-07-17,172,none,0,0,0.15
SKU-031,2023-07-24,169,none,0,0,0.1605
SKU-031,2023-07-31,139,none,0,0,0.1326
SKU-031,2023-08-07,165,none,0,0,0.1597
SKU-031,2023-08-14,145,none,0,0,0.1506
SKU-031,2023-08-21,150,none,0,0,0.1421
SKU-031,2023-08-28,134,none,0,0,0.0588
SKU-031,2023-09-04,224,none,0,0,0.1257
SKU-031,2023-09-11,189,none,0,0,0.1566
SKU-031,2023-09-18,223,none,0,0,0.1411
SKU-031,2023-09-25,201,none,0,0,0.154
SKU-031,2023-10-02,190,none,0,0,0.1396
SKU-031,2023-10-09,179,none,0,0,0.1195
SKU-031,2023-10-16,169,none,0,0,0.1086
SKU-031,2023-10-23,210,none,0,0,0.1482
SKU-031,2023-10-30,213,none,0,0,0.1357
SKU-031,2023-11-06,254,none,0,0,0.1418
SKU-031,2023-11-13,254,none,0,0,0.1486
SKU-031,2023-11-20,268,none,0,0,0.1342
SKU-031,2023-11-27,244,none,0,0,0.1114
SKU-031,2023-12-04,296,none,0,0,0.0704
SKU-031,2023-12-11,260,none,0,0,0.126
SKU-031,2023-12-18,260,none,0,0,0.1121
SKU-031,2023-12-25,269,none,0,0,0.0711
SKU-031,2024-01-01,268,none,0,0,0.0433
SKU-031,2024-01-08,265,none,0,0,0.0727
SKU-031,2024-01-15,222,none,0,0,0.0365
SKU-031,2024-01-22,274,none,0,0,0.0849
SKU-031,2024-01-29,330,none,0,1,-0.0166
SKU-031,2024-02-05,253,none,0,0,0.1024
SKU-031,2024-02-12,224,none,0,0,0.0985
SKU-031,2024-02-19,301,none,0,0,0.0314
SKU-031,2024-02-26,223,none,0,0,0.138
SKU-031,2024-03-04,199,none,0,0,0.1392
SKU-031,2024-03-11,190,none,0,0,0.1459
SKU-031,2024-03-18,224,none,0,0,0.1383
SKU-031,2024-03-25,175,none,0,0,0.1169
SKU-031,2024-04-01,202,none,0,0,0.1657
SKU-031,2024-04-08,177,none,0,0,0.1383
SKU-031,2024-04-15,214,none,0,0,0.157
SKU-031,2024-04-22,188,none,0,0,0.162
SKU-031,2024-04-29,193,none,0,0,0.1675
SKU-031,2024-05-06,173,none,0,0,0.1513
SKU-031,2024-05-13,244,none,0,0,0.0934
SKU-031,2024-05-20,220,none,0,0,0.1432
SKU-031,2024-05-27,152,none,0,0,0.13
SKU-031,2024-06-03,161,none,0,0,0.146
SKU-031,2024-06-10,147,none,0,0,0.1456
SKU-031,2024-06-17,150,none,0,0,0.1596
SKU-031,2024-06-24,143,none,0,0,0.1531
SKU-031,2024-07-01,168,none,0,0,0.1606
SKU-031,2024-07-08,165,none,0,0,0.1638
SKU-031,2024-07-15,145,none,0,0,0.146
SKU-031,2024-07-22,139,none,0,0,0.1421
SKU-031,2024-07-29,170,none,0,0,0.1556
SKU-031,2024-08-05,153,none,0,0,0.1535
SKU-031,2024-08-12,142,none,0,0,0.1419
SKU-031,2024-08-19,138,none,0,0,0.1247
SKU-031,2024-08-26,158,none,0,0,0.1308
SKU-031,2024-09-02,202,none,0,0,0.1481
SKU-031,2024-09-09,189,none,0,0,0.1566
SKU-031,2024-09-16,217,none,0,0,0.1375
SKU-031,2024-09-23,229,none,0,0,0.1311
SKU-031,2024-09-30,210,none,0,0,0.1502
SKU-031,2024-10-07,222,none,0,0,0.1386
SKU-031,2024-10-14,190,none,0,0,0.1327
SKU-031,2024-10-21,201,none,0,0,0.1368
SKU-031,2024-10-28,224,none,0,0,0.1407
SKU-031,2024-11-04,250,none,0,0,0.139
SKU-031,2024-11-11,262,none,0,0,0.1289
SKU-031,2024-11-18,280,none,0,0,0.1124
SKU-031,2024-11-25,288,none,0,0,0.0913
SKU-031,2024-12-02,268,none,0,0,0.1276
SKU-031,2024-12-09,271,none,0,0,0.1096
SKU-031,2024-12-16,318,none,0,1,-0.014
SKU-031,2024-12-23,261,none,0,0,0.0806
SKU-031,2024-12-30,316,none,0,1,-0.0283
SKU-032,2022-02-07,226,none,0,0,0.1509
SKU-032,2022-02-14,222,none,0,0,0.1854
SKU-032,2022-02-21,198,none,0,0,0.2376
SKU-032,2022-02-28,200,none,0,0,0.2313
SKU-032,2022-03-07,223,none,0,0,0.1887
SKU-032,2022-03-14,207,none,0,0,0.2258
SKU-032,2022-03-21,214,none,0,0,0.2113
SKU-032,2022-03-28,189,none,0,0,0.2366
SKU-032,2022-04-04,169,none,0,0,0.1899
SKU-032,2022-04-11,219,none,0,0,0.1984
SKU-032,2022-04-18,178,none,0,0,0.2235
SKU-032,2022-04-25,191,none,0,0,0.2579
SKU-032,2022-05-02,180,none,0,0,0.2361
SKU-032,2022-05-09,201,none,0,0,0.2417
SKU-032,2022-05-16,198,none,0,0,0.2575
SKU-032,2022-05-23,233,none,0,0,0.1615
SKU-032,2022-05-30,189,none,0,0,0.2466
SKU-032,2022-06-06,148,none,0,0,0.127
SKU-032,2022-06-13,178,none,0,0,0.2255
SKU-032,2022-06-20,230,none,0,0,0.2035
SKU-032,2022-06-27,195,none,0,0,0.2517
SKU-032,2022-07-04,218,none,0,0,0.2352
SKU-032,2022-07-11,174,none,0,0,0.2061
SKU-032,2022-07-18,168,none,0,0,0.1998
SKU-032,2022-07-25,221,none,0,0,0.219
SKU-032,2022-08-01,220,none,0,0,0.2222
SKU-032,2022-08-08,233,none,0,0,0.2046
SKU-032,2022-08-15,179,none,0,0,0.2138
SKU-032,2022-08-22,205,none,0,0,0.2269
SKU-032,2022-08-29,200,none,0,0,0.2287
SKU-032,2022-09-05,1242,noise,1,1,-0.0984
SKU-032,2022-09-12,163,none,0,0,0.1734
SKU-032,2022-09-19,197,none,0,0,0.2349
SKU-032,2022-09-26,215,none,0,0,0.2297
SKU-032,2022-10-03,228,none,0,0,0.213
SKU-032,2022-10-10,182,none,0,0,0.2082
SKU-032,2022-10-17,224,none,0,0,0.2209
SKU-032,2022-10-24,185,none,0,0,0.2208
SKU-032,2022-10-31,213,none,0,0,0.2332
SKU-032,2022-11-07,434,business,1,1,-0.0219
SKU-032,2022-11-14,230,none,0,0,0.1733
SKU-032,2022-11-21,166,none,0,0,0.1382
SKU-032,2022-11-28,210,none,0,0,0.2092
SKU-032,2022-12-05,214,none,0,0,0.2062
SKU-032,2022-12-12,195,none,0,0,0.1859
SKU-032,2022-12-19,211,none,0,0,0.1842
SKU-032,2022-12-26,214,none,0,0,0.1364
SKU-032,2023-01-02,210,none,0,0,0.1043
SKU-032,2023-01-09,198,none,0,0,0.1409
SKU-032,2023-01-16,1421,noise,1,1,-0.1387
SKU-032,2023-01-23,216,none,0,0,0.1722
SKU-032,2023-01-30,187,none,0,0,0.1553
SKU-032,2023-02-06,197,none,0,0,0.218
SKU-032,2023-02-13,176,none,0,0,0.173
SKU-032,2023-02-20,198,none,0,0,0.2376
SKU-032,2023-02-27,195,none,0,0,0.2238
SKU-032,2023-03-06,216,none,0,0,0.2251
SKU-032,2023-03-13,164,none,0,0,0.1487
SKU-032,2023-03-20,208,none,0,0,0.2241
SKU-032,2023-03-27,204,none,0,0,0.2335
SKU-032,2023-04-03,212,none,0,0,0.212
SKU-032,2023-04-10,187,none,0,0,0.2374
SKU-032,2023-04-17,188,none,0,0,0.2445
SKU-032,2023-04-24,188,none,0,0,0.2516
SKU-032,2023-05-01,187,none,0,0,0.2557
SKU-032,2023-05-08,189,none,0,0,0.2475
SKU-032,2023-05-15,213,none,0,0,0.2158
SKU-032,2023-05-22,175,none,0,0,0.222
SKU-032,2023-05-29,201,none,0,0,0.2424
SKU-032,2023-06-05,185,none,0,0,0.235
SKU-032,2023-06-12,176,none,0,0,0.222
SKU-032,2023-06-19,193,none,0,0,0.2461
SKU-032,2023-06-26,201,none,0,0,0.2458
SKU-032,2023-07-03,460,business,1,1,-0.0183
SKU-032,2023-07-10,229,none,0,0,0.2175
SKU-032,2023-07-17,249,none,0,0,0.143
SKU-032,2023-07-24,190,none,0,0,0.2254
SKU-032,2023-07-31,237,none,0,0,0.1865
SKU-032,2023-08-07,186,none,0,0,0.215
SKU-032,2023-08-14,191,none,0,0,0.2268
SKU-032,2023-08-21,180,none,0,0,0.2153
SKU-032,2023-08-28,154,none,0,0,0.1361
SKU-032,2023-09-04,417,business,1,0,0.0162
SKU-032,2023-09-11,196,none,0,0,0.2351
SKU-032,2023-09-18,170,none,0,0,0.1923
SKU-032,2023-09-25,244,none,0,0,0.1701
SKU-032,2023-10-02,184,none,0,0,0.2166
SKU-032,2023-10-09,215,none,0,0,0.2355
SKU-032,2023-10-16,229,none,0,0,0.2184
SKU-032,2023-10-23,228,none,0,0,0.2054
SKU-032,2023-10-30,191,none,0,0,0.2284
SKU-032,2023-11-06,192,none,0,0,0.2232
SKU-032,2023-11-13,197,none,0,0,0.2198
SKU-032,2023-11-20,205,none,0,0,0.2126
SKU-032,2023-11-27,219,none,0,0,0.1963
SKU-032,2023-12-04,191,none,0,0,0.192
SKU-032,2023-12-11,199,none,0,0,0.1898
SKU-032,2023-12-18,184,none,0,0,0.1493
SKU-032,2023-12-25,247,none,0,0,0.0392
SKU-032,2024-01-01,162,none,0,0,0.0671
SKU-032,2024-01-08,218,none,0,0,0.1416
SKU-032,2024-01-15,218,none,0,0,0.1591
SKU-032,2024-01-22,211,none,0,0,0.1703
SKU-032,2024-01-29,200,none,0,0,0.1885
SKU-032,2024-02-05,197,none,0,0,0.218
SKU-032,2024-02-12,240,none,0,0,0.1035
SKU-032,2024-02-19,166,none,0,0,0.1615
SKU-032,2024-02-26,215,none,0,0,0.2185
SKU-032,2024-03-04,214,none,0,0,0.2263
SKU-032,2024-03-11,206,none,0,0,0.2259
SKU-032,2024-03-18,199,none,0,0,0.2362
SKU-032,2024-03-25,194,none,0,0,0.2449
SKU-032,2024-04-01,230,none,0,0,0.1675
SKU-032,2024-04-08,150,none,0,0,0.1129
SKU-032,2024-04-15,199,none,0,0,0.2444
SKU-032,2024-04-22,194,none,0,0,0.2574
SKU-032,2024-04-29,186,none,0,0,0.2537
SKU-032,2024-05-06,198,none,0,0,0.2541
SKU-032,2024-05-13,168,none,0,0,0.2011
SKU-032,2024-05-20,194,none,0,0,0.2509
SKU-032,2024-05-27,196,none,0,0,0.2531
SKU-032,2024-06-03,165,none,0,0,0.2035
SKU-032,2024-06-10,1284,noise,1,1,-0.0893
SKU-032,2024-06-17,205,none,0,0,0.2368
SKU-032,2024-06-24,243,none,0,0,0.1656
SKU-032,2024-07-01,197,none,0,0,0.2418
SKU-032,2024-07-08,215,none,0,0,0.2346
SKU-032,2024-07-15,167,none,0,0,0.1923
SKU-032,2024-07-22,197,none,0,0,0.2312
SKU-032,2024-07-29,194,none,0,0,0.2315
SKU-032,2024-08-05,206,none,0,0,0.2231
SKU-032,2024-08-12,169,none,0,0,0.188
SKU-032,2024-08-19,225,none,0,0,0.2185
SKU-032,2024-08-26,175,none,0,0,0.205
SKU-032,2024-09-02,230,none,0,0,0.2194
SKU-032,2024-09-09,214,none,0,0,0.2295
SKU-032,2024-09-16,195,none,0,0,0.237
SKU-032,2024-09-23,239,none,0,0,0.1806
SKU-032,2024-09-30,191,none,0,0,0.2317
SKU-032,2024-10-07,205,none,0,0,0.2309
SKU-032,2024-10-14,193,none,0,0,0.2336
SKU-032,2024-10-21,185,none,0,0,0.2208
SKU-032,2024-10-28,214,none,0,0,0.2344
SKU-032,2024-11-04,208,none,0,0,0.2252
SKU-032,2024-11-11,198,none,0,0,0.2209
SKU-032,2024-11-18,174,none,0,0,0.1649
SKU-032,2024-11-25,214,none,0,0,0.2176
SKU-032,2024-12-02,204,none,0,0,0.2031
SKU-032,2024-12-09,190,none,0,0,0.1855
SKU-032,2024-12-16,217,none,0,0,0.1709
SKU-032,2024-12-23,168,none,0,0,0.0693
SKU-032,2024-12-30,165,none,0,0,0.0853
SKU-033,2022-02-07,175,none,0,0,0.1049
SKU-033,2022-02-14,244,none,0,0,0.0341
SKU-033,2022-02-21,191,none,0,0,0.1522
SKU-033,2022-02-28,197,none,0,0,0.1713
SKU-033,2022-03-07,407,business,1,1,-0.1035
SKU-033,2022-03-14,198,none,0,0,0.172
SKU-033,2022-03-21,1568,noise,1,1,-0.2495
SKU-033,2022-03-28,193,none,0,0,0.1714
SKU-033,2022-04-04,227,none,0,0,0.1397
SKU-033,2022-04-11,226,none,0,0,0.1434
SKU-033,2022-04-18,208,none,0,0,0.1636
SKU-033,2022-04-25,179,none,0,0,0.1577
SKU-033,2022-05-02,232,none,0,0,0.1047
SKU-033,2022-05-09,204,none,0,0,0.183
SKU-033,2022-05-16,168,none,0,0,0.1347
SKU-033,2022-05-23,184,none,0,0,0.1659
SKU-033,2022-05-30,225,none,0,0,0.1224
SKU-033,2022-06-06,196,none,0,0,0.1906
SKU-033,2022-06-13,183,none,0,0,0.1753
SKU-033,2022-06-20,203,none,0,0,0.1785
SKU-033,2022-06-27,222,none,0,0,0.1448
SKU-033,2022-07-04,184,none,0,0,0.1596
SKU-033,2022-07-11,177,none,0,0,0.1606
SKU-033,2022-07-18,195,none,0,0,0.1796
SKU-033,2022-07-25,189,none,0,0,0.1647
SKU-033,2022-08-01,198,none,0,0,0.1778
SKU-033,2022-08-08,214,none,0,0,0.1487
SKU-033,2022-08-15,161,none,0,0,0.0959
SKU-033,2022-08-22,161,none,0,0,0.0876
SKU-033,2022-08-29,219,none,0,0,0.1617
SKU-033,2022-09-05,184,none,0,0,0.1569
SKU-033,2022-09-12,207,none,0,0,0.1664
SKU-033,2022-09-19,178,none,0,0,0.1571
SKU-033,2022-09-26,216,none,0,0,0.1598
SKU-033,2022-10-03,207,none,0,0,0.1653
SKU-033,2022-10-10,232,none,0,0,0.1138
SKU-033,2022-10-17,189,none,0,0,0.1578
SKU-033,2022-10-24,156,none,0,0,0.0392
SKU-033,2022-10-31,186,none,0,0,0.1422
SKU-033,2022-11-07,193,none,0,0,0.1523
SKU-033,2022-11-14,172,none,0,0,0.0952
SKU-033,2022-11-21,217,none,0,0,0.1364
SKU-033,2022-11-28,225,none,0,0,0.1013
SKU-033,2022-12-05,218,none,0,0,0.1081
SKU-033,2022-12-12,198,none,0,0,0.1379
SKU-033,2022-12-19,195,none,0,0,0.1087
SKU-033,2022-12-26,204,none,0,0,0.0794
SKU-033,2023-01-02,209,none,0,0,0.0405
SKU-033,2023-01-09,232,none,0,0,0.0179
SKU-033,2023-01-16,203,none,0,0,0.1034
SKU-033,2023-01-23,201,none,0,0,0.115
SKU-033,2023-01-30,204,none,0,0,0.1419
SKU-033,2023-02-06,232,none,0,0,0.0828
SKU-033,2023-02-13,198,none,0,0,0.1477
SKU-033,2023-02-20,161,none,0,0,0.0837
SKU-033,2023-02-27,222,none,0,0,0.1419
SKU-033,2023-03-06,199,none,0,0,0.1714
SKU-033,2023-03-13,175,none,0,0,0.1362
SKU-033,2023-03-20,211,none,0,0,0.1584
SKU-033,2023-03-27,169,none,0,0,0.122
SKU-033,2023-04-03,190,none,0,0,0.1643
SKU-033,2023-04-10,214,none,0,0,0.163
SKU-033,2023-04-17,166,none,0,0,0.1165
SKU-033,2023-04-24,181,none,0,0,0.1592
SKU-033,2023-05-01,194,none,0,0,0.1692
SKU-033,2023-05-08,201,none,0,0,0.1796
SKU-033,2023-05-15,175,none,0,0,0.1555
SKU-033,2023-05-22,193,none,0,0,0.1784
SKU-033,2023-05-29,189,none,0,0,0.1698
SKU-033,2023-06-05,157,none,0,0,0.1015
SKU-033,2023-06-12,195,none,0,0,0.1902
SKU-033,2023-06-19,146,none,0,0,0.0254
SKU-033,2023-06-26,177,none,0,0,0.1698
SKU-033,2023-07-03,220,none,0,0,0.1534
SKU-033,2023-07-10,205,none,0,0,0.1613
SKU-033,2023-07-17,179,none,0,0,0.1613
SKU-033,2023-07-24,169,none,0,0,0.1264
SKU-033,2023-07-31,193,none,0,0,0.1835
SKU-033,2023-08-07,193,none,0,0,0.1785
SKU-033,2023-08-14,171,none,0,0,0.1272
SKU-033,2023-08-21,207,none,0,0,0.1575
SKU-033,2023-08-28,219,none,0,0,0.1617
SKU-033,2023-09-04,195,none,0,0,0.1755
SKU-033,2023-09-11,184,none,0,0,0.1622
SKU-033,2023-09-18,219,none,0,0,0.1658
SKU-033,2023-09-25,208,none,0,0,0.1635
SKU-033,2023-10-02,185,none,0,0,0.1459
SKU-033,2023-10-09,210,none,0,0,0.1604
SKU-033,2023-10-16,168,none,0,0,0.1028
SKU-033,2023-10-23,475,business,1,1,-0.0977
SKU-033,2023-10-30,198,none,0,0,0.1683
SKU-033,2023-11-06,241,none,0,0,0.0646
SKU-033,2023-11-13,209,none,0,0,0.1426
SKU-033,2023-11-20,179,none,0,0,0.1074
SKU-033,2023-11-27,200,none,0,0,0.1399
SKU-033,2023-12-04,197,none,0,0,0.1406
SKU-033,2023-12-11,190,none,0,0,0.112
SKU-033,2023-12-18,216,none,0,0,0.0721
SKU-033,2023-12-25,199,none,0,0,0.072
SKU-033,2024-01-01,183,none,0,0,0.0393
SKU-033,2024-01-08,199,none,0,0,0.0883
SKU-033,2024-01-15,166,none,0,0,0.0423
SKU-033,2024-01-22,180,none,0,0,0.0879
SKU-033,2024-01-29,204,none,0,0,0.1419
SKU-033,2024-02-05,202,none,0,0,0.144
SKU-033,2024-02-12,214,none,0,0,0.1409
SKU-033,2024-02-19,182,none,0,0,0.1438
SKU-033,2024-02-26,181,none,0,0,0.1425
SKU-033,2024-03-04,200,none,0,0,0.1731
SKU-033,2024-03-11,217,none,0,0,0.1543
SKU-033,2024-03-18,201,none,0,0,0.17
SKU-033,2024-03-25,197,none,0,0,0.175
SKU-033,2024-04-01,222,none,0,0,0.1564
SKU-033,2024-04-08,160,none,0,0,0.0984
SKU-033,2024-04-15,205,none,0,0,0.1698
SKU-033,2024-04-22,185,none,0,0,0.1599
SKU-033,2024-04-29,227,none,0,0,0.1331
SKU-033,2024-05-06,205,none,0,0,0.1795
SKU-033,2024-05-13,177,none,0,0,0.1647
SKU-033,2024-05-20,216,none,0,0,0.1482
SKU-033,2024-05-27,166,none,0,0,0.124
SKU-033,2024-06-03,198,none,0,0,0.1859
SKU-033,2024-06-10,166,none,0,0,0.1323
SKU-033,2024-06-17,206,none,0,0,0.1734
SKU-033,2024-06-24,196,none,0,0,0.1863
SKU-033,2024-07-01,217,none,0,0,0.1582
SKU-033,2024-07-08,217,none,0,0,0.1544
SKU-033,2024-07-15,176,none,0,0,0.1547
SKU-033,2024-07-22,221,none,0,0,0.1317
SKU-033,2024-07-29,195,none,0,0,0.1857
SKU-033,2024-08-05,195,none,0,0,0.1815
SKU-033,2024-08-12,195,none,0,0,0.1739
SKU-033,2024-08-19,193,none,0,0,0.171
SKU-033,2024-08-26,220,none,0,0,0.1552
SKU-033,2024-09-02,209,none,0,0,0.1662
SKU-033,2024-09-09,171,none,0,0,0.1373
SKU-033,2024-09-16,171,none,0,0,0.1389
SKU-033,2024-09-23,226,none,0,0,0.1154
SKU-033,2024-09-30,222,none,0,0,0.1459
SKU-033,2024-10-07,257,none,0,0,0.0362
SKU-033,2024-10-14,200,none,0,0,0.1593
SKU-033,2024-10-21,197,none,0,0,0.155
SKU-033,2024-10-28,221,none,0,0,0.1414
SKU-033,2024-11-04,522,business,1,1,-0.1269
SKU-033,2024-11-11,191,none,0,0,0.1454
SKU-033,2024-11-18,207,none,0,0,0.1428
SKU-033,2024-11-25,253,none,0,0,0.0184
SKU-033,2024-12-02,188,none,0,0,0.1241
SKU-033,2024-12-09,199,none,0,0,0.1374
SKU-033,2024-12-16,175,none,0,0,0.0442
SKU-033,2024-12-23,204,none,0,0,0.0794
SKU-033,2024-12-30,157,none,0,1,-0.0201
SKU-034,2022-02-07,561,business,1,1,-0.1445
SKU-034,2022-02-14,269,none,0,0,0.1064
SKU-034,2022-02-21,281,none,0,0,0.0958
SKU-034,2022-02-28,234,none,0,0,0.1299
SKU-034,2022-03-07,199,none,0,0,0.137
SKU-034,2022-03-14,196,none,0,0,0.1475
SKU-034,2022-03-21,224,none,0,0,0.1433
SKU-034,2022-03-28,205,none,0,0,0.1639
SKU-034,2022-04-04,207,none,0,0,0.1624
SKU-034,2022-04-11,176,none,0,0,0.1579
SKU-034,2022-04-18,213,none,0,0,0.1524
SKU-034,2022-04-25,200,none,0,0,0.1719
SKU-034,2022-05-02,236,none,0,0,0.105
SKU-034,2022-05-09,193,none,0,0,0.1607
SKU-034,2022-05-16,194,none,0,0,0.1588
SKU-034,2022-05-23,205,none,0,0,0.1504
SKU-034,2022-05-30,259,business,1,0,0.0515
SKU-034,2022-06-06,138,none,0,0,0.1364
SKU-034,2022-06-13,158,none,0,0,0.1654
SKU-034,2022-06-20,160,none,0,0,0.174
SKU-034,2022-06-27,130,none,0,0,0.1369
SKU-034,2022-07-04,122,none,0,0,0.0787
SKU-034,2022-07-11,167,none,0,0,0.1646
SKU-034,2022-07-18,156,none,0,0,0.1669
SKU-034,2022-07-25,178,none,0,0,0.1435
SKU-034,2022-08-01,166,none,0,0,0.1656
SKU-034,2022-08-08,149,none,0,0,0.1599
SKU-034,2022-08-15,168,none,0,0,0.1496
SKU-034,2022-08-22,151,none,0,0,0.1557
SKU-034,2022-08-29,148,none,0,0,0.1402
SKU-034,2022-09-05,209,none,0,0,0.1443
SKU-034,2022-09-12,187,none,0,0,0.1632
SKU-034,2022-09-19,187,none,0,0,0.1633
SKU-034,2022-09-26,172,none,0,0,0.1455
SKU-034,2022-10-03,197,none,0,0,0.1656
SKU-034,2022-10-10,191,none,0,0,0.1549
SKU-034,2022-10-17,162,none,0,0,0.0858
SKU-034,2022-10-24,185,none,0,0,0.129
SKU-034,2022-10-31,206,none,0,0,0.1461
SKU-034,2022-11-07,251,none,0,0,0.1208
SKU-034,2022-11-14,299,none,0,0,0.0993
SKU-034,2022-11-21,259,none,0,0,0.1416
SKU-034,2022-11-28,218,none,0,0,0.1009
SKU-034,2022-12-05,260,none,0,0,0.145
SKU-034,2022-12-12,261,none,0,0,0.1376
SKU-034,2022-12-19,250,none,0,0,0.1128
SKU-034,2022-12-26,259,none,0,0,0.095
SKU-034,2023-01-02,260,none,0,0,0.0651
SKU-034,2023-01-09,293,none,0,0,0.0175
SKU-034,2023-01-16,238,none,0,0,0.0883
SKU-034,2023-01-23,263,none,0,0,0.0842
SKU-034,2023-01-30,249,none,0,0,0.1073
SKU-034,2023-02-06,229,none,0,0,0.1182
SKU-034,2023-02-13,235,none,0,0,0.1337
SKU-034,2023-02-20,271,none,0,0,0.1043
SKU-034,2023-02-27,176,none,0,0,0.1147
SKU-034,2023-03-06,236,none,0,0,0.1308
SKU-034,2023-03-13,189,none,0,0,0.1441
SKU-034,2023-03-20,217,none,0,0,0.1549
SKU-034,2023-03-27,203,none,0,0,0.1635
SKU-034,2023-04-03,217,none,0,0,0.15
SKU-034,2023-04-10,188,none,0,0,0.1648
SKU-034,2023-04-17,218,none,0,0,0.15
SKU-034,2023-04-24,165,none,0,0,0.137
SKU-034,2023-05-01,209,none,0,0,0.159
SKU-034,2023-05-08,167,none,0,0,0.1486
SKU-034,2023-05-15,224,none,0,0,0.1173
SKU-034,2023-05-22,175,none,0,0,0.1576
SKU-034,2023-05-29,156,none,0,0,0.141
SKU-034,2023-06-05,139,none,0,0,0.1384
SKU-034,2023-06-12,175,none,0,0,0.1581
SKU-034,2023-06-19,178,none,0,0,0.1546
SKU-034,2023-06-26,132,none,0,0,0.1435
SKU-034,2023-07-03,137,none,0,0,0.147
SKU-034,2023-07-10,156,none,0,0,0.1663
SKU-034,2023-07-17,161,none,0,0,0.1673
SKU-034,2023-07-24,142,none,0,0,0.1462
SKU-034,2023-07-31,150,none,0,0,0.1507
SKU-034,2023-08-07,154,none,0,0,0.1578
SKU-034,2023-08-14,149,none,0,0,0.1517
SKU-034,2023-08-21,141,none,0,0,0.1117
SKU-034,2023-08-28,143,none,0,0,0.1281
SKU-034,2023-09-04,185,none,0,0,0.1564
SKU-034,2023-09-11,174,none,0,0,0.1484
SKU-034,2023-09-18,206,none,0,0,0.1642
SKU-034,2023-09-25,200,none,0,0,0.1697
SKU-034,2023-10-02,195,none,0,0,0.1627
SKU-034,2023-10-09,199,none,0,0,0.1685
SKU-034,2023-10-16,241,none,0,0,0.1153
SKU-034,2023-10-23,198,none,0,0,0.1556
SKU-034,2023-10-30,191,none,0,0,0.1297
SKU-034,2023-11-06,275,none,0,0,0.1128
SKU-034,2023-11-13,294,none,0,0,0.109
SKU-034,2023-11-20,281,none,0,0,0.1174
SKU-034,2023-11-27,266,none,0,0,0.1341
SKU-034,2023-12-04,247,none,0,0,0.1244
SKU-034,2023-12-11,280,none,0,0,0.1015
SKU-034,2023-12-18,247,none,0,0,0.1085
SKU-034,2023-12-25,256,none,0,0,0.0921
SKU-034,2024-01-01,259,none,0,0,0.0622
SKU-034,2024-01-08,243,none,0,0,0.0669
SKU-034,2024-01-15,327,none,0,1,-0.021
SKU-034,2024-01-22,231,none,0,0,0.0788
SKU-034,2024-01-29,257,none,0,0,0.1053
SKU-034,2024-02-05,282,none,0,0,0.0862
SKU-034,2024-02-12,225,none,0,0,0.1216
SKU-034,2024-02-19,284,none,0,0,0.0852
SKU-034,2024-02-26,169,none,0,0,0.1011
SKU-034,2024-03-04,166,none,0,0,0.1009
SKU-034,2024-03-11,174,none,0,0,0.1274
SKU-034,2024-03-18,191,none,0,0,0.1562
SKU-034,2024-03-25,189,none,0,0,0.154
SKU-034,2024-04-01,176,none,0,0,0.1489
SKU-034,2024-04-08,165,none,0,0,0.1271
SKU-034,2024-04-15,194,none,0,0,0.1584
SKU-034,2024-04-22,205,none,0,0,0.1704
SKU-034,2024-04-29,178,none,0,0,0.1584
SKU-034,2024-05-06,199,none,0,0,0.1671
SKU-034,2024-05-13,200,none,0,0,0.1619
SKU-034,2024-05-20,167,none,0,0,0.1587
SKU-034,2024-05-27,145,none,0,0,0.1204
SKU-034,2024-06-03,165,none,0,0,0.1634
SKU-034,2024-06-10,137,none,0,0,0.1345
SKU-034,2024-06-17,126,none,0,0,0.0961
SKU-034,2024-06-24,155,none,0,0,0.1618
SKU-034,2024-07-01,154,none,0,0,0.1614
SKU-034,2024-07-08,130,none,0,0,0.1203
SKU-034,2024-07-15,141,none,0,0,0.1395
SKU-034,2024-07-22,170,none,0,0,0.1591
SKU-034,2024-07-29,165,none,0,0,0.1663
SKU-034,2024-08-05,150,none,0,0,0.1609
SKU-034,2024-08-12,152,none,0,0,0.1548
SKU-034,2024-08-19,152,none,0,0,0.1568
SKU-034,2024-08-26,960,noise,1,1,-0.1564
SKU-034,2024-09-02,192,none,0,0,0.1607
SKU-034,2024-09-09,199,none,0,0,0.1652
SKU-034,2024-09-16,216,none,0,0,0.1462
SKU-034,2024-09-23,213,none,0,0,0.1564
SKU-034,2024-09-30,1400,noise,1,1,-0.2144
SKU-034,2024-10-07,208,none,0,0,0.1618
SKU-034,2024-10-14,212,none,0,0,0.153
SKU-034,2024-10-21,208,none,0,0,0.1558
SKU-034,2024-10-28,221,none,0,0,0.1429
SKU-034,2024-11-04,262,none,0,0,0.1357
SKU-034,2024-11-11,258,none,0,0,0.1376
SKU-034,2024-11-18,297,none,0,0,0.106
SKU-034,2024-11-25,340,none,0,1,-0.0104
SKU-034,2024-12-02,298,none,0,0,0.0876
SKU-034,2024-12-09,265,none,0,0,0.1313
SKU-034,2024-12-16,318,none,0,0,0.0092
SKU-034,2024-12-23,219,none,0,0,0.0372
SKU-034,2024-12-30,270,none,0,0,0.0338
SKU-035,2022-02-07,302,none,0,0,0.1234
SKU-035,2022-02-14,300,none,0,0,0.1431
SKU-035,2022-02-21,249,none,0,0,0.1794
SKU-035,2022-02-28,234,none,0,0,0.1931
SKU-035,2022-03-07,233,none,0,0,0.1989
SKU-035,2022-03-14,175,none,0,0,0.1708
SKU-035,2022-03-21,217,none,0,0,0.2096
SKU-035,2022-03-28,194,none,0,0,0.2021
SKU-035,2022-04-04,218,none,0,0,0.2117
SKU-035,2022-04-11,239,none,0,0,0.1832
SKU-035,2022-04-18,221,none,0,0,0.2003
SKU-035,2022-04-25,209,none,0,0,0.2145
SKU-035,2022-05-02,201,none,0,0,0.2166
SKU-035,2022-05-09,180,none,0,0,0.1963
SKU-035,2022-05-16,156,none,0,0,0.1735
SKU-035,2022-05-23,234,none,0,0,0.1691
SKU-035,2022-05-30,149,none,0,0,0.2023
SKU-035,2022-06-06,948,noise,1,1,-0.1266
SKU-035,2022-06-13,155,none,0,0,0.2129
SKU-035,2022-06-20,147,none,0,0,0.2193
SKU-035,2022-06-27,152,none,0,0,0.2144
SKU-035,2022-07-04,147,none,0,0,0.2105
SKU-035,2022-07-11,293,business,1,0,0.0792
SKU-035,2022-07-18,127,none,0,0,0.1126
SKU-035,2022-07-25,170,none,0,0,0.1933
SKU-035,2022-08-01,167,none,0,0,0.208
SKU-035,2022-08-08,150,none,0,0,0.1928
SKU-035,2022-08-15,153,none,0,0,0.1987
SKU-035,2022-08-22,166,none,0,0,0.1983
SKU-035,2022-08-29,142,none,0,0,0.1475
SKU-035,2022-09-05,212,none,0,0,0.1784
SKU-035,2022-09-12,190,none,0,0,0.191
SKU-035,2022-09-19,159,none,0,0,0.1578
SKU-035,2022-09-26,231,none,0,0,0.1932
SKU-035,2022-10-03,200,none,0,0,0.1998
SKU-035,2022-10-10,201,none,0,0,0.1991
SKU-035,2022-10-17,180,none,0,0,0.1744
SKU-035,2022-10-24,234,none,0,0,0.1832
SKU-035,2022-10-31,215,none,0,0,0.187
SKU-035,2022-11-07,296,none,0,0,0.127
SKU-035,2022-11-14,292,none,0,0,0.1433
SKU-035,2022-11-21,254,none,0,0,0.1767
SKU-035,2022-11-28,212,none,0,0,0.147
SKU-035,2022-12-05,247,none,0,0,0.1703
SKU-035,2022-12-12,319,none,0,0,0.07
SKU-035,2022-12-19,255,none,0,0,0.1506
SKU-035,2022-12-26,269,none,0,0,0.1144
SKU-035,2023-01-02,312,none,0,0,0.022
SKU-035,2023-01-09,284,none,0,0,0.1131
SKU-035,2023-01-16,292,none,0,0,0.1095
SKU-035,2023-01-23,278,none,0,0,0.1343
SKU-035,2023-01-30,251,none,0,0,0.16
SKU-035,2023-02-06,272,none,0,0,0.1678
SKU-035,2023-02-13,2064,noise,1,1,-0.1933
SKU-035,2023-02-20,282,none,0,0,0.1638
SKU-035,2023-02-27,195,none,0,0,0.1812
SKU-035,2023-03-06,216,none,0,0,0.2057
SKU-035,2023-03-13,142,none,0,0,0.0934
SKU-035,2023-03-20,232,none,0,0,0.1987
SKU-035,2023-03-27,200,none,0,0,0.2211
SKU-035,2023-04-03,248,none,0,0,0.1694
SKU-035,2023-04-10,207,none,0,0,0.223
SKU-035,2023-04-17,184,none,0,0,0.2002
SKU-035,2023-04-24,198,none,0,0,0.2192
SKU-035,2023-05-01,185,none,0,0,0.1986
SKU-035,2023-05-08,167,none,0,0,0.18
SKU-035,2023-05-15,214,none,0,0,0.1983
SKU-035,2023-05-22,205,none,0,0,0.2022
SKU-035,2023-05-29,149,none,0,0,0.2023
SKU-035,2023-06-05,148,none,0,0,0.2202
SKU-035,2023-06-12,146,none,0,0,0.2153
SKU-035,2023-06-19,145,none,0,0,0.2099
SKU-035,2023-06-26,150,none,0,0,0.2218
SKU-035,2023-07-03,159,none,0,0,0.2056
SKU-035,2023-07-10,159,none,0,0,0.2146
SKU-035,2023-07-17,158,none,0,0,0.2016
SKU-035,2023-07-24,164,none,0,0,0.2085
SKU-035,2023-07-31,166,none,0,0,0.2118
SKU-035,2023-08-07,160,none,0,0,0.2015
SKU-035,2023-08-14,154,none,0,0,0.197
SKU-035,2023-08-21,145,none,0,0,0.1839
SKU-035,2023-08-28,165,none,0,0,0.1885
SKU-035,2023-09-04,174,none,0,0,0.1762
SKU-035,2023-09-11,240,none,0,0,0.1646
SKU-035,2023-09-18,183,none,0,0,0.1947
SKU-035,2023-09-25,233,none,0,0,0.1948
SKU-035,2023-10-02,237,none,0,0,0.1919
SKU-035,2023-10-09,178,none,0,0,0.1778
SKU-035,2023-10-16,188,none,0,0,0.1879
SKU-035,2023-10-23,200,none,0,0,0.1894
SKU-035,2023-10-30,441,business,1,1,-0.0028
SKU-035,2023-11-06,233,none,0,0,0.1839
SKU-035,2023-11-13,563,business,1,1,-0.0751
SKU-035,2023-11-20,231,none,0,0,0.1767
SKU-035,2023-11-27,229,none,0,0,0.1701
SKU-035,2023-12-04,285,none,0,0,0.1328
SKU-035,2023-12-11,251,none,0,0,0.1568
SKU-035,2023-12-18,325,none,0,0,0.0479
SKU-035,2023-12-25,237,none,0,0,0.1127
SKU-035,2024-01-01,262,none,0,0,0.0913
SKU-035,2024-01-08,207,none,0,0,0.0701
SKU-035,2024-01-15,256,none,0,0,0.13
SKU-035,2024-01-22,252,none,0,0,0.1402
SKU-035,2024-01-29,261,none,0,0,0.1614
SKU-035,2024-02-05,276,none,0,0,0.1744
SKU-035,2024-02-12,296,none,0,0,0.1513
SKU-035,2024-02-19,221,none,0,0,0.1837
SKU-035,2024-02-26,451,business,1,0,0.0025
SKU-035,2024-03-04,195,none,0,0,0.1959
SKU-035,2024-03-11,492,business,1,1,-0.0082
SKU-035,2024-03-18,201,none,0,0,0.2128
SKU-035,2024-03-25,200,none,0,0,0.2211
SKU-035,2024-04-01,202,none,0,0,0.2233
SKU-035,2024-04-08,209,none,0,0,0.2214
SKU-035,2024-04-15,200,none,0,0,0.224
SKU-035,2024-04-22,179,none,0,0,0.1859
SKU-035,2024-04-29,204,none,0,0,0.2166
SKU-035,2024-05-06,197,none,0,0,0.2051
SKU-035,2024-05-13,205,none,0,0,0.208
SKU-035,2024-05-20,216,none,0,0,0.1958
SKU-035,2024-05-27,158,none,0,0,0.1865
SKU-035,2024-06-03,149,none,0,0,0.2186
SKU-035,2024-06-10,155,none,0,0,0.2129
SKU-035,2024-06-17,147,none,0,0,0.2193
SKU-035,2024-06-24,150,none,0,0,0.2218
SKU-035,2024-07-01,146,none,0,0,0.209
SKU-035,2024-07-08,163,none,0,0,0.2064
SKU-035,2024-07-15,128,none,0,0,0.1262
SKU-035,2024-07-22,165,none,0,0,0.2136
SKU-035,2024-07-29,150,none,0,0,0.1903
SKU-035,2024-08-05,165,none,0,0,0.2117
SKU-035,2024-08-12,166,none,0,0,0.205
SKU-035,2024-08-19,146,none,0,0,0.1879
SKU-035,2024-08-26,144,none,0,0,0.1626
SKU-035,2024-09-02,224,none,0,0,0.1725
SKU-035,2024-09-09,227,none,0,0,0.1847
SKU-035,2024-09-16,194,none,0,0,0.1887
SKU-035,2024-09-23,184,none,0,0,0.1938
SKU-035,2024-09-30,235,none,0,0,0.1971
SKU-035,2024-10-07,216,none,0,0,0.1932
SKU-035,2024-10-14,190,none,0,0,0.1889
SKU-035,2024-10-21,189,none,0,0,0.1701
SKU-035,2024-10-28,203,none,0,0,0.1817
SKU-035,2024-11-04,260,none,0,0,0.1649
SKU-035,2024-11-11,262,none,0,0,0.169
SKU-035,2024-11-18,305,none,0,0,0.1152
SKU-035,2024-11-25,276,none,0,0,0.1511
SKU-035,2024-12-02,249,none,0,0,0.1723
SKU-035,2024-12-09,272,none,0,0,0.1397
SKU-035,2024-12-16,241,none,0,0,0.1418
SKU-035,2024-12-23,256,none,0,0,0.1311
SKU-035,2024-12-30,278,none,0,0,0.0997
SKU-036,2022-02-07,177,none,0,0,0.119
SKU-036,2022-02-14,183,none,0,0,0.1337
SKU-036,2022-02-21,192,none,0,0,0.1502
SKU-036,2022-02-28,214,none,0,0,0.1269
SKU-036,2022-03-07,201,none,0,0,0.1531
SKU-036,2022-03-14,193,none,0,0,0.1671
SKU-036,2022-03-21,182,none,0,0,0.1534
SKU-036,2022-03-28,240,none,0,0,0.0522
SKU-036,2022-04-04,213,none,0,0,0.1575
SKU-036,2022-04-11,205,none,0,0,0.1578
SKU-036,2022-04-18,194,none,0,0,0.1592
SKU-036,2022-04-25,167,none,0,0,0.1214
SKU-036,2022-05-02,190,none,0,0,0.1647
SKU-036,2022-05-09,239,none,0,0,0.1169
SKU-036,2022-05-16,166,none,0,0,0.1007
SKU-036,2022-05-23,189,none,0,0,0.1811
SKU-036,2022-05-30,221,none,0,0,0.1613
SKU-036,2022-06-06,233,none,0,0,0.1267
SKU-036,2022-06-13,199,none,0,0,0.1871
SKU-036,2022-06-20,210,none,0,0,0.1812
SKU-036,2022-06-27,227,none,0,0,0.1547
SKU-036,2022-07-04,228,none,0,0,0.1587
SKU-036,2022-07-11,221,none,0,0,0.1706
SKU-036,2022-07-18,201,none,0,0,0.1866
SKU-036,2022-07-25,210,none,0,0,0.1763
SKU-036,2022-08-01,197,none,0,0,0.1949
SKU-036,2022-08-08,180,none,0,0,0.165
SKU-036,2022-08-15,178,none,0,0,0.1667
SKU-036,2022-08-22,193,none,0,0,0.1935
SKU-036,2022-08-29,369,business,1,1,-0.1136
SKU-036,2022-09-05,182,none,0,0,0.1684
SKU-036,2022-09-12,193,none,0,0,0.182
SKU-036,2022-09-19,185,none,0,0,0.1636
SKU-036,2022-09-26,215,none,0,0,0.1669
SKU-036,2022-10-03,188,none,0,0,0.1641
SKU-036,2022-10-10,189,none,0,0,0.1581
SKU-036,2022-10-17,208,none,0,0,0.1911
SKU-036,2022-10-24,198,none,0,0,0.1797
SKU-036,2022-10-31,205,none,0,0,0.1748
SKU-036,2022-11-07,214,none,0,0,0.1559
SKU-036,2022-11-14,221,none,0,0,0.1208
SKU-036,2022-11-21,204,none,0,0,0.1584
SKU-036,2022-11-28,196,none,0,0,0.1487
SKU-036,2022-12-05,185,none,0,0,0.1222
SKU-036,2022-12-12,211,none,0,0,0.1169
SKU-036,2022-12-19,221,none,0,0,0.0769
SKU-036,2022-12-26,176,none,0,0,0.0296
SKU-036,2023-01-02,239,none,0,1,-0.0201
SKU-036,2023-01-09,203,none,0,0,0.0911
SKU-036,2023-01-16,190,none,0,0,0.0841
SKU-036,2023-01-23,221,none,0,0,0.0688
SKU-036,2023-01-30,224,none,0,0,0.0912
SKU-036,2023-02-06,198,none,0,0,0.1436
SKU-036,2023-02-13,224,none,0,0,0.0958
SKU-036,2023-02-20,162,none,0,0,0.0252
SKU-036,2023-02-27,195,none,0,0,0.1753
SKU-036,2023-03-06,173,none,0,0,0.1435
SKU-036,2023-03-13,195,none,0,0,0.1707
SKU-036,2023-03-20,233,none,0,0,0.105
SKU-036,2023-03-27,219,none,0,0,0.1428
SKU-036,2023-04-03,183,none,0,0,0.1573
SKU-036,2023-04-10,176,none,0,0,0.1492
SKU-036,2023-04-17,217,none,0,0,0.1605
SKU-036,2023-04-24,164,none,0,0,0.0827
SKU-036,2023-05-01,179,none,0,0,0.1589
SKU-036,2023-05-08,185,none,0,0,0.16
SKU-036,2023-05-15,212,none,0,0,0.164
SKU-036,2023-05-22,173,none,0,0,0.141
SKU-036,2023-05-29,189,none,0,0,0.1775
SKU-036,2023-06-05,194,none,0,0,0.1821
SKU-036,2023-06-12,186,none,0,0,0.1711
SKU-036,2023-06-19,192,none,0,0,0.1887
SKU-036,2023-06-26,189,none,0,0,0.1803
SKU-036,2023-07-03,215,none,0,0,0.1797
SKU-036,2023-07-10,228,none,0,0,0.1568
SKU-036,2023-07-17,202,none,0,0,0.1838
SKU-036,2023-07-24,196,none,0,0,0.19
SKU-036,2023-07-31,198,none,0,0,0.1954
SKU-036,2023-08-07,223,none,0,0,0.1408
SKU-036,2023-08-14,177,none,0,0,0.1637
SKU-036,2023-08-21,184,none,0,0,0.1613
SKU-036,2023-08-28,205,none,0,0,0.1785
SKU-036,2023-09-04,188,none,0,0,0.1758
SKU-036,2023-09-11,209,none,0,0,0.1797
SKU-036,2023-09-18,216,none,0,0,0.1592
SKU-036,2023-09-25,193,none,0,0,0.183
SKU-036,2023-10-02,192,none,0,0,0.1752
SKU-036,2023-10-09,208,none,0,0,0.1786
SKU-036,2023-10-16,209,none,0,0,0.1885
SKU-036,2023-10-23,197,none,0,0,0.1719
SKU-036,2023-10-30,225,none,0,0,0.11
SKU-036,2023-11-06,206,none,0,0,0.1672
SKU-036,2023-11-13,208,none,0,0,0.1648
SKU-036,2023-11-20,184,none,0,0,0.1364
SKU-036,2023-11-27,198,none,0,0,0.1555
SKU-036,2023-12-04,439,business,1,1,-0.179
SKU-036,2023-12-11,200,none,0,0,0.1351
SKU-036,2023-12-18,244,none,0,1,-0.0058
SKU-036,2023-12-25,193,none,0,0,0.0882
SKU-036,2024-01-01,210,none,0,0,0.0575
SKU-036,2024-01-08,167,none,0,0,0.0052
SKU-036,2024-01-15,200,none,0,0,0.1056
SKU-036,2024-01-22,195,none,0,0,0.1029
SKU-036,2024-01-29,184,none,0,0,0.1102
SKU-036,2024-02-05,202,none,0,0,0.1365
SKU-036,2024-02-12,193,none,0,0,0.1418
SKU-036,2024-02-19,181,none,0,0,0.1462
SKU-036,2024-02-26,195,none,0,0,0.1753
SKU-036,2024-03-04,177,none,0,0,0.157
SKU-036,2024-03-11,212,none,0,0,0.1401
SKU-036,2024-03-18,230,none,0,0,0.1148
SKU-036,2024-03-25,171,none,0,0,0.1109
SKU-036,2024-04-01,189,none,0,0,0.1585
SKU-036,2024-04-08,215,none,0,0,0.1622
SKU-036,2024-04-15,220,none,0,0,0.1584
SKU-036,2024-04-22,228,none,0,0,0.1401
SKU-036,2024-04-29,225,none,0,0,0.1459
SKU-036,2024-05-06,238,none,0,0,0.1099
SKU-036,2024-05-13,239,none,0,0,0.115
SKU-036,2024-05-20,218,none,0,0,0.1602
SKU-036,2024-05-27,167,none,0,0,0.1012
SKU-036,2024-06-03,407,business,1,1,-0.1412
SKU-036,2024-06-10,204,none,0,0,0.1835
SKU-036,2024-06-17,181,none,0,0,0.1627
SKU-036,2024-06-24,197,none,0,0,0.1885
SKU-036,2024-07-01,203,none,0,0,0.1827
SKU-036,2024-07-08,216,none,0,0,0.1748
SKU-036,2024-07-15,191,none,0,0,0.1783
SKU-036,2024-07-22,233,none,0,0,0.122
SKU-036,2024-07-29,174,none,0,0,0.1333
SKU-036,2024-08-05,239,none,0,0,0.0943
SKU-036,2024-08-12,194,none,0,0,0.1932
SKU-036,2024-08-19,199,none,0,0,0.1901
SKU-036,2024-08-26,213,none,0,0,0.1606
SKU-036,2024-09-02,177,none,0,0,0.1581
SKU-036,2024-09-09,215,none,0,0,0.1608
SKU-036,2024-09-16,172,none,0,0,0.1024
SKU-036,2024-09-23,205,none,0,0,0.189
SKU-036,2024-09-30,241,none,0,0,0.0432
SKU-036,2024-10-07,198,none,0,0,0.1766
SKU-036,2024-10-14,220,none,0,0,0.1427
SKU-036,2024-10-21,204,none,0,0,0.1886
SKU-036,2024-10-28,214,none,0,0,0.1564
SKU-036,2024-11-04,204,none,0,0,0.1739
SKU-036,2024-11-11,181,none,0,0,0.1235
SKU-036,2024-11-18,176,none,0,0,0.1059
SKU-036,2024-11-25,210,none,0,0,0.1376
SKU-036,2024-12-02,202,none,0,0,0.1329
SKU-036,2024-12-09,192,none,0,0,0.1275
SKU-036,2024-12-16,208,none,0,0,0.1119
SKU-036,2024-12-23,193,none,0,0,0.0882
SKU-036,2024-12-30,199,none,0,0,0.0673
SKU-037,2022-02-07,269,none,0,0,0.1287
SKU-037,2022-02-14,264,none,0,0,0.1262
SKU-037,2022-02-21,281,none,0,0,0.1253
SKU-037,2022-02-28,227,none,0,0,0.1669
SKU-037,2022-03-07,198,none,0,0,0.1868
SKU-037,2022-03-14,188,none,0,0,0.188
SKU-037,2022-03-21,208,none,0,0,0.1788
SKU-037,2022-03-28,537,business,1,1,-0.1163
SKU-037,2022-04-04,207,none,0,0,0.1951
SKU-037,2022-04-11,202,none,0,0,0.2
SKU-037,2022-04-18,227,none,0,0,0.1674
SKU-037,2022-04-25,220,none,0,0,0.1873
SKU-037,2022-05-02,189,none,0,0,0.1944
SKU-037,2022-05-09,185,none,0,0,0.199
SKU-037,2022-05-16,193,none,0,0,0.1925
SKU-037,2022-05-23,177,none,0,0,0.1802
SKU-037,2022-05-30,160,none,0,0,0.1687
SKU-037,2022-06-06,144,none,0,0,0.1876
SKU-037,2022-06-13,163,none,0,0,0.1887
SKU-037,2022-06-20,130,none,0,0,0.1484
SKU-037,2022-06-27,134,none,0,0,0.1563
SKU-037,2022-07-04,131,none,0,0,0.1471
SKU-037,2022-07-11,151,none,0,0,0.2004
SKU-037,2022-07-18,148,none,0,0,0.1915
SKU-037,2022-07-25,113,none,0,0,0.081
SKU-037,2022-08-01,138,none,0,0,0.1523
SKU-037,2022-08-08,165,none,0,0,0.1786
SKU-037,2022-08-15,103,none,0,0,0.018
SKU-037,2022-08-22,133,none,0,0,0.1296
SKU-037,2022-08-29,159,none,0,0,0.1618
SKU-037,2022-09-05,167,none,0,0,0.1561
SKU-037,2022-09-12,214,none,0,0,0.1781
SKU-037,2022-09-19,194,none,0,0,0.19
SKU-037,2022-09-26,203,none,0,0,0.1963
SKU-037,2022-10-03,208,none,0,0,0.1853
SKU-037,2022-10-10,216,none,0,0,0.1696
SKU-037,2022-10-17,203,none,0,0,0.1765
SKU-037,2022-10-24,169,none,0,0,0.1469
SKU-037,2022-10-31,195,none,0,0,0.1689
SKU-037,2022-11-07,239,none,0,0,0.1532
SKU-037,2022-11-14,253,none,0,0,0.1491
SKU-037,2022-11-21,275,none,0,0,0.1507
SKU-037,2022-11-28,278,none,0,0,0.15
SKU-037,2022-12-05,210,none,0,0,0.0856
SKU-037,2022-12-12,263,none,0,0,0.1547
SKU-037,2022-12-19,276,none,0,0,0.1193
SKU-037,2022-12-26,246,none,0,0,0.075
SKU-037,2023-01-02,250,none,0,0,0.0747
SKU-037,2023-01-09,501,business,1,1,-0.1107
SKU-037,2023-01-16,267,none,0,0,0.1023
SKU-037,2023-01-23,260,none,0,0,0.1132
SKU-037,2023-01-30,314,none,0,0,0.0579
SKU-037,2023-02-06,228,none,0,0,0.1343
SKU-037,2023-02-13,277,none,0,0,0.1314
SKU-037,2023-02-20,281,none,0,0,0.1253
SKU-037,2023-02-27,173,none,0,0,0.101
SKU-037,2023-03-06,206,none,0,0,0.1778
SKU-037,2023-03-13,191,none,0,0,0.1886
SKU-037,2023-03-20,171,none,0,0,0.1532
SKU-037,2023-03-27,184,none,0,0,0.1767
SKU-037,2023-04-03,213,none,0,0,0.1888
SKU-037,2023-04-10,217,none,0,0,0.1861
SKU-037,2023-04-17,206,none,0,0,0.1988
SKU-037,2023-04-24,213,none,0,0,0.1963
SKU-037,2023-05-01,202,none,0,0,0.1997
SKU-037,2023-05-08,183,none,0,0,0.199
SKU-037,2023-05-15,231,none,0,0,0.1385
SKU-037,2023-05-22,196,none,0,0,0.1804
SKU-037,2023-05-29,145,none,0,0,0.1687
SKU-037,2023-06-05,133,none,0,0,0.156
SKU-037,2023-06-12,112,none,0,0,0.0645
SKU-037,2023-06-19,150,none,0,0,0.1933
SKU-037,2023-06-26,148,none,0,0,0.2009
SKU-037,2023-07-03,170,none,0,0,0.1802
SKU-037,2023-07-10,161,none,0,0,0.1871
SKU-037,2023-07-17,139,none,0,0,0.1526
SKU-037,2023-07-24,155,none,0,0,0.1897
SKU-037,2023-07-31,163,none,0,0,0.1847
SKU-037,2023-08-07,152,none,0,0,0.1887
SKU-037,2023-08-14,153,none,0,0,0.1927
SKU-037,2023-08-21,150,none,0,0,0.1793
SKU-037,2023-08-28,138,none,0,0,0.1246
SKU-037,2023-09-04,227,none,0,0,0.1414
SKU-037,2023-09-11,225,none,0,0,0.162
SKU-037,2023-09-18,223,none,0,0,0.1743
SKU-037,2023-09-25,198,none,0,0,0.1965
SKU-037,2023-10-02,199,none,0,0,0.1906
SKU-037,2023-10-09,198,none,0,0,0.1892
SKU-037,2023-10-16,186,none,0,0,0.173
SKU-037,2023-10-23,167,none,0,0,0.1497
SKU-037,2023-10-30,164,none,0,0,0.1161
SKU-037,2023-11-06,229,none,0,0,0.1659
SKU-037,2023-11-13,282,none,0,0,0.1185
SKU-037,2023-11-20,353,none,0,1,-0.0203
SKU-037,2023-11-27,267,none,0,0,0.1668
SKU-037,2023-12-04,308,none,0,0,0.0324
SKU-037,2023-12-11,265,none,0,0,0.163
SKU-037,2023-12-18,269,none,0,0,0.1442
SKU-037,2023-12-25,269,none,0,0,0.1065
SKU-037,2024-01-01,277,none,0,0,0.064
SKU-037,2024-01-08,290,none,0,0,0.0629
SKU-037,2024-01-15,233,none,0,0,0.104
SKU-037,2024-01-22,251,none,0,0,0.117
SKU-037,2024-01-29,290,none,0,0,0.1049
SKU-037,2024-02-05,319,none,0,0,0.0604
SKU-037,2024-02-12,287,none,0,0,0.1044
SKU-037,2024-02-19,241,none,0,0,0.1288
SKU-037,2024-02-26,194,none,0,0,0.1626
SKU-037,2024-03-04,188,none,0,0,0.1673
SKU-037,2024-03-11,200,none,0,0,0.1915
SKU-037,2024-03-18,182,none,0,0,0.1747
SKU-037,2024-03-25,190,none,0,0,0.1853
SKU-037,2024-04-01,166,none,0,0,0.1468
SKU-037,2024-04-08,197,none,0,0,0.2012
SKU-037,2024-04-15,148,none,0,0,0.11
SKU-037,2024-04-22,221,none,0,0,0.1863
SKU-037,2024-04-29,204,none,0,0,0.1977
SKU-037,2024-05-06,213,none,0,0,0.1901
SKU-037,2024-05-13,187,none,0,0,0.195
SKU-037,2024-05-20,382,business,1,1,-0.0287
SKU-037,2024-05-27,129,none,0,0,0.121
SKU-037,2024-06-03,142,none,0,0,0.1787
SKU-037,2024-06-10,148,none,0,0,0.1956
SKU-037,2024-06-17,168,none,0,0,0.1814
SKU-037,2024-06-24,158,none,0,0,0.1858
SKU-037,2024-07-01,150,none,0,0,0.1973
SKU-037,2024-07-08,142,none,0,0,0.1776
SKU-037,2024-07-15,153,none,0,0,0.1929
SKU-037,2024-07-22,152,none,0,0,0.203
SKU-037,2024-07-29,117,none,0,0,0.0853
SKU-037,2024-08-05,332,business,1,1,-0.0231
SKU-037,2024-08-12,157,none,0,0,0.1835
SKU-037,2024-08-19,151,none,0,0,0.1841
SKU-037,2024-08-26,132,none,0,0,0.1137
SKU-037,2024-09-02,209,none,0,0,0.1692
SKU-037,2024-09-09,203,none,0,0,0.1794
SKU-037,2024-09-16,211,none,0,0,0.1936
SKU-037,2024-09-23,160,none,0,0,0.1282
SKU-037,2024-09-30,184,none,0,0,0.1733
SKU-037,2024-10-07,179,none,0,0,0.1652
SKU-037,2024-10-14,190,none,0,0,0.1735
SKU-037,2024-10-21,196,none,0,0,0.1755
SKU-037,2024-10-28,230,none,0,0,0.1568
SKU-037,2024-11-04,221,none,0,0,0.1644
SKU-037,2024-11-11,265,none,0,0,0.1553
SKU-037,2024-11-18,246,none,0,0,0.1527
SKU-037,2024-11-25,263,none,0,0,0.1632
SKU-037,2024-12-02,279,none,0,0,0.1394
SKU-037,2024-12-09,266,none,0,0,0.1639
SKU-037,2024-12-16,268,none,0,0,0.1461
SKU-037,2024-12-23,280,none,0,0,0.0821
SKU-037,2024-12-30,206,none,0,0,0.0344
SKU-038,2022-02-07,219,none,0,0,0.1708
SKU-038,2022-02-14,216,none,0,0,0.1791
SKU-038,2022-02-21,167,none,0,0,0.0791
SKU-038,2022-02-28,189,none,0,0,0.1828
SKU-038,2022-03-07,198,none,0,0,0.1985
SKU-038,2022-03-14,216,none,0,0,0.1933
SKU-038,2022-03-21,229,none,0,0,0.1603
SKU-038,2022-03-28,179,none,0,0,0.1551
SKU-038,2022-04-04,218,none,0,0,0.2006
SKU-038,2022-04-11,200,none,0,0,0.2127
SKU-038,2022-04-18,227,none,0,0,0.1795
SKU-038,2022-04-25,218,none,0,0,0.2024
SKU-038,2022-05-02,215,none,0,0,0.2029
SKU-038,2022-05-09,211,none,0,0,0.2004
SKU-038,2022-05-16,165,none,0,0,0.1202
SKU-038,2022-05-23,173,none,0,0,0.1538
SKU-038,2022-05-30,168,none,0,0,0.1357
SKU-038,2022-06-06,218,none,0,0,0.2054
SKU-038,2022-06-13,219,none,0,0,0.1966
SKU-038,2022-06-20,202,none,0,0,0.2252
SKU-038,2022-06-27,192,none,0,0,0.2251
SKU-038,2022-07-04,189,none,0,0,0.2161
SKU-038,2022-07-11,398,business,1,1,-0.0775
SKU-038,2022-07-18,199,none,0,0,0.2173
SKU-038,2022-07-25,188,none,0,0,0.2094
SKU-038,2022-08-01,234,none,0,0,0.1562
SKU-038,2022-08-08,193,none,0,0,0.222
SKU-038,2022-08-15,232,none,0,0,0.164
SKU-038,2022-08-22,222,none,0,0,0.1925
SKU-038,2022-08-29,221,none,0,0,0.2002
SKU-038,2022-09-05,197,none,0,0,0.2153
SKU-038,2022-09-12,182,none,0,0,0.1894
SKU-038,2022-09-19,221,none,0,0,0.1924
SKU-038,2022-09-26,243,none,0,0,0.1192
SKU-038,2022-10-03,206,none,0,0,0.2091
SKU-038,2022-10-10,213,none,0,0,0.1844
SKU-038,2022-10-17,203,none,0,0,0.2118
SKU-038,2022-10-24,192,none,0,0,0.2144
SKU-038,2022-10-31,170,none,0,0,0.1193
SKU-038,2022-11-07,222,none,0,0,0.1568
SKU-038,2022-11-14,208,none,0,0,0.1849
SKU-038,2022-11-21,180,none,0,0,0.1567
SKU-038,2022-11-28,224,none,0,0,0.1285
SKU-038,2022-12-05,190,none,0,0,0.175
SKU-038,2022-12-12,199,none,0,0,0.1559
SKU-038,2022-12-19,227,none,0,0,0.0841
SKU-038,2022-12-26,540,business,1,1,-0.1569
SKU-038,2023-01-02,221,none,0,0,0.0919
SKU-038,2023-01-09,182,none,0,0,0.0785
SKU-038,2023-01-16,200,none,0,0,0.134
SKU-038,2023-01-23,186,none,0,0,0.1113
SKU-038,2023-01-30,209,none,0,0,0.1738
SKU-038,2023-02-06,244,none,0,0,0.0727
SKU-038,2023-02-13,207,none,0,0,0.1849
SKU-038,2023-02-20,196,none,0,0,0.1872
SKU-038,2023-02-27,223,none,0,0,0.1698
SKU-038,2023-03-06,180,none,0,0,0.1586
SKU-038,2023-03-13,207,none,0,0,0.2031
SKU-038,2023-03-20,176,none,0,0,0.1356
SKU-038,2023-03-27,199,none,0,0,0.2037
SKU-038,2023-04-03,205,none,0,0,0.2073
SKU-038,2023-04-10,236,none,0,0,0.1444
SKU-038,2023-04-17,181,none,0,0,0.1788
SKU-038,2023-04-24,214,none,0,0,0.202
SKU-038,2023-05-01,197,none,0,0,0.2125
SKU-038,2023-05-08,169,none,0,0,0.1455
SKU-038,2023-05-15,228,none,0,0,0.1868
SKU-038,2023-05-22,233,none,0,0,0.1616
SKU-038,2023-05-29,204,none,0,0,0.2051
SKU-038,2023-06-05,218,none,0,0,0.2054
SKU-038,2023-06-12,201,none,0,0,0.2195
SKU-038,2023-06-19,202,none,0,0,0.2252
SKU-038,2023-06-26,202,none,0,0,0.2281
SKU-038,2023-07-03,189,none,0,0,0.2161
SKU-038,2023-07-10,195,none,0,0,0.2197
SKU-038,2023-07-17,192,none,0,0,0.2194
SKU-038,2023-07-24,166,none,0,0,0.1116
SKU-038,2023-07-31,202,none,0,0,0.2188
SKU-038,2023-08-07,209,none,0,0,0.2057
SKU-038,2023-08-14,178,none,0,0,0.1516
SKU-038,2023-08-21,207,none,0,0,0.2105
SKU-038,2023-08-28,214,none,0,0,0.1972
SKU-038,2023-09-04,229,none,0,0,0.1698
SKU-038,2023-09-11,191,none,0,0,0.218
SKU-038,2023-09-18,178,none,0,0,0.158
SKU-038,2023-09-25,192,none,0,0,0.208
SKU-038,2023-10-02,145,none,0,0,0.0133
SKU-038,2023-10-09,188,none,0,0,0.2024
SKU-038,2023-10-16,194,none,0,0,0.2143
SKU-038,2023-10-23,194,none,0,0,0.2066
SKU-038,2023-10-30,197,none,0,0,0.1967
SKU-038,2023-11-06,187,none,0,0,0.1831
SKU-038,2023-11-13,188,none,0,0,0.1819
SKU-038,2023-11-20,203,none,0,0,0.1854
SKU-038,2023-11-27,207,none,0,0,0.1713
SKU-038,2023-12-04,191,none,0,0,0.174
SKU-038,2023-12-11,168,none,0,0,0.0728
SKU-038,2023-12-18,201,none,0,0,0.14
SKU-038,2023-12-25,197,none,0,0,0.0994
SKU-038,2024-01-01,219,none,0,0,0.1013
SKU-038,2024-01-08,207,none,0,0,0.1264
SKU-038,2024-01-15,220,none,0,0,0.1309
SKU-038,2024-01-22,209,none,0,0,0.1475
SKU-038,2024-01-29,215,none,0,0,0.1712
SKU-038,2024-02-05,214,none,0,0,0.1795
SKU-038,2024-02-12,200,none,0,0,0.1792
SKU-038,2024-02-19,187,none,0,0,0.1726
SKU-038,2024-02-26,236,none,0,0,0.1237
SKU-038,2024-03-04,204,none,0,0,0.2014
SKU-038,2024-03-11,191,none,0,0,0.1917
SKU-038,2024-03-18,195,none,0,0,0.196
SKU-038,2024-03-25,211,none,0,0,0.1923
SKU-038,2024-04-01,562,business,1,1,-0.1441
SKU-038,2024-04-08,180,none,0,0,0.1751
SKU-038,2024-04-15,200,none,0,0,0.2071
SKU-038,2024-04-22,196,none,0,0,0.2076
SKU-038,2024-04-29,188,none,0,0,0.2016
SKU-038,2024-05-06,211,none,0,0,0.2004
SKU-038,2024-05-13,244,none,0,0,0.1158
SKU-038,2024-05-20,197,none,0,0,0.2083
SKU-038,2024-05-27,193,none,0,0,0.2036
SKU-038,2024-06-03,182,none,0,0,0.1832
SKU-038,2024-06-10,193,none,0,0,0.2179
SKU-038,2024-06-17,183,none,0,0,0.1881
SKU-038,2024-06-24,239,none,0,0,0.1405
SKU-038,2024-07-01,225,none,0,0,0.1797
SKU-038,2024-07-08,194,none,0,0,0.2216
SKU-038,2024-07-15,217,none,0,0,0.1979
SKU-038,2024-07-22,213,none,0,0,0.1921
SKU-038,2024-07-29,192,none,0,0,0.2224
SKU-038,2024-08-05,188,none,0,0,0.2124
SKU-038,2024-08-12,228,none,0,0,0.1826
SKU-038,2024-08-19,202,none,0,0,0.2129
SKU-038,2024-08-26,149,none,0,0,0.0373
SKU-038,2024-09-02,187,none,0,0,0.1985
SKU-038,2024-09-09,197,none,0,0,0.2194
SKU-038,2024-09-16,218,none,0,0,0.1926
SKU-038,2024-09-23,222,none,0,0,0.189
SKU-038,2024-09-30,207,none,0,0,0.2094
SKU-038,2024-10-07,186,none,0,0,0.1988
SKU-038,2024-10-14,208,none,0,0,0.2051
SKU-038,2024-10-21,191,none,0,0,0.2118
SKU-038,2024-10-28,229,none,0,0,0.1407
SKU-038,2024-11-04,244,none,0,0,0.1012
SKU-038,2024-11-11,206,none,0,0,0.1909
SKU-038,2024-11-18,199,none,0,0,0.1885
SKU-038,2024-11-25,180,none,0,0,0.1474
SKU-038,2024-12-02,287,business,1,1,-0.015
SKU-038,2024-12-09,196,none,0,0,0.1571
SKU-038,2024-12-16,182,none,0,0,0.1056
SKU-038,2024-12-23,202,none,0,0,0.0928
SKU-038,2024-12-30,366,business,1,1,-0.0973
SKU-039,2022-02-07,222,none,0,0,0.1317
SKU-039,2022-02-14,154,none,0,0,0.0321
SKU-039,2022-02-21,242,none,0,0,0.0779
SKU-039,2022-02-28,182,none,0,0,0.1657
SKU-039,2022-03-07,188,none,0,0,0.1712
SKU-039,2022-03-14,210,none,0,0,0.1874
SKU-039,2022-03-21,192,none,0,0,0.1748
SKU-039,2022-03-28,240,none,0,0,0.1314
SKU-039,2022-04-04,215,none,0,0,0.1943
SKU-039,2022-04-11,226,none,0,0,0.1734
SKU-039,2022-04-18,176,none,0,0,0.1588
SKU-039,2022-04-25,208,none,0,0,0.2086
SKU-039,2022-05-02,219,none,0,0,0.1967
SKU-039,2022-05-09,229,none,0,0,0.1684
SKU-039,2022-05-16,190,none,0,0,0.1967
SKU-039,2022-05-23,215,none,0,0,0.1985
SKU-039,2022-05-30,183,none,0,0,0.1744
SKU-039,2022-06-06,174,none,0,0,0.1636
SKU-039,2022-06-13,193,none,0,0,0.203
SKU-039,2022-06-20,236,none,0,0,0.1609
SKU-039,2022-06-27,199,none,0,0,0.2121
SKU-039,2022-07-04,199,none,0,0,0.2127
SKU-039,2022-07-11,220,none,0,0,0.1925
SKU-039,2022-07-18,217,none,0,0,0.2014
SKU-039,2022-07-25,201,none,0,0,0.2052
SKU-039,2022-08-01,244,none,0,0,0.1555
SKU-039,2022-08-08,312,business,1,0,0.006
SKU-039,2022-08-15,2007,noise,1,1,-0.1837
SKU-039,2022-08-22,237,none,0,0,0.1686
SKU-039,2022-08-29,229,none,0,0,0.1733
SKU-039,2022-09-05,199,none,0,0,0.1962
SKU-039,2022-09-12,211,none,0,0,0.1931
SKU-039,2022-09-19,176,none,0,0,0.1807
SKU-039,2022-09-26,188,none,0,0,0.1924
SKU-039,2022-10-03,173,none,0,0,0.1654
SKU-039,2022-10-10,174,none,0,0,0.172
SKU-039,2022-10-17,180,none,0,0,0.185
SKU-039,2022-10-24,226,none,0,0,0.168
SKU-039,2022-10-31,214,none,0,0,0.183
SKU-039,2022-11-07,230,none,0,0,0.1468
SKU-039,2022-11-14,220,none,0,0,0.1682
SKU-039,2022-11-21,196,none,0,0,0.1746
SKU-039,2022-11-28,221,none,0,0,0.1337
SKU-039,2022-12-05,171,none,0,0,0.1097
SKU-039,2022-12-12,193,none,0,0,0.1331
SKU-039,2022-12-19,145,none,0,1,-0.0068
SKU-039,2022-12-26,213,none,0,0,0.1034
SKU-039,2023-01-02,182,none,0,0,0.0661
SKU-039,2023-01-09,211,none,0,0,0.1033
SKU-039,2023-01-16,195,none,0,0,0.1019
SKU-039,2023-01-23,214,none,0,0,0.1262
SKU-039,2023-01-30,179,none,0,0,0.1245
SKU-039,2023-02-06,189,none,0,0,0.146
SKU-039,2023-02-13,219,none,0,0,0.1519
SKU-039,2023-02-20,207,none,0,0,0.1809
SKU-039,2023-02-27,208,none,0,0,0.1897
SKU-039,2023-03-06,214,none,0,0,0.1836
SKU-039,2023-03-13,206,none,0,0,0.1908
SKU-039,2023-03-20,200,none,0,0,0.1907
SKU-039,2023-03-27,218,none,0,0,0.1816
SKU-039,2023-04-03,212,none,0,0,0.1967
SKU-039,2023-04-10,243,none,0,0,0.1218
SKU-039,2023-04-17,221,none,0,0,0.186
SKU-039,2023-04-24,198,none,0,0,0.2052
SKU-039,2023-05-01,202,none,0,0,0.2008
SKU-039,2023-05-08,178,none,0,0,0.1737
SKU-039,2023-05-15,195,none,0,0,0.2063
SKU-039,2023-05-22,233,none,0,0,0.1572
SKU-039,2023-05-29,1624,noise,1,1,-0.1384
SKU-039,2023-06-05,181,none,0,0,0.1831
SKU-039,2023-06-12,205,none,0,0,0.2019
SKU-039,2023-06-19,177,none,0,0,0.1662
SKU-039,2023-06-26,249,none,0,0,0.1283
SKU-039,2023-07-03,202,none,0,0,0.2084
SKU-039,2023-07-10,190,none,0,0,0.1961
SKU-039,2023-07-17,209,none,0,0,0.2062
SKU-039,2023-07-24,184,none,0,0,0.1877
SKU-039,2023-07-31,233,none,0,0,0.1801
SKU-039,2023-08-07,193,none,0,0,0.1995
SKU-039,2023-08-14,164,none,0,0,0.1155
SKU-039,2023-08-21,218,none,0,0,0.2016
SKU-039,2023-08-28,214,none,0,0,0.1929
SKU-039,2023-09-04,201,none,0,0,0.1936
SKU-039,2023-09-11,229,none,0,0,0.1699
SKU-039,2023-09-18,182,none,0,0,0.1951
SKU-039,2023-09-25,179,none,0,0,0.1919
SKU-039,2023-10-02,196,none,0,0,0.1917
SKU-039,2023-10-09,237,none,0,0,0.134
SKU-039,2023-10-16,196,none,0,0,0.1917
SKU-039,2023-10-23,206,none,0,0,0.1819
SKU-039,2023-10-30,225,none,0,0,0.1631
SKU-039,2023-11-06,188,none,0,0,0.1671
SKU-039,2023-11-13,233,none,0,0,0.1266
SKU-039,2023-11-20,203,none,0,0,0.1718
SKU-039,2023-11-27,171,none,0,0,0.1063
SKU-039,2023-12-04,183,none,0,0,0.1276
SKU-039,2023-12-11,154,none,0,0,0.0391
SKU-039,2023-12-18,200,none,0,0,0.121
SKU-039,2023-12-25,180,none,0,0,0.076
SKU-039,2024-01-01,215,none,0,0,0.0521
SKU-039,2024-01-08,206,none,0,0,0.0964
SKU-039,2024-01-15,187,none,0,0,0.0939
SKU-039,2024-01-22,227,none,0,0,0.0876
SKU-039,2024-01-29,196,none,0,0,0.1445
SKU-039,2024-02-05,202,none,0,0,0.1582
SKU-039,2024-02-12,206,none,0,0,0.166
SKU-039,2024-02-19,171,none,0,0,0.1174
SKU-039,2024-02-26,229,none,0,0,0.134
SKU-039,2024-03-04,211,none,0,0,0.1945
SKU-039,2024-03-11,182,none,0,0,0.1664
SKU-039,2024-03-18,196,none,0,0,0.1907
SKU-039,2024-03-25,207,none,0,0,0.1997
SKU-039,2024-04-01,154,none,0,0,0.0581
SKU-039,2024-04-08,214,none,0,0,0.1946
SKU-039,2024-04-15,204,none,0,0,0.1974
SKU-039,2024-04-22,173,none,0,0,0.159
SKU-039,2024-04-29,239,none,0,0,0.15
SKU-039,2024-05-06,1484,noise,1,1,-0.1401
SKU-039,2024-05-13,205,none,0,0,0.2024
SKU-039,2024-05-20,202,none,0,0,0.2005
SKU-039,2024-05-27,211,none,0,0,0.2008
SKU-039,2024-06-03,226,none,0,0,0.1802
SKU-039,2024-06-10,188,none,0,0,0.1959
SKU-039,2024-06-17,231,none,0,0,0.1724
SKU-039,2024-06-24,192,none,0,0,0.2026
SKU-039,2024-07-01,476,business,1,1,-0.0727
SKU-039,2024-07-08,200,none,0,0,0.2114
SKU-039,2024-07-15,176,none,0,0,0.1741
SKU-039,2024-07-22,210,none,0,0,0.206
SKU-039,2024-07-29,218,none,0,0,0.1985
SKU-039,2024-08-05,189,none,0,0,0.1969
SKU-039,2024-08-12,221,none,0,0,0.195
SKU-039,2024-08-19,228,none,0,0,0.1937
SKU-039,2024-08-26,216,none,0,0,0.1944
SKU-039,2024-09-02,181,none,0,0,0.1826
SKU-039,2024-09-09,179,none,0,0,0.1908
SKU-039,2024-09-16,167,none,0,0,0.1485
SKU-039,2024-09-23,224,none,0,0,0.1724
SKU-039,2024-09-30,245,none,0,0,0.1022
SKU-039,2024-10-07,165,none,0,0,0.1337
SKU-039,2024-10-14,166,none,0,0,0.1434
SKU-039,2024-10-21,213,none,0,0,0.1846
SKU-039,2024-10-28,212,none,0,0,0.1778
SKU-039,2024-11-04,193,none,0,0,0.1744
SKU-039,2024-11-11,200,none,0,0,0.1798
SKU-039,2024-11-18,226,none,0,0,0.1459
SKU-039,2024-11-25,197,none,0,0,0.161
SKU-039,2024-12-02,210,none,0,0,0.1484
SKU-039,2024-12-09,215,none,0,0,0.1238
SKU-039,2024-12-16,214,none,0,0,0.1185
SKU-039,2024-12-23,210,none,0,0,0.1005
SKU-039,2024-12-30,181,none,0,0,0.0652
SKU-040,2022-02-07,220,none,0,0,0.1255
SKU-040,2022-02-14,199,none,0,0,0.152
SKU-040,2022-02-21,189,none,0,0,0.1396
SKU-040,2022-02-28,198,none,0,0,0.1634
SKU-040,2022-03-07,182,none,0,0,0.1352
SKU-040,2022-03-14,215,none,0,0,0.1657
SKU-040,2022-03-21,241,none,0,0,0.0989
SKU-040,2022-03-28,196,none,0,0,0.1738
SKU-040,2022-04-04,229,none,0,0,0.1503
SKU-040,2022-04-11,226,none,0,0,0.1573
SKU-040,2022-04-18,197,none,0,0,0.1712
SKU-040,2022-04-25,167,none,0,0,0.1002
SKU-040,2022-05-02,183,none,0,0,0.1595
SKU-040,2022-05-09,159,none,0,0,0.0564
SKU-040,2022-05-16,217,none,0,0,0.1735
SKU-040,2022-05-23,178,none,0,0,0.151
SKU-040,2022-05-30,221,none,0,0,0.1639
SKU-040,2022-06-06,221,none,0,0,0.1581
SKU-040,2022-06-13,216,none,0,0,0.1751
SKU-040,2022-06-20,182,none,0,0,0.1574
SKU-040,2022-06-27,197,none,0,0,0.1789
SKU-040,2022-07-04,184,none,0,0,0.141
SKU-040,2022-07-11,223,none,0,0,0.1499
SKU-040,2022-07-18,207,none,0,0,0.1765
SKU-040,2022-07-25,204,none,0,0,0.1687
SKU-040,2022-08-01,192,none,0,0,0.167
SKU-040,2022-08-08,244,none,0,0,0.0509
SKU-040,2022-08-15,205,none,0,0,0.1733
SKU-040,2022-08-22,201,none,0,0,0.1734
SKU-040,2022-08-29,182,none,0,0,0.1363
SKU-040,2022-09-05,205,none,0,0,0.1789
SKU-040,2022-09-12,205,none,0,0,0.1813
SKU-040,2022-09-19,198,none,0,0,0.1753
SKU-040,2022-09-26,201,none,0,0,0.1783
SKU-040,2022-10-03,229,none,0,0,0.1133
SKU-040,2022-10-10,171,none,0,0,0.0821
SKU-040,2022-10-17,191,none,0,0,0.1663
SKU-040,2022-10-24,200,none,0,0,0.1703
SKU-040,2022-10-31,221,none,0,0,0.1385
SKU-040,2022-11-07,207,none,0,0,0.1694
SKU-040,2022-11-14,206,none,0,0,0.1638
SKU-040,2022-11-21,198,none,0,0,0.1604
SKU-040,2022-11-28,174,none,0,0,0.0931
SKU-040,2022-12-05,162,none,0,0,0.0308
SKU-040,2022-12-12,207,none,0,0,0.1198
SKU-040,2022-12-19,189,none,0,0,0.1018
SKU-040,2022-12-26,196,none,0,0,0.0844
SKU-040,2023-01-02,189,none,0,0,0.0588
SKU-040,2023-01-09,204,none,0,0,0.0837
SKU-040,2023-01-16,200,none,0,0,0.1107
SKU-040,2023-01-23,205,none,0,0,0.1064
SKU-040,2023-01-30,144,none,0,1,-0.0287
SKU-040,2023-02-06,213,none,0,0,0.1384
SKU-040,2023-02-13,247,none,0,0,0.0511
SKU-040,2023-02-20,174,none,0,0,0.0976
SKU-040,2023-02-27,209,none,0,0,0.1642
SKU-040,2023-03-06,233,none,0,0,0.1129
SKU-040,2023-03-13,165,none,0,0,0.0709
SKU-040,2023-03-20,225,none,0,0,0.1549
SKU-040,2023-03-27,183,none,0,0,0.1476
SKU-040,2023-04-03,218,none,0,0,0.1712
SKU-040,2023-04-10,191,none,0,0,0.1621
SKU-040,2023-04-17,208,none,0,0,0.1702
SKU-040,2023-04-24,214,none,0,0,0.1697
SKU-040,2023-05-01,170,none,0,0,0.1235
SKU-040,2023-05-08,205,none,0,0,0.1559
SKU-040,2023-05-15,214,none,0,0,0.1753
SKU-040,2023-05-22,190,none,0,0,0.1677
SKU-040,2023-05-29,235,none,0,0,0.1076
SKU-040,2023-06-05,186,none,0,0,0.1565
SKU-040,2023-06-12,198,none,0,0,0.1778
SKU-040,2023-06-19,201,none,0,0,0.1758
SKU-040,2023-06-26,178,none,0,0,0.1339
SKU-040,2023-07-03,211,none,0,0,0.1689
SKU-040,2023-07-10,208,none,0,0,0.181
SKU-040,2023-07-17,237,none,0,0,0.1015
SKU-040,2023-07-24,219,none,0,0,0.1576
SKU-040,2023-07-31,183,none,0,0,0.1437
SKU-040,2023-08-07,194,none,0,0,0.1682
SKU-040,2023-08-14,181,none,0,0,0.1287
SKU-040,2023-08-21,218,none,0,0,0.1548
SKU-040,2023-08-28,188,none,0,0,0.1562
SKU-040,2023-09-04,189,none,0,0,0.158
SKU-040,2023-09-11,191,none,0,0,0.1647
SKU-040,2023-09-18,206,none,0,0,0.1788
SKU-040,2023-09-25,193,none,0,0,0.1691
SKU-040,2023-10-02,206,none,0,0,0.1786
SKU-040,2023-10-09,206,none,0,0,0.1759
SKU-040,2023-10-16,210,none,0,0,0.1586
SKU-040,2023-10-23,185,none,0,0,0.1461
SKU-040,2023-10-30,191,none,0,0,0.1631
SKU-040,2023-11-06,206,none,0,0,0.172
SKU-040,2023-11-13,199,none,0,0,0.1613
SKU-040,2023-11-20,202,none,0,0,0.1602
SKU-040,2023-11-27,197,none,0,0,0.1476
SKU-040,2023-12-04,1860,noise,1,1,-0.2581
SKU-040,2023-12-11,218,none,0,0,0.1053
SKU-040,2023-12-18,178,none,0,0,0.0685
SKU-040,2023-12-25,215,none,0,0,0.0507
SKU-040,2024-01-01,177,none,0,0,0.0317
SKU-040,2024-01-08,172,none,0,0,0.0254
SKU-040,2024-01-15,213,none,0,0,0.0898
SKU-040,2024-01-22,194,none,0,0,0.1126
SKU-040,2024-01-29,193,none,0,0,0.1289
SKU-040,2024-02-05,371,business,1,1,-0.1113
SKU-040,2024-02-12,198,none,0,0,0.1531
SKU-040,2024-02-19,215,none,0,0,0.1517
SKU-040,2024-02-26,216,none,0,0,0.1649
SKU-040,2024-03-04,212,none,0,0,0.1681
SKU-040,2024-03-11,192,none,0,0,0.1583
SKU-040,2024-03-18,212,none,0,0,0.1671
SKU-040,2024-03-25,210,none,0,0,0.1718
SKU-040,2024-04-01,227,none,0,0,0.1626
SKU-040,2024-04-08,248,none,0,0,0.0722
SKU-040,2024-04-15,209,none,0,0,0.1706
SKU-040,2024-04-22,199,none,0,0,0.1736
SKU-040,2024-04-29,192,none,0,0,0.171
SKU-040,2024-05-06,396,business,1,1,-0.0965
SKU-040,2024-05-13,171,none,0,0,0.1258
SKU-040,2024-05-20,191,none,0,0,0.1734
SKU-040,2024-05-27,215,none,0,0,0.1735
SKU-040,2024-06-03,199,none,0,0,0.1735
SKU-040,2024-06-10,169,none,0,0,0.0949
SKU-040,2024-06-17,185,none,0,0,0.1634
SKU-040,2024-06-24,240,none,0,0,0.0971
SKU-040,2024-07-01,208,none,0,0,0.1765
SKU-040,2024-07-08,241,none,0,0,0.0967
SKU-040,2024-07-15,206,none,0,0,0.1759
SKU-040,2024-07-22,184,none,0,0,0.1375
SKU-040,2024-07-29,216,none,0,0,0.1574
SKU-040,2024-08-05,193,none,0,0,0.1682
SKU-040,2024-08-12,209,none,0,0,0.169
SKU-040,2024-08-19,190,none,0,0,0.1644
SKU-040,2024-08-26,204,none,0,0,0.1735
SKU-040,2024-09-02,197,none,0,0,0.1786
SKU-040,2024-09-09,219,none,0,0,0.1552
SKU-040,2024-09-16,208,none,0,0,0.1737
SKU-040,2024-09-23,216,none,0,0,0.1587
SKU-040,2024-09-30,194,none,0,0,0.1767
SKU-040,2024-10-07,219,none,0,0,0.1566
SKU-040,2024-10-14,182,none,0,0,0.1365
SKU-040,2024-10-21,205,none,0,0,0.1722
SKU-040,2024-10-28,227,none,0,0,0.1184
SKU-040,2024-11-04,194,none,0,0,0.1638
SKU-040,2024-11-11,520,business,1,1,-0.1349
SKU-040,2024-11-18,223,none,0,0,0.1146
SKU-040,2024-11-25,219,none,0,0,0.1315
SKU-040,2024-12-02,180,none,0,0,0.1115
SKU-040,2024-12-09,190,none,0,0,0.1206
SKU-040,2024-12-16,219,none,0,0,0.0846
SKU-040,2024-12-23,191,none,0,0,0.0806
SKU-040,2024-12-30,203,none,0,0,0.0577
SKU-041,2022-02-07,12,none,0,0,0.1372
SKU-041,2022-02-14,13,none,0,0,0.1336
SKU-041,2022-02-21,14,none,0,0,0.1195
SKU-041,2022-02-28,11,none,0,0,0.1629
SKU-041,2022-03-07,20,business,1,1,-0.0488
SKU-041,2022-03-14,10,none,0,0,0.1761
SKU-041,2022-03-21,12,none,0,0,0.1447
SKU-041,2022-03-28,11,none,0,0,0.1732
SKU-041,2022-04-04,72,noise,1,1,-0.2242
SKU-041,2022-04-11,10,none,0,0,0.1931
SKU-041,2022-04-18,11,none,0,0,0.1667
SKU-041,2022-04-25,11,none,0,0,0.1705
SKU-041,2022-05-02,11,none,0,0,0.1705
SKU-041,2022-05-09,9,none,0,0,0.1546
SKU-041,2022-05-16,10,none,0,0,0.1901
SKU-041,2022-05-23,12,none,0,0,0.1047
SKU-041,2022-05-30,6,none,0,0,0.0774
SKU-041,2022-06-06,8,none,0,0,0.1576
SKU-041,2022-06-13,7,none,0,0,0.157
SKU-041,2022-06-20,7,none,0,0,0.1695
SKU-041,2022-06-27,7,none,0,0,0.1676
SKU-041,2022-07-04,6,none,0,0,0.0762
SKU-041,2022-07-11,9,none,0,0,0.1318
SKU-041,2022-07-18,6,none,0,0,0.0673
SKU-041,2022-07-25,7,none,0,0,0.1601
SKU-041,2022-08-01,7,none,0,0,0.1641
SKU-041,2022-08-08,7,none,0,0,0.1694
SKU-041,2022-08-15,7,none,0,0,0.167
SKU-041,2022-08-22,8,none,0,0,0.1556
SKU-041,2022-08-29,7,none,0,0,0.1321
SKU-041,2022-09-05,10,none,0,0,0.1586
SKU-041,2022-09-12,10,none,0,0,0.1844
SKU-041,2022-09-19,10,none,0,0,0.1903
SKU-041,2022-09-26,10,none,0,0,0.1883
SKU-041,2022-10-03,10,none,0,0,0.1872
SKU-041,2022-10-10,10,none,0,0,0.184
SKU-041,2022-10-17,10,none,0,0,0.1783
SKU-041,2022-10-24,8,none,0,0,0.1019
SKU-041,2022-10-31,11,none,0,0,0.1336
SKU-041,2022-11-07,13,none,0,0,0.1226
SKU-041,2022-11-14,16,none,0,1,-0.0329
SKU-041,2022-11-21,13,none,0,0,0.1195
SKU-041,2022-11-28,14,none,0,0,0.1229
SKU-041,2022-12-05,14,none,0,0,0.1203
SKU-041,2022-12-12,12,none,0,0,0.0984
SKU-041,2022-12-19,14,none,0,0,0.1017
SKU-041,2022-12-26,14,none,0,0,0.0636
SKU-041,2023-01-02,14,none,0,0,0.0697
SKU-041,2023-01-09,14,none,0,0,0.0853
SKU-041,2023-01-16,13,none,0,0,0.0847
SKU-041,2023-01-23,14,none,0,0,0.1147
SKU-041,2023-01-30,14,none,0,0,0.1246
SKU-041,2023-02-06,11,none,0,0,0.0966
SKU-041,2023-02-13,13,none,0,0,0.1336
SKU-041,2023-02-20,12,none,0,0,0.1464
SKU-041,2023-02-27,11,none,0,0,0.1629
SKU-041,2023-03-06,12,none,0,0,0.1618
SKU-041,2023-03-13,9,none,0,0,0.1225
SKU-041,2023-03-20,11,none,0,0,0.1705
SKU-041,2023-03-27,8,none,0,0,0.097
SKU-041,2023-04-03,10,none,0,0,0.1897
SKU-041,2023-04-10,10,none,0,0,0.1931
SKU-041,2023-04-17,10,none,0,0,0.1865
SKU-041,2023-04-24,10,none,0,0,0.1924
SKU-041,2023-05-01,10,none,0,0,0.1891
SKU-041,2023-05-08,11,none,0,0,0.165
SKU-041,2023-05-15,21,business,1,1,-0.0782
SKU-041,2023-05-22,10,none,0,0,0.1783
SKU-041,2023-05-29,8,none,0,0,0.1499
SKU-041,2023-06-05,6,none,0,0,0.093
SKU-041,2023-06-12,6,none,0,0,0.0879
SKU-041,2023-06-19,7,none,0,0,0.1695
SKU-041,2023-06-26,8,none,0,0,0.168
SKU-041,2023-07-03,7,none,0,0,0.156
SKU-041,2023-07-10,7,none,0,0,0.158
SKU-041,2023-07-17,8,none,0,0,0.1745
SKU-041,2023-07-24,8,none,0,0,0.1666
SKU-041,2023-07-31,8,none,0,0,0.1605
SKU-041,2023-08-07,7,none,0,0,0.1694
SKU-041,2023-08-14,6,none,0,0,0.04
SKU-041,2023-08-21,7,none,0,0,0.1479
SKU-041,2023-08-28,7,none,0,0,0.1321
SKU-041,2023-09-04,12,none,0,0,0.1202
SKU-041,2023-09-11,13,none,0,0,0.0769
SKU-041,2023-09-18,10,none,0,0,0.1903
SKU-041,2023-09-25,11,none,0,0,0.1424
SKU-041,2023-10-02,10,none,0,0,0.1872
SKU-041,2023-10-09,11,none,0,0,0.1458
SKU-041,2023-10-16,10,none,0,0,0.1783
SKU-041,2023-10-23,10,none,0,0,0.1632
SKU-041,2023-10-30,9,none,0,0,0.138
SKU-041,2023-11-06,14,none,0,0,0.0798
SKU-041,2023-11-13,13,none,0,0,0.1341
SKU-041,2023-11-20,14,none,0,0,0.1059
SKU-041,2023-11-27,14,none,0,0,0.1229
SKU-041,2023-12-04,12,none,0,0,0.1081
SKU-041,2023-12-11,15,none,0,0,0.0103
SKU-041,2023-12-18,12,none,0,0,0.0712
SKU-041,2023-12-25,13,none,0,0,0.0255
SKU-041,2024-01-01,13,none,0,0,0.0237
SKU-041,2024-01-08,16,none,0,1,-0.0117
SKU-041,2024-01-15,12,none,0,0,0.0742
SKU-041,2024-01-22,14,none,0,0,0.1147
SKU-041,2024-01-29,14,none,0,0,0.1246
SKU-041,2024-02-05,15,none,0,0,0.0499
SKU-041,2024-02-12,12,none,0,0,0.1434
SKU-041,2024-02-19,14,none,0,0,0.1195
SKU-041,2024-02-26,11,none,0,0,0.1629
SKU-041,2024-03-04,10,none,0,0,0.1554
SKU-041,2024-03-11,10,none,0,0,0.1761
SKU-041,2024-03-18,11,none,0,0,0.1705
SKU-041,2024-03-25,10,none,0,0,0.1836
SKU-041,2024-04-01,11,none,0,0,0.1748
SKU-041,2024-04-08,10,none,0,0,0.1931
SKU-041,2024-04-15,9,none,0,0,0.1431
SKU-041,2024-04-22,10,none,0,0,0.1924
SKU-041,2024-04-29,8,none,0,0,0.1302
SKU-041,2024-05-06,10,none,0,0,0.1897
SKU-041,2024-05-13,10,none,0,0,0.1901
SKU-041,2024-05-20,10,none,0,0,0.1783
SKU-041,2024-05-27,7,none,0,0,0.1305
SKU-041,2024-06-03,7,none,0,0,0.149
SKU-041,2024-06-10,9,none,0,0,0.1342
SKU-041,2024-06-17,8,none,0,0,0.1639
SKU-041,2024-06-24,7,none,0,0,0.1676
SKU-041,2024-07-01,8,none,0,0,0.1679
SKU-041,2024-07-08,8,none,0,0,0.1775
SKU-041,2024-07-15,8,none,0,0,0.1745
SKU-041,2024-07-22,7,none,0,0,0.1601
SKU-041,2024-07-29,7,none,0,0,0.1641
SKU-041,2024-08-05,10,none,0,0,0.1321
SKU-041,2024-08-12,7,none,0,0,0.167
SKU-041,2024-08-19,8,none,0,0,0.1556
SKU-041,2024-08-26,7,none,0,0,0.1321
SKU-041,2024-09-02,12,none,0,0,0.1202
SKU-041,2024-09-09,10,none,0,0,0.1844
SKU-041,2024-09-16,10,none,0,0,0.1903
SKU-041,2024-09-23,8,none,0,0,0.1057
SKU-041,2024-09-30,10,none,0,0,0.1872
SKU-041,2024-10-07,9,none,0,0,0.1341
SKU-041,2024-10-14,9,none,0,0,0.1395
SKU-041,2024-10-21,8,none,0,0,0.1019
SKU-041,2024-10-28,9,none,0,0,0.138
SKU-041,2024-11-04,12,none,0,0,0.1232
SKU-041,2024-11-11,13,none,0,0,0.1341
SKU-041,2024-11-18,11,none,0,0,0.0992
SKU-041,2024-11-25,12,none,0,0,0.1141
SKU-041,2024-12-02,14,none,0,0,0.1203
SKU-041,2024-12-09,14,none,0,0,0.1038
SKU-041,2024-12-16,14,none,0,0,0.1017
SKU-041,2024-12-23,14,none,0,0,0.0636
SKU-041,2024-12-30,14,none,0,0,0.0697
SKU-042,2022-02-07,10,none,0,0,0.151
SKU-042,2022-02-14,8,none,0,0,0.0377
SKU-042,2022-02-21,9,none,0,0,0.1233
SKU-042,2022-02-28,10,none,0,0,0.1765
SKU-042,2022-03-07,10,none,0,0,0.1769
SKU-042,2022-03-14,11,none,0,0,0.108
SKU-042,2022-03-21,8,none,0,0,0.0601
SKU-042,2022-03-28,10,none,0,0,0.1737
SKU-042,2022-04-04,10,none,0,0,0.1807
SKU-042,2022-04-11,10,none,0,0,0.186
SKU-042,2022-04-18,9,none,0,0,0.1533
SKU-042,2022-04-25,11,none,0,0,0.1417
SKU-042,2022-05-02,10,none,0,0,0.171
SKU-042,2022-05-09,11,none,0,0,0.1425
SKU-042,2022-05-16,12,none,0,0,0.0369
SKU-042,2022-05-23,10,none,0,0,0.1847
SKU-042,2022-05-30,10,none,0,0,0.1808
SKU-042,2022-06-06,10,none,0,0,0.1828
SKU-042,2022-06-13,8,none,0,0,0.0551
SKU-042,2022-06-20,10,none,0,0,0.1745
SKU-042,2022-06-27,11,none,0,0,0.1614
SKU-042,2022-07-04,9,none,0,0,0.1433
SKU-042,2022-07-11,11,none,0,0,0.1675
SKU-042,2022-07-18,10,none,0,0,0.1918
SKU-042,2022-07-25,9,none,0,0,0.1417
SKU-042,2022-08-01,10,none,0,0,0.184
SKU-042,2022-08-08,10,none,0,0,0.1843
SKU-042,2022-08-15,8,none,0,0,0.0467
SKU-042,2022-08-22,11,none,0,0,0.1449
SKU-042,2022-08-29,11,none,0,0,0.1412
SKU-042,2022-09-05,10,none,0,0,0.1824
SKU-042,2022-09-12,10,none,0,0,0.1763
SKU-042,2022-09-19,9,none,0,0,0.1227
SKU-042,2022-09-26,9,none,0,0,0.1349
SKU-042,2022-10-03,11,none,0,0,0.1413
SKU-042,2022-10-10,12,none,0,0,0.0289
SKU-042,2022-10-17,11,none,0,0,0.1432
SKU-042,2022-10-24,11,none,0,0,0.1521
SKU-042,2022-10-31,10,none,0,0,0.1569
SKU-042,2022-11-07,11,none,0,0,0.1426
SKU-042,2022-11-14,10,none,0,0,0.1581
SKU-042,2022-11-21,10,none,0,0,0.1558
SKU-042,2022-11-28,10,none,0,0,0.1411
SKU-042,2022-12-05,10,none,0,0,0.1204
SKU-042,2022-12-12,11,none,0,0,0.0795
SKU-042,2022-12-19,10,none,0,0,0.1082
SKU-042,2022-12-26,10,none,0,0,0.0743
SKU-042,2023-01-02,11,none,0,0,0.0044
SKU-042,2023-01-09,9,none,0,0,0.0812
SKU-042,2023-01-16,9,none,0,0,0.0694
SKU-042,2023-01-23,11,none,0,0,0.0761
SKU-042,2023-01-30,11,none,0,0,0.0948
SKU-042,2023-02-06,10,none,0,0,0.151
SKU-042,2023-02-13,12,none,0,0,0.0216
SKU-042,2023-02-20,10,none,0,0,0.1565
SKU-042,2023-02-27,10,none,0,0,0.1765
SKU-042,2023-03-06,10,none,0,0,0.1769
SKU-042,2023-03-13,9,none,0,0,0.1404
SKU-042,2023-03-20,10,none,0,0,0.1782
SKU-042,2023-03-27,9,none,0,0,0.1609
SKU-042,2023-04-03,10,none,0,0,0.1807
SKU-042,2023-04-10,10,none,0,0,0.186
SKU-042,2023-04-17,12,none,0,0,0.0365
SKU-042,2023-04-24,11,none,0,0,0.1417
SKU-042,2023-05-01,8,none,0,0,0.0747
SKU-042,2023-05-08,10,none,0,0,0.1766
SKU-042,2023-05-15,10,none,0,0,0.1815
SKU-042,2023-05-22,10,none,0,0,0.1847
SKU-042,2023-05-29,9,none,0,0,0.1339
SKU-042,2023-06-05,10,none,0,0,0.1828
SKU-042,2023-06-12,11,none,0,0,0.1571
SKU-042,2023-06-19,11,none,0,0,0.1589
SKU-042,2023-06-26,9,none,0,0,0.1475
SKU-042,2023-07-03,11,none,0,0,0.1648
SKU-042,2023-07-10,11,none,0,0,0.1675
SKU-042,2023-07-17,9,none,0,0,0.1473
SKU-042,2023-07-24,10,none,0,0,0.1901
SKU-042,2023-07-31,11,none,0,0,0.1443
SKU-042,2023-08-07,12,none,0,0,0.0584
SKU-042,2023-08-14,10,none,0,0,0.1747
SKU-042,2023-08-21,8,none,0,0,0.0371
SKU-042,2023-08-28,9,none,0,0,0.1251
SKU-042,2023-09-04,10,none,0,0,0.1824
SKU-042,2023-09-11,11,none,0,0,0.1312
SKU-042,2023-09-18,10,none,0,0,0.1716
SKU-042,2023-09-25,10,none,0,0,0.1647
SKU-042,2023-10-02,9,none,0,0,0.1015
SKU-042,2023-10-09,11,none,0,0,0.1552
SKU-042,2023-10-16,10,none,0,0,0.1654
SKU-042,2023-10-23,10,none,0,0,0.1477
SKU-042,2023-10-30,10,none,0,0,0.1569
SKU-042,2023-11-06,9,none,0,0,0.0596
SKU-042,2023-11-13,11,none,0,0,0.1067
SKU-042,2023-11-20,10,none,0,0,0.1558
SKU-042,2023-11-27,10,none,0,0,0.1411
SKU-042,2023-12-04,12,none,0,0,0.0093
SKU-042,2023-12-11,11,none,0,0,0.0795
SKU-042,2023-12-18,10,none,0,0,0.1082
SKU-042,2023-12-25,10,none,0,0,0.0743
SKU-042,2024-01-01,10,none,0,0,0.0255
SKU-042,2024-01-08,9,none,0,0,0.0812
SKU-042,2024-01-15,12,none,0,1,-0.005
SKU-042,2024-01-22,8,none,0,1,-0.0051
SKU-042,2024-01-29,10,none,0,0,0.1263
SKU-042,2024-02-05,9,none,0,0,0.1056
SKU-042,2024-02-12,9,none,0,0,0.1221
SKU-042,2024-02-19,24,business,1,1,-0.1695
SKU-042,2024-02-26,11,none,0,0,0.1093
SKU-042,2024-03-04,10,none,0,0,0.1769
SKU-042,2024-03-11,10,none,0,0,0.1732
SKU-042,2024-03-18,9,none,0,0,0.1525
SKU-042,2024-03-25,9,none,0,0,0.1609
SKU-042,2024-04-01,9,none,0,0,0.1521
SKU-042,2024-04-08,8,none,0,0,0.0902
SKU-042,2024-04-15,8,none,0,0,0.0882
SKU-042,2024-04-22,9,none,0,0,0.16
SKU-042,2024-04-29,9,none,0,0,0.1543
SKU-042,2024-05-06,11,none,0,0,0.1425
SKU-042,2024-05-13,9,none,0,0,0.1441
SKU-042,2024-05-20,9,none,0,0,0.1385
SKU-042,2024-05-27,10,none,0,0,0.1808
SKU-042,2024-06-03,10,none,0,0,0.1828
SKU-042,2024-06-10,11,none,0,0,0.1571
SKU-042,2024-06-17,9,none,0,0,0.1426
SKU-042,2024-06-24,8,none,0,0,0.0551
SKU-042,2024-07-01,24,business,1,1,-0.1736
SKU-042,2024-07-08,10,none,0,0,0.1851
SKU-042,2024-07-15,10,none,0,0,0.1918
SKU-042,2024-07-22,10,none,0,0,0.1901
SKU-042,2024-07-29,10,none,0,0,0.184
SKU-042,2024-08-05,9,none,0,0,0.1285
SKU-042,2024-08-12,12,none,0,0,0.0589
SKU-042,2024-08-19,11,none,0,0,0.1449
SKU-042,2024-08-26,10,none,0,0,0.1735
SKU-042,2024-09-02,10,none,0,0,0.1824
SKU-042,2024-09-09,9,none,0,0,0.123
SKU-042,2024-09-16,10,none,0,0,0.1716
SKU-042,2024-09-23,9,none,0,0,0.1349
SKU-042,2024-09-30,10,none,0,0,0.1646
SKU-042,2024-10-07,11,none,0,0,0.1552
SKU-042,2024-10-14,10,none,0,0,0.1654
SKU-042,2024-10-21,11,none,0,0,0.1521
SKU-042,2024-10-28,11,none,0,0,0.1367
SKU-042,2024-11-04,11,none,0,0,0.1426
SKU-042,2024-11-11,10,none,0,0,0.1581
SKU-042,2024-11-18,10,none,0,0,0.1558
SKU-042,2024-11-25,12,none,0,0,0.0095
SKU-042,2024-12-02,11,none,0,0,0.0708
SKU-042,2024-12-09,9,none,0,0,0.0216
SKU-042,2024-12-16,8,none,0,1,-0.0662
SKU-042,2024-12-23,10,none,0,0,0.0743
SKU-042,2024-12-30,9,none,0,0,0.0272
SKU-043,2022-02-07,9,none,0,0,0.1739
SKU-043,2022-02-14,9,none,0,0,0.1982
SKU-043,2022-02-21,9,none,0,0,0.1957
SKU-043,2022-02-28,10,none,0,0,0.252
SKU-043,2022-03-07,10,none,0,0,0.2541
SKU-043,2022-03-14,11,none,0,0,0.2184
SKU-043,2022-03-21,8,none,0,0,0.1236
SKU-043,2022-03-28,12,none,0,0,0.1815
SKU-043,2022-04-04,10,none,0,0,0.2613
SKU-043,2022-04-11,22,business,1,1,-0.0118
SKU-043,2022-04-18,11,none,0,0,0.2407
SKU-043,2022-04-25,9,none,0,0,0.2261
SKU-043,2022-05-02,9,none,0,0,0.2276
SKU-043,2022-05-09,10,none,0,0,0.2655
SKU-043,2022-05-16,11,none,0,0,0.2473
SKU-043,2022-05-23,10,none,0,0,0.2592
SKU-043,2022-05-30,10,none,0,0,0.2534
SKU-043,2022-06-06,9,none,0,0,0.2172
SKU-043,2022-06-13,8,none,0,0,0.1337
SKU-043,2022-06-20,11,none,0,0,0.2337
SKU-043,2022-06-27,11,none,0,0,0.2265
SKU-043,2022-07-04,9,none,0,0,0.2132
SKU-043,2022-07-11,10,none,0,0,0.2587
SKU-043,2022-07-18,9,none,0,0,0.2168
SKU-043,2022-07-25,10,none,0,0,0.2533
SKU-043,2022-08-01,10,none,0,0,0.2618
SKU-043,2022-08-08,8,none,0,0,0.1275
SKU-043,2022-08-15,10,none,0,0,0.267
SKU-043,2022-08-22,10,none,0,0,0.2631
SKU-043,2022-08-29,11,none,0,0,0.2043
SKU-043,2022-09-05,10,none,0,0,0.2571
SKU-043,2022-09-12,10,none,0,0,0.2568
SKU-043,2022-09-19,10,none,0,0,0.2551
SKU-043,2022-09-26,9,none,0,0,0.2408
SKU-043,2022-10-03,10,none,0,0,0.2545
SKU-043,2022-10-10,10,none,0,0,0.2584
SKU-043,2022-10-17,9,none,0,0,0.2341
SKU-043,2022-10-24,11,none,0,0,0.1937
SKU-043,2022-10-31,9,none,0,0,0.2183
SKU-043,2022-11-07,10,none,0,0,0.2332
SKU-043,2022-11-14,11,none,0,0,0.1932
SKU-043,2022-11-21,10,none,0,0,0.2205
SKU-043,2022-11-28,10,none,0,0,0.2161
SKU-043,2022-12-05,11,none,0,0,0.1821
SKU-043,2022-12-12,9,none,0,0,0.1263
SKU-043,2022-12-19,12,none,0,0,0.12
SKU-043,2022-12-26,10,none,0,0,0.15
SKU-043,2023-01-02,9,none,0,0,0.0789
SKU-043,2023-01-09,11,none,0,0,0.1516
SKU-043,2023-01-16,10,none,0,0,0.1592
SKU-043,2023-01-23,23,business,1,1,-0.0214
SKU-043,2023-01-30,11,none,0,0,0.1917
SKU-043,2023-02-06,12,none,0,0,0.1468
SKU-043,2023-02-13,10,none,0,0,0.2206
SKU-043,2023-02-20,10,none,0,0,0.2379
SKU-043,2023-02-27,10,none,0,0,0.252
SKU-043,2023-03-06,10,none,0,0,0.2541
SKU-043,2023-03-13,10,none,0,0,0.2541
SKU-043,2023-03-20,9,none,0,0,0.2017
SKU-043,2023-03-27,9,none,0,0,0.2036
SKU-043,2023-04-03,10,none,0,0,0.2613
SKU-043,2023-04-10,10,none,0,0,0.2632
SKU-043,2023-04-17,9,none,0,0,0.2178
SKU-043,2023-04-24,11,none,0,0,0.2483
SKU-043,2023-05-01,9,none,0,0,0.2276
SKU-043,2023-05-08,11,none,0,0,0.246
SKU-043,2023-05-15,10,none,0,0,0.2652
SKU-043,2023-05-22,12,none,0,0,0.1773
SKU-043,2023-05-29,10,none,0,0,0.2534
SKU-043,2023-06-05,11,none,0,0,0.2317
SKU-043,2023-06-12,10,none,0,0,0.2582
SKU-043,2023-06-19,10,none,0,0,0.2609
SKU-043,2023-06-26,10,none,0,0,0.263
SKU-043,2023-07-03,10,none,0,0,0.2568
SKU-043,2023-07-10,11,none,0,0,0.2251
SKU-043,2023-07-17,11,none,0,0,0.2231
SKU-043,2023-07-24,10,none,0,0,0.2533
SKU-043,2023-07-31,12,none,0,0,0.1502
SKU-043,2023-08-07,10,none,0,0,0.2663
SKU-043,2023-08-14,10,none,0,0,0.267
SKU-043,2023-08-21,10,none,0,0,0.2631
SKU-043,2023-08-28,26,business,1,1,-0.054
SKU-043,2023-09-04,9,none,0,0,0.2132
SKU-043,2023-09-11,10,none,0,0,0.2568
SKU-043,2023-09-18,12,none,0,0,0.1312
SKU-043,2023-09-25,9,none,0,0,0.2408
SKU-043,2023-10-02,11,none,0,0,0.1975
SKU-043,2023-10-09,10,none,0,0,0.2584
SKU-043,2023-10-16,10,none,0,0,0.2452
SKU-043,2023-10-23,9,none,0,0,0.2328
SKU-043,2023-10-30,80,noise,1,1,-0.1342
SKU-043,2023-11-06,9,none,0,0,0.2123
SKU-043,2023-11-13,9,none,0,0,0.1999
SKU-043,2023-11-20,10,none,0,0,0.2205
SKU-043,2023-11-27,9,none,0,0,0.1705
SKU-043,2023-12-04,11,none,0,0,0.1821
SKU-043,2023-12-11,10,none,0,0,0.1944
SKU-043,2023-12-18,12,none,0,0,0.12
SKU-043,2023-12-25,10,none,0,0,0.15
SKU-043,2024-01-01,11,none,0,0,0.1164
SKU-043,2024-01-08,12,none,0,0,0.1169
SKU-043,2024-01-15,17,business,1,0,0.0105
SKU-043,2024-01-22,12,none,0,0,0.1343
SKU-043,2024-01-29,10,none,0,0,0.2022
SKU-043,2024-02-05,11,none,0,0,0.1992
SKU-043,2024-02-12,9,none,0,0,0.1982
SKU-043,2024-02-19,8,none,0,0,0.1141
SKU-043,2024-02-26,11,none,0,0,0.2174
SKU-043,2024-03-04,11,none,0,0,0.2195
SKU-043,2024-03-11,10,none,0,0,0.2541
SKU-043,2024-03-18,10,none,0,0,0.2513
SKU-043,2024-03-25,10,none,0,0,0.2558
SKU-043,2024-04-01,10,none,0,0,0.2613
SKU-043,2024-04-08,12,none,0,0,0.2002
SKU-043,2024-04-15,10,none,0,0,0.2623
SKU-043,2024-04-22,12,none,0,0,0.1968
SKU-043,2024-04-29,11,none,0,0,0.2417
SKU-043,2024-05-06,10,none,0,0,0.2655
SKU-043,2024-05-13,10,none,0,0,0.2652
SKU-043,2024-05-20,88,noise,1,1,-0.1392
SKU-043,2024-05-27,11,none,0,0,0.2258
SKU-043,2024-06-03,10,none,0,0,0.2573
SKU-043,2024-06-10,9,none,0,0,0.2244
SKU-043,2024-06-17,11,none,0,0,0.2337
SKU-043,2024-06-24,9,none,0,0,0.2203
SKU-043,2024-07-01,10,none,0,0,0.2568
SKU-043,2024-07-08,8,none,0,0,0.1324
SKU-043,2024-07-15,9,none,0,0,0.2168
SKU-043,2024-07-22,10,none,0,0,0.2533
SKU-043,2024-07-29,10,none,0,0,0.2618
SKU-043,2024-08-05,11,none,0,0,0.2207
SKU-043,2024-08-12,11,none,0,0,0.22
SKU-043,2024-08-19,12,none,0,0,0.1593
SKU-043,2024-08-26,10,none,0,0,0.2521
SKU-043,2024-09-02,10,none,0,0,0.2571
SKU-043,2024-09-09,10,none,0,0,0.2568
SKU-043,2024-09-16,9,none,0,0,0.2265
SKU-043,2024-09-23,10,none,0,0,0.2563
SKU-043,2024-09-30,9,none,0,0,0.2341
SKU-043,2024-10-07,8,none,0,0,0.1277
SKU-043,2024-10-14,9,none,0,0,0.2341
SKU-043,2024-10-21,9,none,0,0,0.2328
SKU-043,2024-10-28,11,none,0,0,0.1921
SKU-043,2024-11-04,10,none,0,0,0.2332
SKU-043,2024-11-11,11,none,0,0,0.1932
SKU-043,2024-11-18,9,none,0,0,0.1864
SKU-043,2024-11-25,10,none,0,0,0.2161
SKU-043,2024-12-02,10,none,0,0,0.2015
SKU-043,2024-12-09,12,none,0,0,0.0958
SKU-043,2024-12-16,11,none,0,0,0.1508
SKU-043,2024-12-23,10,none,0,0,0.15
SKU-043,2024-12-30,10,none,0,0,0.128
SKU-044,2022-02-07,11,none,0,0,0.1447
SKU-044,2022-02-14,11,none,0,0,0.1414
SKU-044,2022-02-21,10,none,0,0,0.183
SKU-044,2022-02-28,9,none,0,0,0.1406
SKU-044,2022-03-07,10,none,0,0,0.1879
SKU-044,2022-03-14,12,none,0,0,0.0917
SKU-044,2022-03-21,10,none,0,0,0.1988
SKU-044,2022-03-28,10,none,0,0,0.199
SKU-044,2022-04-04,11,none,0,0,0.1737
SKU-044,2022-04-11,11,none,0,0,0.1831
SKU-044,2022-04-18,12,none,0,0,0.0992
SKU-044,2022-04-25,9,none,0,0,0.1587
SKU-044,2022-05-02,9,none,0,0,0.1708
SKU-044,2022-05-09,9,none,0,0,0.1817
SKU-044,2022-05-16,9,none,0,0,0.1782
SKU-044,2022-05-23,12,none,0,0,0.1117
SKU-044,2022-05-30,9,none,0,0,0.1669
SKU-044,2022-06-06,10,none,0,0,0.2099
SKU-044,2022-06-13,10,none,0,0,0.2088
SKU-044,2022-06-20,9,none,0,0,0.1684
SKU-044,2022-06-27,10,none,0,0,0.2008
SKU-044,2022-07-04,11,none,0,0,0.1837
SKU-044,2022-07-11,11,none,0,0,0.1813
SKU-044,2022-07-18,10,none,0,0,0.2002
SKU-044,2022-07-25,11,none,0,0,0.1771
SKU-044,2022-08-01,10,none,0,0,0.2039
SKU-044,2022-08-08,10,none,0,0,0.2004
SKU-044,2022-08-15,8,none,0,0,0.1038
SKU-044,2022-08-22,10,none,0,0,0.1963
SKU-044,2022-08-29,12,none,0,0,0.1294
SKU-044,2022-09-05,9,none,0,0,0.1743
SKU-044,2022-09-12,10,none,0,0,0.192
SKU-044,2022-09-19,11,none,0,0,0.1513
SKU-044,2022-09-26,10,none,0,0,0.1907
SKU-044,2022-10-03,9,none,0,0,0.1557
SKU-044,2022-10-10,10,none,0,0,0.1954
SKU-044,2022-10-17,9,none,0,0,0.1512
SKU-044,2022-10-24,11,none,0,0,0.1432
SKU-044,2022-10-31,24,business,1,1,-0.154
SKU-044,2022-11-07,9,none,0,0,0.1462
SKU-044,2022-11-14,10,none,0,0,0.1764
SKU-044,2022-11-21,9,none,0,0,0.1265
SKU-044,2022-11-28,11,none,0,0,0.1121
SKU-044,2022-12-05,9,none,0,0,0.1264
SKU-044,2022-12-12,9,none,0,0,0.0881
SKU-044,2022-12-19,10,none,0,0,0.1178
SKU-044,2022-12-26,9,none,0,0,0.0615
SKU-044,2023-01-02,8,none,0,1,-0.0441
SKU-044,2023-01-09,11,none,0,0,0.0795
SKU-044,2023-01-16,12,none,0,0,0.0822
SKU-044,2023-01-23,14,none,0,1,-0.0472
SKU-044,2023-01-30,9,none,0,0,0.1292
SKU-044,2023-02-06,12,none,0,0,0.0858
SKU-044,2023-02-13,9,none,0,0,0.1299
SKU-044,2023-02-20,10,none,0,0,0.183
SKU-044,2023-02-27,10,none,0,0,0.1849
SKU-044,2023-03-06,8,none,0,0,0.0391
SKU-044,2023-03-13,10,none,0,0,0.1932
SKU-044,2023-03-20,10,none,0,0,0.1988
SKU-044,2023-03-27,18,business,1,1,-0.1064
SKU-044,2023-04-03,10,none,0,0,0.1989
SKU-044,2023-04-10,11,none,0,0,0.1831
SKU-044,2023-04-17,10,none,0,0,0.2054
SKU-044,2023-04-24,11,none,0,0,0.1757
SKU-044,2023-05-01,10,none,0,0,0.2131
SKU-044,2023-05-08,11,none,0,0,0.183
SKU-044,2023-05-15,10,none,0,0,0.2037
SKU-044,2023-05-22,9,none,0,0,0.173
SKU-044,2023-05-29,10,none,0,0,0.1942
SKU-044,2023-06-05,9,none,0,0,0.1674
SKU-044,2023-06-12,10,none,0,0,0.2088
SKU-044,2023-06-19,11,none,0,0,0.193
SKU-044,2023-06-26,9,none,0,0,0.1754
SKU-044,2023-07-03,9,none,0,0,0.1707
SKU-044,2023-07-10,12,none,0,0,0.0981
SKU-044,2023-07-17,9,none,0,0,0.1643
SKU-044,2023-07-24,10,none,0,0,0.1959
SKU-044,2023-07-31,9,none,0,0,0.1667
SKU-044,2023-08-07,10,none,0,0,0.2004
SKU-044,2023-08-14,8,none,0,0,0.1038
SKU-044,2023-08-21,12,none,0,0,0.128
SKU-044,2023-08-28,8,none,0,0,0.0589
SKU-044,2023-09-04,10,none,0,0,0.196
SKU-044,2023-09-11,9,none,0,0,0.1821
SKU-044,2023-09-18,21,business,1,1,-0.1181
SKU-044,2023-09-25,10,none,0,0,0.1907
SKU-044,2023-10-02,12,none,0,0,0.092
SKU-044,2023-10-09,11,none,0,0,0.1422
SKU-044,2023-10-16,10,none,0,0,0.2004
SKU-044,2023-10-23,10,none,0,0,0.1944
SKU-044,2023-10-30,10,none,0,0,0.185
SKU-044,2023-11-06,9,none,0,0,0.1462
SKU-044,2023-11-13,11,none,0,0,0.134
SKU-044,2023-11-20,10,none,0,0,0.1579
SKU-044,2023-11-27,10,none,0,0,0.1371
SKU-044,2023-12-04,9,none,0,0,0.1264
SKU-044,2023-12-11,10,none,0,0,0.1287
SKU-044,2023-12-18,10,none,0,0,0.1178
SKU-044,2023-12-25,10,none,0,0,0.0595
SKU-044,2024-01-01,10,none,0,0,0.0741
SKU-044,2024-01-08,9,none,0,0,0.0517
SKU-044,2024-01-15,12,none,0,0,0.0822
SKU-044,2024-01-22,11,none,0,0,0.1153
SKU-044,2024-01-29,9,none,0,0,0.1292
SKU-044,2024-02-05,9,none,0,0,0.1316
SKU-044,2024-02-12,10,none,0,0,0.162
SKU-044,2024-02-19,10,none,0,0,0.183
SKU-044,2024-02-26,8,none,0,0,0.0428
SKU-044,2024-03-04,11,none,0,0,0.1648
SKU-044,2024-03-11,9,none,0,0,0.1418
SKU-044,2024-03-18,11,none,0,0,0.165
SKU-044,2024-03-25,10,none,0,0,0.199
SKU-044,2024-04-01,10,none,0,0,0.1989
SKU-044,2024-04-08,11,none,0,0,0.1831
SKU-044,2024-04-15,10,none,0,0,0.2054
SKU-044,2024-04-22,10,none,0,0,0.2045
SKU-044,2024-04-29,10,none,0,0,0.2131
SKU-044,2024-05-06,9,none,0,0,0.1817
SKU-044,2024-05-13,12,none,0,0,0.1153
SKU-044,2024-05-20,10,none,0,0,0.2059
SKU-044,2024-05-27,11,none,0,0,0.1762
SKU-044,2024-06-03,10,none,0,0,0.2099
SKU-044,2024-06-10,11,none,0,0,0.1852
SKU-044,2024-06-17,11,none,0,0,0.193
SKU-044,2024-06-24,11,none,0,0,0.1883
SKU-044,2024-07-01,10,none,0,0,0.1944
SKU-044,2024-07-08,9,none,0,0,0.1678
SKU-044,2024-07-15,10,none,0,0,0.2002
SKU-044,2024-07-22,11,none,0,0,0.1771
SKU-044,2024-07-29,11,none,0,0,0.1629
SKU-044,2024-08-05,8,none,0,0,0.0677
SKU-044,2024-08-12,12,none,0,0,0.1146
SKU-044,2024-08-19,9,none,0,0,0.165
SKU-044,2024-08-26,10,none,0,0,0.1958
SKU-044,2024-09-02,12,none,0,0,0.1245
SKU-044,2024-09-09,9,none,0,0,0.1821
SKU-044,2024-09-16,9,none,0,0,0.1703
SKU-044,2024-09-23,12,none,0,0,0.1059
SKU-044,2024-09-30,10,none,0,0,0.1875
SKU-044,2024-10-07,10,none,0,0,0.1954
SKU-044,2024-10-14,10,none,0,0,0.2004
SKU-044,2024-10-21,9,none,0,0,0.1477
SKU-044,2024-10-28,11,none,0,0,0.1479
SKU-044,2024-11-04,10,none,0,0,0.1786
SKU-044,2024-11-11,10,none,0,0,0.1764
SKU-044,2024-11-18,11,none,0,0,0.1235
SKU-044,2024-11-25,9,none,0,0,0.1154
SKU-044,2024-12-02,11,none,0,0,0.0958
SKU-044,2024-12-09,10,none,0,0,0.1287
SKU-044,2024-12-16,11,none,0,0,0.045
SKU-044,2024-12-23,9,none,0,0,0.0615
SKU-044,2024-12-30,10,none,0,0,0.0741
SKU-045,2022-02-07,10,none,0,0,0.1904
SKU-045,2022-02-14,9,none,0,0,0.1489
SKU-045,2022-02-21,12,none,0,0,0.0818
SKU-045,2022-02-28,10,none,0,0,0.2114
SKU-045,2022-03-07,10,none,0,0,0.2148
SKU-045,2022-03-14,11,none,0,0,0.1854
SKU-045,2022-03-21,9,none,0,0,0.1748
SKU-045,2022-03-28,9,none,0,0,0.1893
SKU-045,2022-04-04,10,none,0,0,0.2317
SKU-045,2022-04-11,22,business,1,1,-0.0931
SKU-045,2022-04-18,10,none,0,0,0.2278
SKU-045,2022-04-25,11,none,0,0,0.2045
SKU-045,2022-05-02,9,none,0,0,0.1942
SKU-045,2022-05-09,10,none,0,0,0.2335
SKU-045,2022-05-16,12,none,0,0,0.1017
SKU-045,2022-05-23,8,none,0,0,0.1434
SKU-045,2022-05-30,9,none,0,0,0.2017
SKU-045,2022-06-06,11,none,0,0,0.1922
SKU-045,2022-06-13,10,none,0,0,0.2267
SKU-045,2022-06-20,10,none,0,0,0.226
SKU-045,2022-06-27,9,none,0,0,0.2095
SKU-045,2022-07-04,9,none,0,0,0.1998
SKU-045,2022-07-11,10,none,0,0,0.2308
SKU-045,2022-07-18,8,none,0,0,0.1258
SKU-045,2022-07-25,9,none,0,0,0.1981
SKU-045,2022-08-01,11,none,0,0,0.1986
SKU-045,2022-08-08,10,none,0,0,0.2128
SKU-045,2022-08-15,10,none,0,0,0.2195
SKU-045,2022-08-22,9,none,0,0,0.2022
SKU-045,2022-08-29,11,none,0,0,0.2007
SKU-045,2022-09-05,11,none,0,0,0.2066
SKU-045,2022-09-12,10,none,0,0,0.2157
SKU-045,2022-09-19,10,none,0,0,0.2091
SKU-045,2022-09-26,11,none,0,0,0.1897
SKU-045,2022-10-03,8,none,0,0,0.0947
SKU-045,2022-10-10,10,none,0,0,0.2083
SKU-045,2022-10-17,11,none,0,0,0.1755
SKU-045,2022-10-24,10,none,0,0,0.1904
SKU-045,2022-10-31,9,none,0,0,0.1849
SKU-045,2022-11-07,9,none,0,0,0.1927
SKU-045,2022-11-14,10,none,0,0,0.1811
SKU-045,2022-11-21,11,none,0,0,0.1288
SKU-045,2022-11-28,11,none,0,0,0.1294
SKU-045,2022-12-05,9,none,0,0,0.134
SKU-045,2022-12-12,9,none,0,0,0.1244
SKU-045,2022-12-19,10,none,0,0,0.1458
SKU-045,2022-12-26,10,none,0,0,0.0859
SKU-045,2023-01-02,10,none,0,0,0.1061
SKU-045,2023-01-09,10,none,0,0,0.1397
SKU-045,2023-01-16,10,none,0,0,0.1506
SKU-045,2023-01-23,12,none,0,0,0.0658
SKU-045,2023-01-30,9,none,0,0,0.1148
SKU-045,2023-02-06,9,none,0,0,0.1355
SKU-045,2023-02-13,7,none,0,1,-0.012
SKU-045,2023-02-20,10,none,0,0,0.2022
SKU-045,2023-02-27,10,none,0,0,0.2114
SKU-045,2023-03-06,11,none,0,0,0.1793
SKU-045,2023-03-13,9,none,0,0,0.1663
SKU-045,2023-03-20,10,none,0,0,0.2081
SKU-045,2023-03-27,10,none,0,0,0.2249
SKU-045,2023-04-03,9,none,0,0,0.1939
SKU-045,2023-04-10,11,none,0,0,0.1991
SKU-045,2023-04-17,11,none,0,0,0.2027
SKU-045,2023-04-24,8,none,0,0,0.1224
SKU-045,2023-05-01,10,none,0,0,0.2256
SKU-045,2023-05-08,10,none,0,0,0.2335
SKU-045,2023-05-15,9,none,0,0,0.2036
SKU-045,2023-05-22,9,none,0,0,0.2052
SKU-045,2023-05-29,10,none,0,0,0.2187
SKU-045,2023-06-05,8,none,0,0,0.1385
SKU-045,2023-06-12,66,noise,1,1,-0.2067
SKU-045,2023-06-19,11,none,0,0,0.2046
SKU-045,2023-06-26,11,none,0,0,0.2095
SKU-045,2023-07-03,12,none,0,0,0.1092
SKU-045,2023-07-10,10,none,0,0,0.2308
SKU-045,2023-07-17,9,none,0,0,0.1976
SKU-045,2023-07-24,10,none,0,0,0.2254
SKU-045,2023-07-31,10,none,0,0,0.2215
SKU-045,2023-08-07,11,none,0,0,0.205
SKU-045,2023-08-14,9,none,0,0,0.1948
SKU-045,2023-08-21,10,none,0,0,0.2214
SKU-045,2023-08-28,18,business,1,1,-0.0435
SKU-045,2023-09-04,11,none,0,0,0.2066
SKU-045,2023-09-11,9,none,0,0,0.1886
SKU-045,2023-09-18,12,none,0,0,0.1085
SKU-045,2023-09-25,12,none,0,0,0.1048
SKU-045,2023-10-02,9,none,0,0,0.1928
SKU-045,2023-10-09,9,none,0,0,0.1896
SKU-045,2023-10-16,8,none,0,0,0.0868
SKU-045,2023-10-23,9,none,0,0,0.185
SKU-045,2023-10-30,11,none,0,0,0.1654
SKU-045,2023-11-06,11,none,0,0,0.1538
SKU-045,2023-11-13,9,none,0,0,0.1929
SKU-045,2023-11-20,10,none,0,0,0.1708
SKU-045,2023-11-27,10,none,0,0,0.1665
SKU-045,2023-12-04,10,none,0,0,0.1732
SKU-045,2023-12-11,10,none,0,0,0.1641
SKU-045,2023-12-18,9,none,0,0,0.1129
SKU-045,2023-12-25,9,none,0,0,0.0834
SKU-045,2024-01-01,12,none,0,0,0.0077
SKU-045,2024-01-08,10,none,0,0,0.1397
SKU-045,2024-01-15,11,none,0,0,0.1035
SKU-045,2024-01-22,10,none,0,0,0.1535
SKU-045,2024-01-29,11,none,0,0,0.1276
SKU-045,2024-02-05,10,none,0,0,0.1904
SKU-045,2024-02-12,10,none,0,0,0.1873
SKU-045,2024-02-19,11,none,0,0,0.1645
SKU-045,2024-02-26,10,none,0,0,0.2114
SKU-045,2024-03-04,10,none,0,0,0.2148
SKU-045,2024-03-11,11,none,0,0,0.1854
SKU-045,2024-03-18,11,none,0,0,0.1782
SKU-045,2024-03-25,10,none,0,0,0.2249
SKU-045,2024-04-01,10,none,0,0,0.2317
SKU-045,2024-04-08,10,none,0,0,0.2261
SKU-045,2024-04-15,9,none,0,0,0.1976
SKU-045,2024-04-22,10,none,0,0,0.2297
SKU-045,2024-04-29,11,none,0,0,0.1953
SKU-045,2024-05-06,10,none,0,0,0.2335
SKU-045,2024-05-13,11,none,0,0,0.1957
SKU-045,2024-05-20,10,none,0,0,0.2249
SKU-045,2024-05-27,9,none,0,0,0.2017
SKU-045,2024-06-03,10,none,0,0,0.2214
SKU-045,2024-06-10,11,none,0,0,0.2016
SKU-045,2024-06-17,8,none,0,0,0.143
SKU-045,2024-06-24,11,none,0,0,0.2095
SKU-045,2024-07-01,10,none,0,0,0.2256
SKU-045,2024-07-08,8,none,0,0,0.1362
SKU-045,2024-07-15,10,none,0,0,0.2237
SKU-045,2024-07-22,10,none,0,0,0.2254
SKU-045,2024-07-29,9,none,0,0,0.1952
SKU-045,2024-08-05,11,none,0,0,0.205
SKU-045,2024-08-12,11,none,0,0,0.1975
SKU-045,2024-08-19,9,none,0,0,0.2022
SKU-045,2024-08-26,10,none,0,0,0.2164
SKU-045,2024-09-02,9,none,0,0,0.1947
SKU-045,2024-09-09,10,none,0,0,0.2157
SKU-045,2024-09-16,11,none,0,0,0.1947
SKU-045,2024-09-23,9,none,0,0,0.1813
SKU-045,2024-09-30,10,none,0,0,0.2057
SKU-045,2024-10-07,10,none,0,0,0.2083
SKU-045,2024-10-14,9,none,0,0,0.1881
SKU-045,2024-10-21,11,none,0,0,0.1747
SKU-045,2024-10-28,10,none,0,0,0.1861
SKU-045,2024-11-04,9,none,0,0,0.1927
SKU-045,2024-11-11,9,none,0,0,0.1929
SKU-045,2024-11-18,9,none,0,0,0.1654
SKU-045,2024-11-25,11,none,0,0,0.1294
SKU-045,2024-12-02,10,none,0,0,0.1732
SKU-045,2024-12-09,10,none,0,0,0.1641
SKU-045,2024-12-16,10,none,0,0,0.1458
SKU-045,2024-12-23,8,none,0,1,-0.0087
SKU-045,2024-12-30,10,none,0,0,0.1061
SKU-046,2022-02-07,17,none,0,1,-0.004
SKU-046,2022-02-14,16,none,0,0,0.0483
SKU-046,2022-02-21,12,none,0,0,0.1077
SKU-046,2022-02-28,10,none,0,0,0.1424
SKU-046,2022-03-07,9,none,0,0,0.1198
SKU-046,2022-03-14,10,none,0,0,0.1682
SKU-046,2022-03-21,11,none,0,0,0.163
SKU-046,2022-03-28,10,none,0,0,0.1697
SKU-046,2022-04-04,11,none,0,0,0.1724
SKU-046,2022-04-11,10,none,0,0,0.1753
SKU-046,2022-04-18,11,none,0,0,0.1679
SKU-046,2022-04-25,10,none,0,0,0.1726
SKU-046,2022-05-02,11,none,0,0,0.1637
SKU-046,2022-05-09,11,none,0,0,0.1502
SKU-046,2022-05-16,10,none,0,0,0.17
SKU-046,2022-05-23,9,none,0,0,0.1588
SKU-046,2022-05-30,9,none,0,0,0.1436
SKU-046,2022-06-06,7,none,0,0,0.1074
SKU-046,2022-06-13,7,none,0,0,0.1305
SKU-046,2022-06-20,7,none,0,0,0.1205
SKU-046,2022-06-27,8,none,0,0,0.1748
SKU-046,2022-07-04,7,none,0,0,0.1442
SKU-046,2022-07-11,8,none,0,0,0.1709
SKU-046,2022-07-18,7,none,0,0,0.1264
SKU-046,2022-07-25,7,none,0,0,0.136
SKU-046,2022-08-01,7,none,0,0,0.134
SKU-046,2022-08-08,8,none,0,0,0.171
SKU-046,2022-08-15,8,none,0,0,0.1768
SKU-046,2022-08-22,6,none,0,0,0.0289
SKU-046,2022-08-29,7,none,0,0,0.1132
SKU-046,2022-09-05,9,none,0,0,0.1399
SKU-046,2022-09-12,10,none,0,0,0.1684
SKU-046,2022-09-19,10,none,0,0,0.1717
SKU-046,2022-09-26,11,none,0,0,0.1434
SKU-046,2022-10-03,11,none,0,0,0.1601
SKU-046,2022-10-10,9,none,0,0,0.1401
SKU-046,2022-10-17,8,none,0,0,0.0996
SKU-046,2022-10-24,9,none,0,0,0.136
SKU-046,2022-10-31,10,none,0,0,0.1293
SKU-046,2022-11-07,14,none,0,0,0.1208
SKU-046,2022-11-14,14,none,0,0,0.1238
SKU-046,2022-11-21,12,none,0,0,0.1056
SKU-046,2022-11-28,11,none,0,0,0.0744
SKU-046,2022-12-05,17,none,0,1,-0.0166
SKU-046,2022-12-12,15,none,0,0,0.0901
SKU-046,2022-12-19,15,none,0,0,0.0937
SKU-046,2022-12-26,16,none,0,0,0.0035
SKU-046,2023-01-02,13,none,0,0,0.0553
SKU-046,2023-01-09,15,none,0,0,0.0336
SKU-046,2023-01-16,12,none,0,0,0.0734
SKU-046,2023-01-23,15,none,0,0,0.0574
SKU-046,2023-01-30,14,none,0,0,0.0793
SKU-046,2023-02-06,15,none,0,0,0.0976
SKU-046,2023-02-13,13,none,0,0,0.1164
SKU-046,2023-02-20,14,none,0,0,0.0854
SKU-046,2023-02-27,10,none,0,0,0.1424
SKU-046,2023-03-06,9,none,0,0,0.1198
SKU-046,2023-03-13,10,none,0,0,0.1682
SKU-046,2023-03-20,8,none,0,0,0.0731
SKU-046,2023-03-27,11,none,0,0,0.1714
SKU-046,2023-04-03,10,none,0,0,0.1817
SKU-046,2023-04-10,11,none,0,0,0.17
SKU-046,2023-04-17,10,none,0,0,0.1831
SKU-046,2023-04-24,11,none,0,0,0.1628
SKU-046,2023-05-01,11,none,0,0,0.1637
SKU-046,2023-05-08,9,none,0,0,0.1388
SKU-046,2023-05-15,11,none,0,0,0.1416
SKU-046,2023-05-22,10,none,0,0,0.1465
SKU-046,2023-05-29,8,none,0,0,0.1536
SKU-046,2023-06-05,8,none,0,0,0.1601
SKU-046,2023-06-12,7,none,0,0,0.1305
SKU-046,2023-06-19,8,none,0,0,0.1722
SKU-046,2023-06-26,9,none,0,0,0.1352
SKU-046,2023-07-03,7,none,0,0,0.1442
SKU-046,2023-07-10,6,none,0,0,0.0333
SKU-046,2023-07-17,8,none,0,0,0.1651
SKU-046,2023-07-24,9,none,0,0,0.1339
SKU-046,2023-07-31,8,none,0,0,0.1774
SKU-046,2023-08-07,7,none,0,0,0.1393
SKU-046,2023-08-14,8,none,0,0,0.1768
SKU-046,2023-08-21,8,none,0,0,0.1676
SKU-046,2023-08-28,7,none,0,0,0.1132
SKU-046,2023-09-04,11,none,0,0,0.1251
SKU-046,2023-09-11,66,noise,1,1,-0.2172
SKU-046,2023-09-18,10,none,0,0,0.1717
SKU-046,2023-09-25,10,none,0,0,0.1706
SKU-046,2023-10-02,11,none,0,0,0.1601
SKU-046,2023-10-09,8,none,0,0,0.1093
SKU-046,2023-10-16,11,none,0,0,0.1493
SKU-046,2023-10-23,10,none,0,0,0.1577
SKU-046,2023-10-30,9,none,0,0,0.1338
SKU-046,2023-11-06,15,none,0,0,0.0766
SKU-046,2023-11-13,13,none,0,0,0.1089
SKU-046,2023-11-20,13,none,0,0,0.1157
SKU-046,2023-11-27,13,none,0,0,0.1057
SKU-046,2023-12-04,14,none,0,0,0.1208
SKU-046,2023-12-11,14,none,0,0,0.0984
SKU-046,2023-12-18,15,none,0,0,0.0937
SKU-046,2023-12-25,15,none,0,0,0.0674
SKU-046,2024-01-01,13,none,0,0,0.0553
SKU-046,2024-01-08,13,none,0,0,0.0603
SKU-046,2024-01-15,12,none,0,0,0.0734
SKU-046,2024-01-22,11,none,0,0,0.0612
SKU-046,2024-01-29,15,none,0,0,0.0889
SKU-046,2024-02-05,11,none,0,0,0.103
SKU-046,2024-02-12,13,none,0,0,0.1164
SKU-046,2024-02-19,13,none,0,0,0.1064
SKU-046,2024-02-26,10,none,0,0,0.1424
SKU-046,2024-03-04,11,none,0,0,0.1466
SKU-046,2024-03-11,10,none,0,0,0.1682
SKU-046,2024-03-18,40,noise,1,1,-0.1662
SKU-046,2024-03-25,11,none,0,0,0.1714
SKU-046,2024-04-01,10,none,0,0,0.1817
SKU-046,2024-04-08,11,none,0,0,0.17
SKU-046,2024-04-15,10,none,0,0,0.1831
SKU-046,2024-04-22,8,none,0,0,0.1044
SKU-046,2024-04-29,10,none,0,0,0.1645
SKU-046,2024-05-06,10,none,0,0,0.1683
SKU-046,2024-05-13,10,none,0,0,0.17
SKU-046,2024-05-20,9,none,0,0,0.1588
SKU-046,2024-05-27,8,none,0,0,0.1536
SKU-046,2024-06-03,16,business,1,1,-0.0042
SKU-046,2024-06-10,8,none,0,0,0.1625
SKU-046,2024-06-17,8,none,0,0,0.1722
SKU-046,2024-06-24,8,none,0,0,0.1748
SKU-046,2024-07-01,7,none,0,0,0.1442
SKU-046,2024-07-08,7,none,0,0,0.1451
SKU-046,2024-07-15,9,none,0,0,0.1302
SKU-046,2024-07-22,8,none,0,0,0.1741
SKU-046,2024-07-29,8,none,0,0,0.1774
SKU-046,2024-08-05,7,none,0,0,0.1393
SKU-046,2024-08-12,7,none,0,0,0.1275
SKU-046,2024-08-19,8,none,0,0,0.1676
SKU-046,2024-08-26,8,none,0,0,0.151
SKU-046,2024-09-02,10,none,0,0,0.1623
SKU-046,2024-09-09,10,none,0,0,0.1684
SKU-046,2024-09-16,10,none,0,0,0.1717
SKU-046,2024-09-23,10,none,0,0,0.1706
SKU-046,2024-09-30,11,none,0,0,0.1601
SKU-046,2024-10-07,10,none,0,0,0.1641
SKU-046,2024-10-14,11,none,0,0,0.1493
SKU-046,2024-10-21,10,none,0,0,0.1577
SKU-046,2024-10-28,9,none,0,0,0.1338
SKU-046,2024-11-04,14,none,0,0,0.1208
SKU-046,2024-11-11,16,none,0,0,0.0526
SKU-046,2024-11-18,12,none,0,0,0.1056
SKU-046,2024-11-25,14,none,0,0,0.1179
SKU-046,2024-12-02,14,none,0,0,0.1208
SKU-046,2024-12-09,12,none,0,0,0.0658
SKU-046,2024-12-16,12,none,0,0,0.0378
SKU-046,2024-12-23,15,none,0,0,0.0674
SKU-046,2024-12-30,14,none,0,0,0.0092
SKU-047,2022-02-07,8,none,0,0,0.0872
SKU-047,2022-02-14,10,none,0,0,0.1892
SKU-047,2022-02-21,10,none,0,0,0.189
SKU-047,2022-02-28,12,none,0,0,0.1426
SKU-047,2022-03-07,10,none,0,0,0.2069
SKU-047,2022-03-14,10,none,0,0,0.1991
SKU-047,2022-03-21,11,none,0,0,0.1856
SKU-047,2022-03-28,10,none,0,0,0.211
SKU-047,2022-04-04,9,none,0,0,0.2012
SKU-047,2022-04-11,9,none,0,0,0.2033
SKU-047,2022-04-18,9,none,0,0,0.2089
SKU-047,2022-04-25,10,none,0,0,0.2191
SKU-047,2022-05-02,10,none,0,0,0.2179
SKU-047,2022-05-09,10,none,0,0,0.2191
SKU-047,2022-05-16,8,none,0,0,0.1331
SKU-047,2022-05-23,11,none,0,0,0.1964
SKU-047,2022-05-30,11,none,0,0,0.1969
SKU-047,2022-06-06,9,none,0,0,0.2095
SKU-047,2022-06-13,10,none,0,0,0.2145
SKU-047,2022-06-20,10,none,0,0,0.2194
SKU-047,2022-06-27,9,none,0,0,0.2166
SKU-047,2022-07-04,9,none,0,0,0.2091
SKU-047,2022-07-11,9,none,0,0,0.2074
SKU-047,2022-07-18,10,none,0,0,0.2176
SKU-047,2022-07-25,11,none,0,0,0.1835
SKU-047,2022-08-01,9,none,0,0,0.1937
SKU-047,2022-08-08,10,none,0,0,0.2279
SKU-047,2022-08-15,10,none,0,0,0.2306
SKU-047,2022-08-22,12,none,0,0,0.1633
SKU-047,2022-08-29,9,none,0,0,0.1807
SKU-047,2022-09-05,8,none,0,0,0.1059
SKU-047,2022-09-12,8,none,0,0,0.1086
SKU-047,2022-09-19,10,none,0,0,0.2262
SKU-047,2022-09-26,25,business,1,1,-0.0226
SKU-047,2022-10-03,11,none,0,0,0.2098
SKU-047,2022-10-10,10,none,0,0,0.2275
SKU-047,2022-10-17,10,none,0,0,0.2249
SKU-047,2022-10-24,11,none,0,0,0.1986
SKU-047,2022-10-31,10,none,0,0,0.2196
SKU-047,2022-11-07,9,none,0,0,0.1569
SKU-047,2022-11-14,10,none,0,0,0.2141
SKU-047,2022-11-21,10,none,0,0,0.2042
SKU-047,2022-11-28,14,none,0,0,0.0553
SKU-047,2022-12-05,11,none,0,0,0.1723
SKU-047,2022-12-12,10,none,0,0,0.1699
SKU-047,2022-12-19,10,none,0,0,0.1606
SKU-047,2022-12-26,11,none,0,0,0.0776
SKU-047,2023-01-02,9,none,0,0,0.0577
SKU-047,2023-01-09,11,none,0,0,0.08
SKU-047,2023-01-16,10,none,0,0,0.1409
SKU-047,2023-01-23,10,none,0,0,0.1522
SKU-047,2023-01-30,10,none,0,0,0.1669
SKU-047,2023-02-06,10,none,0,0,0.1778
SKU-047,2023-02-13,10,none,0,0,0.1892
SKU-047,2023-02-20,9,none,0,0,0.1568
SKU-047,2023-02-27,11,none,0,0,0.1732
SKU-047,2023-03-06,8,none,0,0,0.115
SKU-047,2023-03-13,11,none,0,0,0.1905
SKU-047,2023-03-20,10,none,0,0,0.2075
SKU-047,2023-03-27,7,none,0,0,0.0345
SKU-047,2023-04-03,10,none,0,0,0.2097
SKU-047,2023-04-10,10,none,0,0,0.2039
SKU-047,2023-04-17,13,none,0,0,0.1116
SKU-047,2023-04-24,11,none,0,0,0.1982
SKU-047,2023-05-01,9,none,0,0,0.208
SKU-047,2023-05-08,13,none,0,0,0.1211
SKU-047,2023-05-15,24,business,1,1,-0.0296
SKU-047,2023-05-22,9,none,0,0,0.2038
SKU-047,2023-05-29,11,none,0,0,0.1969
SKU-047,2023-06-05,10,none,0,0,0.2132
SKU-047,2023-06-12,9,none,0,0,0.2053
SKU-047,2023-06-19,9,none,0,0,0.2069
SKU-047,2023-06-26,9,none,0,0,0.2166
SKU-047,2023-07-03,9,none,0,0,0.2091
SKU-047,2023-07-10,10,none,0,0,0.2161
SKU-047,2023-07-17,10,none,0,0,0.2176
SKU-047,2023-07-24,10,none,0,0,0.2202
SKU-047,2023-07-31,10,none,0,0,0.2293
SKU-047,2023-08-07,10,none,0,0,0.2279
SKU-047,2023-08-14,12,none,0,0,0.1725
SKU-047,2023-08-21,11,none,0,0,0.2072
SKU-047,2023-08-28,10,none,0,0,0.2286
SKU-047,2023-09-04,11,none,0,0,0.2042
SKU-047,2023-09-11,54,noise,1,1,-0.1516
SKU-047,2023-09-18,10,none,0,0,0.2262
SKU-047,2023-09-25,11,none,0,0,0.2081
SKU-047,2023-10-02,11,none,0,0,0.2098
SKU-047,2023-10-09,10,none,0,0,0.2275
SKU-047,2023-10-16,12,none,0,0,0.1432
SKU-047,2023-10-23,9,none,0,0,0.1764
SKU-047,2023-10-30,10,none,0,0,0.2196
SKU-047,2023-11-06,10,none,0,0,0.211
SKU-047,2023-11-13,10,none,0,0,0.2141
SKU-047,2023-11-20,11,none,0,0,0.1847
SKU-047,2023-11-27,10,none,0,0,0.1953
SKU-047,2023-12-04,9,none,0,0,0.1279
SKU-047,2023-12-11,9,none,0,0,0.1169
SKU-047,2023-12-18,10,none,0,0,0.1606
SKU-047,2023-12-25,10,none,0,0,0.1223
SKU-047,2024-01-01,10,none,0,0,0.1013
SKU-047,2024-01-08,10,none,0,0,0.1247
SKU-047,2024-01-15,8,none,0,0,0.0536
SKU-047,2024-01-22,9,none,0,0,0.1141
SKU-047,2024-01-29,12,none,0,0,0.0877
SKU-047,2024-02-05,11,none,0,0,0.1464
SKU-047,2024-02-12,12,none,0,0,0.1102
SKU-047,2024-02-19,11,none,0,0,0.1634
SKU-047,2024-02-26,12,none,0,0,0.1426
SKU-047,2024-03-04,10,none,0,0,0.2069
SKU-047,2024-03-11,11,none,0,0,0.1905
SKU-047,2024-03-18,9,none,0,0,0.1893
SKU-047,2024-03-25,12,none,0,0,0.1458
SKU-047,2024-04-01,8,none,0,0,0.1406
SKU-047,2024-04-08,9,none,0,0,0.2033
SKU-047,2024-04-15,9,none,0,0,0.2089
SKU-047,2024-04-22,21,business,1,1,-0.0013
SKU-047,2024-04-29,11,none,0,0,0.1971
SKU-047,2024-05-06,9,none,0,0,0.2091
SKU-047,2024-05-13,81,noise,1,1,-0.188
SKU-047,2024-05-20,10,none,0,0,0.2141
SKU-047,2024-05-27,10,none,0,0,0.2122
SKU-047,2024-06-03,9,none,0,0,0.2095
SKU-047,2024-06-10,11,none,0,0,0.1829
SKU-047,2024-06-17,10,none,0,0,0.2194
SKU-047,2024-06-24,9,none,0,0,0.2166
SKU-047,2024-07-01,11,none,0,0,0.1804
SKU-047,2024-07-08,12,none,0,0,0.1408
SKU-047,2024-07-15,9,none,0,0,0.2003
SKU-047,2024-07-22,8,none,0,0,0.1032
SKU-047,2024-07-29,10,none,0,0,0.2293
SKU-047,2024-08-05,10,none,0,0,0.2279
SKU-047,2024-08-12,12,none,0,0,0.1725
SKU-047,2024-08-19,11,none,0,0,0.2072
SKU-047,2024-08-26,10,none,0,0,0.2286
SKU-047,2024-09-02,10,none,0,0,0.2297
SKU-047,2024-09-09,9,none,0,0,0.1825
SKU-047,2024-09-16,15,business,1,0,0.0626
SKU-047,2024-09-23,10,none,0,0,0.2233
SKU-047,2024-09-30,10,none,0,0,0.2213
SKU-047,2024-10-07,11,none,0,0,0.2087
SKU-047,2024-10-14,10,none,0,0,0.2249
SKU-047,2024-10-21,9,none,0,0,0.1764
SKU-047,2024-10-28,11,none,0,0,0.1966
SKU-047,2024-11-04,22,business,1,0,0.0068
SKU-047,2024-11-11,10,none,0,0,0.2141
SKU-047,2024-11-18,21,business,1,0,0.0011
SKU-047,2024-11-25,10,none,0,0,0.1953
SKU-047,2024-12-02,11,none,0,0,0.1723
SKU-047,2024-12-09,11,none,0,0,0.1449
SKU-047,2024-12-16,9,none,0,0,0.0891
SKU-047,2024-12-23,10,none,0,0,0.1223
SKU-047,2024-12-30,10,none,0,0,0.1013
SKU-048,2022-02-07,15,none,0,0,0.0915
SKU-048,2022-02-14,14,none,0,0,0.122
SKU-048,2022-02-21,14,none,0,0,0.098
SKU-048,2022-02-28,10,none,0,0,0.1475
SKU-048,2022-03-07,11,none,0,0,0.1546
SKU-048,2022-03-14,11,none,0,0,0.1585
SKU-048,2022-03-21,11,none,0,0,0.1572
SKU-048,2022-03-28,9,none,0,0,0.1635
SKU-048,2022-04-04,63,noise,1,1,-0.1672
SKU-048,2022-04-11,8,none,0,0,0.1068
SKU-048,2022-04-18,11,none,0,0,0.1729
SKU-048,2022-04-25,10,none,0,0,0.1784
SKU-048,2022-05-02,60,noise,1,1,-0.1488
SKU-048,2022-05-09,18,business,1,1,-0.0159
SKU-048,2022-05-16,9,none,0,0,0.1762
SKU-048,2022-05-23,11,none,0,0,0.1367
SKU-048,2022-05-30,8,none,0,0,0.1715
SKU-048,2022-06-06,8,none,0,0,0.1821
SKU-048,2022-06-13,7,none,0,0,0.1665
SKU-048,2022-06-20,7,none,0,0,0.1775
SKU-048,2022-06-27,7,none,0,0,0.1682
SKU-048,2022-07-04,8,none,0,0,0.1807
SKU-048,2022-07-11,8,none,0,0,0.1908
SKU-048,2022-07-18,17,business,1,0,0.0044
SKU-048,2022-07-25,7,none,0,0,0.1666
SKU-048,2022-08-01,9,none,0,0,0.143
SKU-048,2022-08-08,8,none,0,0,0.1852
SKU-048,2022-08-15,6,none,0,0,0.0607
SKU-048,2022-08-22,7,none,0,0,0.1698
SKU-048,2022-08-29,7,none,0,0,0.1461
SKU-048,2022-09-05,12,none,0,0,0.0959
SKU-048,2022-09-12,10,none,0,0,0.1498
SKU-048,2022-09-19,10,none,0,0,0.1509
SKU-048,2022-09-26,11,none,0,0,0.149
SKU-048,2022-10-03,11,none,0,0,0.151
SKU-048,2022-10-10,9,none,0,0,0.1413
SKU-048,2022-10-17,9,none,0,0,0.1441
SKU-048,2022-10-24,9,none,0,0,0.15
SKU-048,2022-10-31,9,none,0,0,0.1242
SKU-048,2022-11-07,11,none,0,0,0.0987
SKU-048,2022-11-14,15,none,0,0,0.1031
SKU-048,2022-11-21,15,none,0,0,0.1228
SKU-048,2022-11-28,12,none,0,0,0.0845
SKU-048,2022-12-05,13,none,0,0,0.125
SKU-048,2022-12-12,15,none,0,0,0.101
SKU-048,2022-12-19,14,none,0,0,0.096
SKU-048,2022-12-26,13,none,0,0,0.0655
SKU-048,2023-01-02,13,none,0,0,0.0372
SKU-048,2023-01-09,16,none,0,1,-0.0106
SKU-048,2023-01-16,12,none,0,0,0.0769
SKU-048,2023-01-23,12,none,0,0,0.0909
SKU-048,2023-01-30,14,none,0,0,0.1032
SKU-048,2023-02-06,15,none,0,0,0.0915
SKU-048,2023-02-13,14,none,0,0,0.122
SKU-048,2023-02-20,15,none,0,0,0.0686
SKU-048,2023-02-27,12,none,0,0,0.1206
SKU-048,2023-03-06,10,none,0,0,0.1675
SKU-048,2023-03-13,9,none,0,0,0.1437
SKU-048,2023-03-20,9,none,0,0,0.1515
SKU-048,2023-03-27,9,none,0,0,0.1635
SKU-048,2023-04-03,10,none,0,0,0.1717
SKU-048,2023-04-10,12,none,0,0,0.1124
SKU-048,2023-04-17,11,none,0,0,0.1729
SKU-048,2023-04-24,10,none,0,0,0.1784
SKU-048,2023-05-01,8,none,0,0,0.1292
SKU-048,2023-05-08,9,none,0,0,0.1791
SKU-048,2023-05-15,10,none,0,0,0.1632
SKU-048,2023-05-22,9,none,0,0,0.1709
SKU-048,2023-05-29,8,none,0,0,0.1715
SKU-048,2023-06-05,8,none,0,0,0.1821
SKU-048,2023-06-12,7,none,0,0,0.1665
SKU-048,2023-06-19,7,none,0,0,0.1775
SKU-048,2023-06-26,7,none,0,0,0.1682
SKU-048,2023-07-03,7,none,0,0,0.1527
SKU-048,2023-07-10,8,none,0,0,0.1908
SKU-048,2023-07-17,8,none,0,0,0.1927
SKU-048,2023-07-24,7,none,0,0,0.1666
SKU-048,2023-07-31,16,business,1,0,0.0251
SKU-048,2023-08-07,7,none,0,0,0.159
SKU-048,2023-08-14,8,none,0,0,0.1703
SKU-048,2023-08-21,7,none,0,0,0.1698
SKU-048,2023-08-28,8,none,0,0,0.1574
SKU-048,2023-09-04,11,none,0,0,0.1355
SKU-048,2023-09-11,9,none,0,0,0.1472
SKU-048,2023-09-18,12,none,0,0,0.1082
SKU-048,2023-09-25,10,none,0,0,0.1519
SKU-048,2023-10-02,8,none,0,0,0.0883
SKU-048,2023-10-09,11,none,0,0,0.15
SKU-048,2023-10-16,11,none,0,0,0.1533
SKU-048,2023-10-23,9,none,0,0,0.15
SKU-048,2023-10-30,17,business,1,0,0.0069
SKU-048,2023-11-06,14,none,0,0,0.1237
SKU-048,2023-11-13,13,none,0,0,0.1219
SKU-048,2023-11-20,15,none,0,0,0.1228
SKU-048,2023-11-27,12,none,0,0,0.0845
SKU-048,2023-12-04,15,none,0,0,0.0955
SKU-048,2023-12-11,17,none,0,1,-0.005
SKU-048,2023-12-18,14,none,0,0,0.096
SKU-048,2023-12-25,13,none,0,0,0.0655
SKU-048,2024-01-01,13,none,0,0,0.0372
SKU-048,2024-01-08,14,none,0,0,0.0742
SKU-048,2024-01-15,14,none,0,0,0.0951
SKU-048,2024-01-22,14,none,0,0,0.0997
SKU-048,2024-01-29,12,none,0,0,0.1
SKU-048,2024-02-05,15,none,0,0,0.0915
SKU-048,2024-02-12,12,none,0,0,0.1073
SKU-048,2024-02-19,11,none,0,0,0.1234
SKU-048,2024-02-26,9,none,0,0,0.1079
SKU-048,2024-03-04,10,none,0,0,0.1675
SKU-048,2024-03-11,10,none,0,0,0.1649
SKU-048,2024-03-18,10,none,0,0,0.1676
SKU-048,2024-03-25,10,none,0,0,0.1732
SKU-048,2024-04-01,11,none,0,0,0.1663
SKU-048,2024-04-08,10,none,0,0,0.1754
SKU-048,2024-04-15,9,none,0,0,0.166
SKU-048,2024-04-22,11,none,0,0,0.1643
SKU-048,2024-04-29,10,none,0,0,0.1686
SKU-048,2024-05-06,9,none,0,0,0.1791
SKU-048,2024-05-13,11,none,0,0,0.148
SKU-048,2024-05-20,10,none,0,0,0.1496
SKU-048,2024-05-27,9,none,0,0,0.1548
SKU-048,2024-06-03,7,none,0,0,0.1419
SKU-048,2024-06-10,7,none,0,0,0.1665
SKU-048,2024-06-17,7,none,0,0,0.1775
SKU-048,2024-06-24,8,none,0,0,0.173
SKU-048,2024-07-01,6,none,0,0,0.0376
SKU-048,2024-07-08,8,none,0,0,0.1908
SKU-048,2024-07-15,8,none,0,0,0.1927
SKU-048,2024-07-22,8,none,0,0,0.1925
SKU-048,2024-07-29,8,none,0,0,0.1882
SKU-048,2024-08-05,8,none,0,0,0.1852
SKU-048,2024-08-12,7,none,0,0,0.1624
SKU-048,2024-08-19,7,none,0,0,0.1698
SKU-048,2024-08-26,6,none,0,0,0.0477
SKU-048,2024-09-02,10,none,0,0,0.14
SKU-048,2024-09-09,7,none,0,0,0.0997
SKU-048,2024-09-16,9,none,0,0,0.144
SKU-048,2024-09-23,8,none,0,0,0.1135
SKU-048,2024-09-30,10,none,0,0,0.1497
SKU-048,2024-10-07,10,none,0,0,0.1393
SKU-048,2024-10-14,11,none,0,0,0.1533
SKU-048,2024-10-21,9,none,0,0,0.15
SKU-048,2024-10-28,9,none,0,0,0.1242
SKU-048,2024-11-04,14,none,0,0,0.1237
SKU-048,2024-11-11,14,none,0,0,0.1199
SKU-048,2024-11-18,13,none,0,0,0.1189
SKU-048,2024-11-25,16,none,0,0,0.052
SKU-048,2024-12-02,13,none,0,0,0.125
SKU-048,2024-12-09,15,none,0,0,0.101
SKU-048,2024-12-16,13,none,0,0,0.0809
SKU-048,2024-12-23,14,none,0,0,0.0293
SKU-048,2024-12-30,13,none,0,0,0.0372
SKU-049,2022-02-07,11,none,0,0,0.1684
SKU-049,2022-02-14,10,none,0,0,0.1995
SKU-049,2022-02-21,9,none,0,0,0.1883
SKU-049,2022-02-28,10,none,0,0,0.2152
SKU-049,2022-03-07,18,business,1,1,-0.0006
SKU-049,2022-03-14,10,none,0,0,0.2249
SKU-049,2022-03-21,10,none,0,0,0.2203
SKU-049,2022-03-28,11,none,0,0,0.2036
SKU-049,2022-04-04,10,none,0,0,0.22
SKU-049,2022-04-11,9,none,0,0,0.1901
SKU-049,2022-04-18,11,none,0,0,0.2077
SKU-049,2022-04-25,11,none,0,0,0.2066
SKU-049,2022-05-02,9,none,0,0,0.2091
SKU-049,2022-05-09,9,none,0,0,0.2174
SKU-049,2022-05-16,9,none,0,0,0.2174
SKU-049,2022-05-23,10,none,0,0,0.2241
SKU-049,2022-05-30,11,none,0,0,0.1968
SKU-049,2022-06-06,10,none,0,0,0.2318
SKU-049,2022-06-13,10,none,0,0,0.2312
SKU-049,2022-06-20,12,none,0,0,0.159
SKU-049,2022-06-27,8,none,0,0,0.1566
SKU-049,2022-07-04,10,none,0,0,0.2315
SKU-049,2022-07-11,8,none,0,0,0.1526
SKU-049,2022-07-18,10,none,0,0,0.2334
SKU-049,2022-07-25,10,none,0,0,0.2275
SKU-049,2022-08-01,9,none,0,0,0.1891
SKU-049,2022-08-08,10,none,0,0,0.2302
SKU-049,2022-08-15,13,none,0,0,0.0842
SKU-049,2022-08-22,7,none,0,0,0.0954
SKU-049,2022-08-29,10,none,0,0,0.2339
SKU-049,2022-09-05,10,none,0,0,0.2258
SKU-049,2022-09-12,11,none,0,0,0.2102
SKU-049,2022-09-19,11,none,0,0,0.2191
SKU-049,2022-09-26,10,none,0,0,0.218
SKU-049,2022-10-03,9,none,0,0,0.2009
SKU-049,2022-10-10,9,none,0,0,0.2065
SKU-049,2022-10-17,9,none,0,0,0.2024
SKU-049,2022-10-24,10,none,0,0,0.2284
SKU-049,2022-10-31,9,none,0,0,0.2011
SKU-049,2022-11-07,11,none,0,0,0.1938
SKU-049,2022-11-14,9,none,0,0,0.1966
SKU-049,2022-11-21,19,business,1,1,-0.0045
SKU-049,2022-11-28,11,none,0,0,0.1874
SKU-049,2022-12-05,11,none,0,0,0.1732
SKU-049,2022-12-12,11,none,0,0,0.1514
SKU-049,2022-12-19,9,none,0,0,0.1267
SKU-049,2022-12-26,10,none,0,0,0.1146
SKU-049,2023-01-02,11,none,0,0,0.0778
SKU-049,2023-01-09,9,none,0,0,0.1248
SKU-049,2023-01-16,12,none,0,0,0.0525
SKU-049,2023-01-23,10,none,0,0,0.169
SKU-049,2023-01-30,9,none,0,0,0.1575
SKU-049,2023-02-06,11,none,0,0,0.1684
SKU-049,2023-02-13,9,none,0,0,0.1833
SKU-049,2023-02-20,10,none,0,0,0.2104
SKU-049,2023-02-27,9,none,0,0,0.1907
SKU-049,2023-03-06,9,none,0,0,0.1893
SKU-049,2023-03-13,10,none,0,0,0.2249
SKU-049,2023-03-20,28,business,1,1,-0.0642
SKU-049,2023-03-27,23,business,1,0,0.0006
SKU-049,2023-04-03,11,none,0,0,0.2145
SKU-049,2023-04-10,10,none,0,0,0.2194
SKU-049,2023-04-17,11,none,0,0,0.2077
SKU-049,2023-04-24,12,none,0,0,0.1167
SKU-049,2023-05-01,9,none,0,0,0.2091
SKU-049,2023-05-08,9,none,0,0,0.2174
SKU-049,2023-05-15,11,none,0,0,0.2033
SKU-049,2023-05-22,11,none,0,0,0.2097
SKU-049,2023-05-29,9,none,0,0,0.2005
SKU-049,2023-06-05,10,none,0,0,0.2318
SKU-049,2023-06-12,9,none,0,0,0.2047
SKU-049,2023-06-19,12,none,0,0,0.159
SKU-049,2023-06-26,8,none,0,0,0.1566
SKU-049,2023-07-03,25,business,1,0,0.001
SKU-049,2023-07-10,10,none,0,0,0.2419
SKU-049,2023-07-17,11,none,0,0,0.1955
SKU-049,2023-07-24,9,none,0,0,0.1868
SKU-049,2023-07-31,10,none,0,0,0.2314
SKU-049,2023-08-07,10,none,0,0,0.2302
SKU-049,2023-08-14,9,none,0,0,0.1807
SKU-049,2023-08-21,8,none,0,0,0.1618
SKU-049,2023-08-28,10,none,0,0,0.2339
SKU-049,2023-09-04,11,none,0,0,0.2167
SKU-049,2023-09-11,7,none,0,0,0.0884
SKU-049,2023-09-18,11,none,0,0,0.2191
SKU-049,2023-09-25,10,none,0,0,0.218
SKU-049,2023-10-02,10,none,0,0,0.2202
SKU-049,2023-10-09,11,none,0,0,0.2071
SKU-049,2023-10-16,10,none,0,0,0.2232
SKU-049,2023-10-23,10,none,0,0,0.2284
SKU-049,2023-10-30,10,none,0,0,0.2278
SKU-049,2023-11-06,10,none,0,0,0.2183
SKU-049,2023-11-13,9,none,0,0,0.1966
SKU-049,2023-11-20,9,none,0,0,0.1832
SKU-049,2023-11-27,9,none,0,0,0.1671
SKU-049,2023-12-04,10,none,0,0,0.1764
SKU-049,2023-12-11,10,none,0,0,0.1737
SKU-049,2023-12-18,8,none,0,0,0.0482
SKU-049,2023-12-25,11,none,0,0,0.126
SKU-049,2024-01-01,9,none,0,0,0.0625
SKU-049,2024-01-08,9,none,0,0,0.1248
SKU-049,2024-01-15,10,none,0,0,0.1425
SKU-049,2024-01-22,10,none,0,0,0.169
SKU-049,2024-01-29,10,none,0,0,0.1832
SKU-049,2024-02-05,9,none,0,0,0.1717
SKU-049,2024-02-12,11,none,0,0,0.1674
SKU-049,2024-02-19,10,none,0,0,0.2104
SKU-049,2024-02-26,11,none,0,0,0.1763
SKU-049,2024-03-04,10,none,0,0,0.2156
SKU-049,2024-03-11,10,none,0,0,0.2249
SKU-049,2024-03-18,8,none,0,0,0.1014
SKU-049,2024-03-25,9,none,0,0,0.1952
SKU-049,2024-04-01,11,none,0,0,0.2145
SKU-049,2024-04-08,10,none,0,0,0.2194
SKU-049,2024-04-15,11,none,0,0,0.2077
SKU-049,2024-04-22,10,none,0,0,0.2155
SKU-049,2024-04-29,10,none,0,0,0.2115
SKU-049,2024-05-06,8,none,0,0,0.116
SKU-049,2024-05-13,9,none,0,0,0.2174
SKU-049,2024-05-20,11,none,0,0,0.2097
SKU-049,2024-05-27,10,none,0,0,0.2234
SKU-049,2024-06-03,9,none,0,0,0.2035
SKU-049,2024-06-10,11,none,0,0,0.1975
SKU-049,2024-06-17,10,none,0,0,0.2255
SKU-049,2024-06-24,12,none,0,0,0.1448
SKU-049,2024-07-01,9,none,0,0,0.1996
SKU-049,2024-07-08,10,none,0,0,0.2419
SKU-049,2024-07-15,10,none,0,0,0.2334
SKU-049,2024-07-22,11,none,0,0,0.1986
SKU-049,2024-07-29,10,none,0,0,0.2314
SKU-049,2024-08-05,50,noise,1,1,-0.1604
SKU-049,2024-08-12,25,business,1,0,0.0113
SKU-049,2024-08-19,10,none,0,0,0.225
SKU-049,2024-08-26,11,none,0,0,0.2086
SKU-049,2024-09-02,8,none,0,0,0.1678
SKU-049,2024-09-09,10,none,0,0,0.2209
SKU-049,2024-09-16,11,none,0,0,0.2191
SKU-049,2024-09-23,8,none,0,0,0.1523
SKU-049,2024-09-30,11,none,0,0,0.2091
SKU-049,2024-10-07,9,none,0,0,0.2065
SKU-049,2024-10-14,12,none,0,0,0.1291
SKU-049,2024-10-21,11,none,0,0,0.2036
SKU-049,2024-10-28,10,none,0,0,0.2278
SKU-049,2024-11-04,9,none,0,0,0.2045
SKU-049,2024-11-11,23,business,1,1,-0.0202
SKU-049,2024-11-18,12,none,0,0,0.1199
SKU-049,2024-11-25,11,none,0,0,0.1874
SKU-049,2024-12-02,9,none,0,0,0.1521
SKU-049,2024-12-09,10,none,0,0,0.1737
SKU-049,2024-12-16,10,none,0,0,0.1526
SKU-049,2024-12-23,11,none,0,0,0.126
SKU-049,2024-12-30,11,none,0,0,0.0778
SKU-050,2022-02-07,14,none,0,0,0.1964
SKU-050,2022-02-14,15,none,0,0,0.1581
SKU-050,2022-02-21,14,none,0,0,0.1957
SKU-050,2022-02-28,10,none,0,0,0.2135
SKU-050,2022-03-07,23,business,1,0,0.0273
SKU-050,2022-03-14,10,none,0,0,0.2445
SKU-050,2022-03-21,10,none,0,0,0.2459
SKU-050,2022-03-28,88,noise,1,1,-0.0937
SKU-050,2022-04-04,10,none,0,0,0.2549
SKU-050,2022-04-11,10,none,0,0,0.2532
SKU-050,2022-04-18,11,none,0,0,0.2425
SKU-050,2022-04-25,11,none,0,0,0.2445
SKU-050,2022-05-02,9,none,0,0,0.2363
SKU-050,2022-05-09,9,none,0,0,0.2311
SKU-050,2022-05-16,9,none,0,0,0.2309
SKU-050,2022-05-23,11,none,0,0,0.2139
SKU-050,2022-05-30,7,none,0,0,0.2158
SKU-050,2022-06-06,6,none,0,0,0.1601
SKU-050,2022-06-13,8,none,0,0,0.2342
SKU-050,2022-06-20,14,business,1,0,0.1367
SKU-050,2022-06-27,7,none,0,0,0.2383
SKU-050,2022-07-04,7,none,0,0,0.2262
SKU-050,2022-07-11,42,noise,1,1,-0.0454
SKU-050,2022-07-18,6,none,0,0,0.1673
SKU-050,2022-07-25,8,none,0,0,0.2445
SKU-050,2022-08-01,8,none,0,0,0.249
SKU-050,2022-08-08,6,none,0,0,0.148
SKU-050,2022-08-15,8,none,0,0,0.248
SKU-050,2022-08-22,8,none,0,0,0.2444
SKU-050,2022-08-29,7,none,0,0,0.2025
SKU-050,2022-09-05,9,none,0,0,0.2394
SKU-050,2022-09-12,9,none,0,0,0.2326
SKU-050,2022-09-19,10,none,0,0,0.2434
SKU-050,2022-09-26,99,noise,1,1,-0.1249
SKU-050,2022-10-03,9,none,0,0,0.2391
SKU-050,2022-10-10,21,business,1,0,0.0512
SKU-050,2022-10-17,9,none,0,0,0.2324
SKU-050,2022-10-24,11,none,0,0,0.2139
SKU-050,2022-10-31,12,none,0,0,0.2016
SKU-050,2022-11-07,15,none,0,0,0.1886
SKU-050,2022-11-14,13,none,0,0,0.2098
SKU-050,2022-11-21,14,none,0,0,0.2076
SKU-050,2022-11-28,13,none,0,0,0.1971
SKU-050,2022-12-05,14,none,0,0,0.1973
SKU-050,2022-12-12,12,none,0,0,0.1505
SKU-050,2022-12-19,14,none,0,0,0.1627
SKU-050,2022-12-26,30,business,1,1,-0.0308
SKU-050,2023-01-02,12,none,0,0,0.0839
SKU-050,2023-01-09,13,none,0,0,0.1372
SKU-050,2023-01-16,15,none,0,0,0.1236
SKU-050,2023-01-23,84,noise,1,1,-0.0993
SKU-050,2023-01-30,14,none,0,0,0.1855
SKU-050,2023-02-06,13,none,0,0,0.1943
SKU-050,2023-02-13,12,none,0,0,0.1934
SKU-050,2023-02-20,15,none,0,0,0.157
SKU-050,2023-02-27,10,none,0,0,0.2135
SKU-050,2023-03-06,11,none,0,0,0.2256
SKU-050,2023-03-13,10,none,0,0,0.2445
SKU-050,2023-03-20,10,none,0,0,0.2459
SKU-050,2023-03-27,11,none,0,0,0.2241
SKU-050,2023-04-03,10,none,0,0,0.2549
SKU-050,2023-04-10,11,none,0,0,0.2343
SKU-050,2023-04-17,9,none,0,0,0.2208
SKU-050,2023-04-24,10,none,0,0,0.2465
SKU-050,2023-05-01,9,none,0,0,0.2363
SKU-050,2023-05-08,12,none,0,0,0.2167
SKU-050,2023-05-15,12,none,0,0,0.213
SKU-050,2023-05-22,12,none,0,0,0.2099
SKU-050,2023-05-29,8,none,0,0,0.217
SKU-050,2023-06-05,6,none,0,0,0.1601
SKU-050,2023-06-12,7,none,0,0,0.2341
SKU-050,2023-06-19,7,none,0,0,0.2318
SKU-050,2023-06-26,8,none,0,0,0.2409
SKU-050,2023-07-03,8,none,0,0,0.2351
SKU-050,2023-07-10,8,none,0,0,0.236
SKU-050,2023-07-17,6,none,0,0,0.1673
SKU-050,2023-07-24,7,none,0,0,0.2288
SKU-050,2023-07-31,7,none,0,0,0.2294
SKU-050,2023-08-07,7,none,0,0,0.2296
SKU-050,2023-08-14,8,none,0,0,0.248
SKU-050,2023-08-21,7,none,0,0,0.2148
SKU-050,2023-08-28,8,none,0,0,0.2261
SKU-050,2023-09-04,10,none,0,0,0.2247
SKU-050,2023-09-11,10,none,0,0,0.2364
SKU-050,2023-09-18,10,none,0,0,0.2434
SKU-050,2023-09-25,10,none,0,0,0.2359
SKU-050,2023-10-02,8,none,0,0,0.2079
SKU-050,2023-10-09,10,none,0,0,0.2334
SKU-050,2023-10-16,9,none,0,0,0.2324
SKU-050,2023-10-23,10,none,0,0,0.2239
SKU-050,2023-10-30,9,none,0,0,0.2038
SKU-050,2023-11-06,12,none,0,0,0.2053
SKU-050,2023-11-13,11,none,0,0,0.1855
SKU-050,2023-11-20,15,none,0,0,0.1982
SKU-050,2023-11-27,16,none,0,0,0.1221
SKU-050,2023-12-04,15,none,0,0,0.1821
SKU-050,2023-12-11,15,none,0,0,0.1707
SKU-050,2023-12-18,15,none,0,0,0.1642
SKU-050,2023-12-25,14,none,0,0,0.1387
SKU-050,2024-01-01,14,none,0,0,0.1228
SKU-050,2024-01-08,14,none,0,0,0.1528
SKU-050,2024-01-15,14,none,0,0,0.1618
SKU-050,2024-01-22,13,none,0,0,0.1502
SKU-050,2024-01-29,15,none,0,0,0.1491
SKU-050,2024-02-05,12,none,0,0,0.1858
SKU-050,2024-02-12,11,none,0,0,0.1887
SKU-050,2024-02-19,13,none,0,0,0.196
SKU-050,2024-02-26,7,none,0,0,0.1026
SKU-050,2024-03-04,9,none,0,0,0.1997
SKU-050,2024-03-11,9,none,0,0,0.2088
SKU-050,2024-03-18,10,none,0,0,0.2459
SKU-050,2024-03-25,10,none,0,0,0.2467
SKU-050,2024-04-01,9,none,0,0,0.2215
SKU-050,2024-04-08,10,none,0,0,0.2532
SKU-050,2024-04-15,11,none,0,0,0.2425
SKU-050,2024-04-22,11,none,0,0,0.2445
SKU-050,2024-04-29,10,none,0,0,0.2402
SKU-050,2024-05-06,12,none,0,0,0.2167
SKU-050,2024-05-13,10,none,0,0,0.234
SKU-050,2024-05-20,12,none,0,0,0.2099
SKU-050,2024-05-27,7,none,0,0,0.2158
SKU-050,2024-06-03,8,none,0,0,0.2276
SKU-050,2024-06-10,7,none,0,0,0.2341
SKU-050,2024-06-17,8,none,0,0,0.2388
SKU-050,2024-06-24,7,none,0,0,0.2383
SKU-050,2024-07-01,9,none,0,0,0.2062
SKU-050,2024-07-08,7,none,0,0,0.2304
SKU-050,2024-07-15,19,business,1,0,0.0584
SKU-050,2024-07-22,8,none,0,0,0.2445
SKU-050,2024-07-29,8,none,0,0,0.249
SKU-050,2024-08-05,9,none,0,0,0.2157
SKU-050,2024-08-12,7,none,0,0,0.2194
SKU-050,2024-08-19,8,none,0,0,0.2444
SKU-050,2024-08-26,7,none,0,0,0.2025
SKU-050,2024-09-02,9,none,0,0,0.2394
SKU-050,2024-09-09,12,none,0,0,0.1759
SKU-050,2024-09-16,10,none,0,0,0.2434
SKU-050,2024-09-23,9,none,0,0,0.2308
SKU-050,2024-09-30,10,none,0,0,0.2361
SKU-050,2024-10-07,11,none,0,0,0.216
SKU-050,2024-10-14,8,none,0,0,0.1944
SKU-050,2024-10-21,9,none,0,0,0.217
SKU-050,2024-10-28,10,none,0,0,0.2154
SKU-050,2024-11-04,14,none,0,0,0.2044
SKU-050,2024-11-11,15,none,0,0,0.196
SKU-050,2024-11-18,26,business,1,0,0.0369
SKU-050,2024-11-25,14,none,0,0,0.2008
SKU-050,2024-12-02,13,none,0,0,0.1911
SKU-050,2024-12-09,13,none,0,0,0.1857
SKU-050,2024-12-16,15,none,0,0,0.1642
SKU-050,2024-12-23,13,none,0,0,0.1208
SKU-050,2024-12-30,16,none,0,0,0.0518
